Date,Open,High,Low,Close,Volume,Ticker
04-01-2006,10.73,10.85,10.64,10.71,155225609,AAPL
05-01-2006,10.69,10.7,10.54,10.63,112396081,AAPL
06-01-2006,10.75,10.96,10.65,10.9,176139334,AAPL
09-01-2006,10.96,11.03,10.82,10.86,168861224,AAPL
10-01-2006,10.89,11.7,10.83,11.55,570088246,AAPL
11-01-2006,11.98,12.11,11.8,11.99,373548882,AAPL
12-01-2006,12.14,12.34,11.95,12.04,320201966,AAPL
13-01-2006,12.14,12.29,12.09,12.23,194153393,AAPL
17-01-2006,12.24,12.34,11.98,12.1,209215265,AAPL
18-01-2006,11.87,12.01,11.69,11.78,303279501,AAPL
19-01-2006,11.61,11.67,11.25,11.29,424100026,AAPL
20-01-2006,11.33,11.43,10.83,10.87,284634847,AAPL
23-01-2006,10.87,11.37,10.86,11.1,264942587,AAPL
24-01-2006,11.25,11.35,10.82,10.86,285661873,AAPL
25-01-2006,11.06,11.07,10.46,10.6,319019939,AAPL
26-01-2006,10.65,10.78,10.28,10.33,295599087,AAPL
27-01-2006,10.42,10.51,10.16,10.29,238597205,AAPL
30-01-2006,10.17,10.94,10.12,10.71,349600251,AAPL
31-01-2006,10.79,10.91,10.54,10.79,228385745,AAPL
01-02-2006,10.71,10.92,10.66,10.77,130335751,AAPL
02-02-2006,10.73,10.77,10.29,10.3,176898442,AAPL
03-02-2006,10.32,10.4,10.15,10.26,173040616,AAPL
06-02-2006,10.29,10.36,9.53,9.61,413058506,AAPL
07-02-2006,9.75,9.93,9.53,9.66,347308367,AAPL
08-02-2006,9.78,9.87,9.43,9.83,238316400,AAPL
09-02-2006,9.87,9.89,9.22,9.28,287548464,AAPL
10-02-2006,9.31,9.67,8.99,9.62,440118924,AAPL
13-02-2006,9.52,9.54,9.23,9.24,220907862,AAPL
14-02-2006,9.3,9.73,9.29,9.66,290278597,AAPL
15-02-2006,9.59,9.95,9.54,9.89,290010133,AAPL
16-02-2006,9.99,10.14,9.93,10.08,238485674,AAPL
17-02-2006,10.04,10.13,9.94,10.04,143999667,AAPL
21-02-2006,10.08,10.11,9.81,9.87,194941775,AAPL
22-02-2006,9.86,10.24,9.71,10.19,244625822,AAPL
23-02-2006,10.26,10.43,10.2,10.25,214376771,AAPL
24-02-2006,10.31,10.41,10.17,10.21,133695940,AAPL
27-02-2006,10.28,10.3,10.09,10.14,197844178,AAPL
28-02-2006,10.23,10.34,9.73,9.78,316873795,AAPL
01-03-2006,9.83,9.93,9.72,9.87,190969667,AAPL
02-03-2006,9.86,10,9.81,9.94,156396212,AAPL
03-03-2006,9.91,9.99,9.65,9.67,184453752,AAPL
06-03-2006,9.67,9.67,9.28,9.35,228326098,AAPL
07-03-2006,9.39,9.56,9.3,9.47,218252139,AAPL
08-03-2006,9.47,9.6,9.34,9.38,163362941,AAPL
09-03-2006,9.43,9.5,9.12,9.13,200066888,AAPL
10-03-2006,9.14,9.21,8.92,9.03,260848945,AAPL
13-03-2006,9.29,9.47,9.26,9.38,215353642,AAPL
14-03-2006,9.4,9.62,9.36,9.62,160606033,AAPL
15-03-2006,9.67,9.72,9.36,9.46,223075713,AAPL
16-03-2006,9.55,9.56,9.19,9.19,187491724,AAPL
17-03-2006,9.25,9.36,9.16,9.24,203339045,AAPL
20-03-2006,9.32,9.35,9.12,9.14,151394348,AAPL
21-03-2006,9.18,9.19,8.77,8.83,336340998,AAPL
22-03-2006,8.88,9.04,8.75,8.81,336610162,AAPL
23-03-2006,8.83,8.84,8.52,8.59,357384216,AAPL
24-03-2006,8.61,8.71,8.43,8.57,268055312,AAPL
27-03-2006,8.62,8.77,8.49,8.5,277211795,AAPL
28-03-2006,8.52,8.59,8.32,8.39,342609232,AAPL
29-03-2006,8.45,8.93,8.24,8.9,586873056,AAPL
30-03-2006,8.97,9.04,8.79,8.96,347752734,AAPL
31-03-2006,9.04,9.09,8.89,8.96,203795606,AAPL
03-04-2006,9.1,9.16,8.94,8.95,204050861,AAPL
04-04-2006,8.87,8.89,8.72,8.74,233062347,AAPL
05-04-2006,9.24,9.6,9.16,9.6,558735429,AAPL
06-04-2006,9.76,10.29,9.74,10.18,666021972,AAPL
07-04-2006,10.13,10.17,9.78,9.97,386345799,AAPL
10-04-2006,10.04,10.13,9.78,9.81,226013844,AAPL
11-04-2006,9.86,9.9,9.58,9.71,234875172,AAPL
12-04-2006,9.72,9.74,9.47,9.53,185108441,AAPL
13-04-2006,9.48,9.63,9.4,9.5,183726809,AAPL
17-04-2006,9.5,9.55,9.19,9.26,180579238,AAPL
18-04-2006,9.29,9.5,9.26,9.46,198762067,AAPL
19-04-2006,9.55,9.57,9.35,9.38,273009513,AAPL
20-04-2006,9.93,10,9.46,9.66,416848656,AAPL
21-04-2006,9.74,9.81,9.5,9.58,197305073,AAPL
24-04-2006,9.55,9.56,9.36,9.39,176786477,AAPL
25-04-2006,9.42,9.51,9.37,9.45,132274121,AAPL
26-04-2006,9.52,9.75,9.49,9.74,177740101,AAPL
27-04-2006,9.68,9.98,9.62,9.91,211504636,AAPL
28-04-2006,9.91,10.19,9.89,10.06,190039059,AAPL
01-05-2006,10.11,10.22,9.88,9.94,187648454,AAPL
02-05-2006,10.02,10.28,10.02,10.23,192989167,AAPL
03-05-2006,10.26,10.28,10.03,10.16,171823547,AAPL
04-05-2006,10.17,10.41,10.07,10.16,215121025,AAPL
05-05-2006,10.27,10.32,10.16,10.27,140991494,AAPL
08-05-2006,10.43,10.54,10.25,10.27,148733466,AAPL
09-05-2006,10.26,10.37,10.09,10.15,132929601,AAPL
10-05-2006,10.18,10.19,9.94,10.09,116871398,AAPL
11-05-2006,10.11,10.12,9.65,9.74,203225876,AAPL
12-05-2006,9.69,9.81,9.55,9.67,160487649,AAPL
15-05-2006,9.62,9.77,9.59,9.68,132447357,AAPL
16-05-2006,9.73,9.75,9.25,9.28,234296020,AAPL
17-05-2006,9.24,9.39,9.15,9.32,188588022,AAPL
18-05-2006,9.38,9.47,9.02,9.03,164673677,AAPL
19-05-2006,9.04,9.27,8.97,9.22,246551102,AAPL
22-05-2006,9.12,9.14,8.97,9.05,179765600,AAPL
23-05-2006,9.27,9.31,9,9.02,173698427,AAPL
24-05-2006,9,9.09,8.79,9.05,229060643,AAPL
25-05-2006,9.18,9.21,9.04,9.19,115943233,AAPL
26-05-2006,9.19,9.22,9.02,9.08,108253677,AAPL
30-05-2006,9.04,9.04,8.75,8.75,140877366,AAPL
31-05-2006,8.82,8.83,8.38,8.54,320287275,AAPL
01-06-2006,8.55,8.9,8.5,8.88,235683301,AAPL
02-06-2006,8.92,9.01,8.7,8.81,171477040,AAPL
05-06-2006,8.74,8.74,8.57,8.57,151478782,AAPL
06-06-2006,8.6,8.66,8.42,8.53,181533156,AAPL
07-06-2006,8.59,8.63,8.34,8.37,187697566,AAPL
08-06-2006,8.35,8.7,8.16,8.68,349379527,AAPL
09-06-2006,8.74,8.79,8.44,8.46,193989705,AAPL
12-06-2006,8.49,8.53,8.14,8.14,179495638,AAPL
13-06-2006,8.23,8.44,8.19,8.33,270235462,AAPL
14-06-2006,8.33,8.4,8.1,8.23,219600556,AAPL
15-06-2006,8.19,8.53,8.11,8.48,297634596,AAPL
16-06-2006,8.42,8.46,8.22,8.22,209574561,AAPL
19-06-2006,8.26,8.31,8.14,8.17,180417335,AAPL
20-06-2006,8.23,8.34,8.18,8.21,168256067,AAPL
21-06-2006,8.25,8.39,8.19,8.27,215992539,AAPL
22-06-2006,8.31,8.54,8.3,8.51,241859744,AAPL
23-06-2006,8.53,8.6,8.39,8.4,165050249,AAPL
26-06-2006,8.45,8.46,8.34,8.43,116633328,AAPL
27-06-2006,8.44,8.46,8.2,8.2,137657800,AAPL
28-06-2006,8.18,8.19,7.92,8,212766806,AAPL
29-06-2006,8.11,8.44,8.06,8.42,218812587,AAPL
30-06-2006,8.23,8.25,8.07,8.18,185158148,AAPL
03-07-2006,8.22,8.31,8.19,8.28,48693183,AAPL
05-07-2006,8.16,8.23,8.08,8.14,129711512,AAPL
06-07-2006,8.16,8.2,7.94,7.97,158341064,AAPL
07-07-2006,7.93,8.08,7.81,7.91,199846514,AAPL
10-07-2006,7.96,8.07,7.79,7.86,132800031,AAPL
11-07-2006,7.87,8,7.79,7.95,206339245,AAPL
12-07-2006,7.88,7.89,7.56,7.57,231831880,AAPL
13-07-2006,7.43,7.73,7.34,7.46,312476444,AAPL
14-07-2006,7.5,7.56,7.17,7.24,248258745,AAPL
17-07-2006,7.39,7.59,7.38,7.48,256163586,AAPL
18-07-2006,7.59,7.69,7.41,7.56,250290103,AAPL
19-07-2006,7.57,7.87,7.48,7.73,350937118,AAPL
20-07-2006,8.71,8.8,8.53,8.64,493127810,AAPL
21-07-2006,8.55,8.74,8.52,8.67,223020238,AAPL
24-07-2006,8.75,8.87,8.63,8.77,180747028,AAPL
25-07-2006,8.83,8.87,8.68,8.85,147320754,AAPL
26-07-2006,8.86,9.23,8.81,9.12,224657349,AAPL
27-07-2006,9.22,9.29,8.98,9.06,183772526,AAPL
28-07-2006,9.13,9.38,9.07,9.37,172909394,AAPL
31-07-2006,9.55,9.8,9.47,9.71,223276431,AAPL
01-08-2006,9.6,9.7,9.42,9.6,177956394,AAPL
02-08-2006,9.66,9.81,9.64,9.74,137735836,AAPL
03-08-2006,9.7,10,9.69,9.94,210350609,AAPL
04-08-2006,9.58,9.8,9.28,9.76,463298941,AAPL
07-08-2006,9.67,9.94,9.47,9.6,314024788,AAPL
08-08-2006,9.58,9.59,9.22,9.25,249477837,AAPL
09-08-2006,9.36,9.37,9.06,9.08,239009022,AAPL
10-08-2006,9.02,9.26,8.96,9.15,174457885,AAPL
11-08-2006,9.03,9.16,8.94,9.09,194383280,AAPL
14-08-2006,9.15,9.32,9.09,9.13,179415943,AAPL
15-08-2006,9.33,9.5,9.26,9.49,215433358,AAPL
16-08-2006,9.59,9.72,9.48,9.71,195374011,AAPL
17-08-2006,9.71,9.81,9.6,9.66,145288402,AAPL
18-08-2006,9.67,9.77,9.61,9.7,134090383,AAPL
21-08-2006,9.61,9.62,9.45,9.51,131599258,AAPL
22-08-2006,9.53,9.76,9.5,9.66,144303355,AAPL
23-08-2006,9.71,9.81,9.56,9.62,134118502,AAPL
24-08-2006,9.7,9.74,9.47,9.69,163809751,AAPL
25-08-2006,9.62,9.86,9.62,9.82,136096793,AAPL
28-08-2006,9.79,9.8,9.53,9.57,184557695,AAPL
29-08-2006,9.57,9.61,9.3,9.5,236878929,AAPL
30-08-2006,9.62,9.69,9.53,9.57,170067758,AAPL
31-08-2006,9.61,9.76,9.52,9.69,143701096,AAPL
01-09-2006,9.78,9.81,9.69,9.77,102156376,AAPL
05-09-2006,9.85,10.21,9.79,10.21,253297520,AAPL
06-09-2006,10.15,10.24,9.96,10,243554661,AAPL
07-09-2006,10.09,10.5,10.04,10.4,317006165,AAPL
08-09-2006,10.48,10.51,10.27,10.36,224024612,AAPL
11-09-2006,10.35,10.53,10.2,10.36,237299461,AAPL
12-09-2006,10.4,10.49,10.21,10.38,421364692,AAPL
13-09-2006,10.41,10.62,10.33,10.6,286577886,AAPL
14-09-2006,10.53,10.67,10.49,10.6,200588059,AAPL
15-09-2006,10.66,10.71,10.47,10.59,245832160,AAPL
18-09-2006,10.54,10.69,10.47,10.56,176332604,AAPL
19-09-2006,10.59,10.62,10.4,10.54,177524746,AAPL
20-09-2006,10.63,10.81,10.6,10.75,205751420,AAPL
21-09-2006,10.75,10.87,10.57,10.66,198558402,AAPL
22-09-2006,10.61,10.62,10.37,10.43,166449395,AAPL
25-09-2006,10.54,10.84,10.53,10.82,214970868,AAPL
26-09-2006,10.88,11.11,10.87,11.09,277692401,AAPL
27-09-2006,11.02,11.07,10.83,10.92,202976382,AAPL
28-09-2006,11,11.07,10.85,11,181039789,AAPL
29-09-2006,11.02,11.07,10.95,11,101482059,AAPL
02-10-2006,10.73,10.84,10.61,10.69,178263043,AAPL
03-10-2006,10.64,10.71,10.46,10.58,197724611,AAPL
04-10-2006,10.59,10.78,10.45,10.77,209840785,AAPL
05-10-2006,10.65,10.88,10.59,10.69,170994999,AAPL
06-10-2006,10.63,10.72,10.54,10.6,116749486,AAPL
09-10-2006,10.54,10.73,10.5,10.66,109583215,AAPL
10-10-2006,10.65,10.65,10.44,10.54,132930378,AAPL
11-10-2006,10.49,10.57,10.37,10.46,142969603,AAPL
12-10-2006,10.52,10.77,10.51,10.75,148291297,AAPL
13-10-2006,10.8,10.98,10.68,10.72,171055850,AAPL
16-10-2006,10.74,10.84,10.68,10.77,127242738,AAPL
17-10-2006,10.72,10.75,10.58,10.61,120273223,AAPL
18-10-2006,10.68,11.23,10.56,10.65,286744199,AAPL
19-10-2006,11.32,11.42,11.17,11.28,379251376,AAPL
20-10-2006,11.28,11.43,11.24,11.42,159934621,AAPL
23-10-2006,11.43,11.7,11.39,11.64,208175492,AAPL
24-10-2006,11.6,11.67,11.46,11.58,115823631,AAPL
25-10-2006,11.62,11.71,11.57,11.67,121331721,AAPL
26-10-2006,11.7,11.8,11.59,11.74,108221302,AAPL
27-10-2006,11.68,11.78,11.43,11.49,148747550,AAPL
30-10-2006,11.43,11.56,11.36,11.49,124990523,AAPL
31-10-2006,11.64,11.67,11.46,11.58,125413757,AAPL
01-11-2006,11.59,11.63,11.19,11.31,153064387,AAPL
02-11-2006,11.27,11.33,11.21,11.28,116391387,AAPL
03-11-2006,11.34,11.36,11.11,11.18,107984345,AAPL
06-11-2006,11.28,11.44,11.2,11.39,108680474,AAPL
07-11-2006,11.49,11.57,11.45,11.5,131519458,AAPL
08-11-2006,11.43,11.81,11.41,11.78,172897914,AAPL
09-11-2006,11.84,12.1,11.73,11.91,230816229,AAPL
10-11-2006,11.94,11.94,11.79,11.87,93511047,AAPL
13-11-2006,11.89,12.06,11.81,12.05,112738724,AAPL
14-11-2006,12.1,12.1,12,12.1,147384573,AAPL
15-11-2006,12.15,12.27,12,12.01,164660251,AAPL
16-11-2006,12.12,12.33,12.09,12.23,173577201,AAPL
17-11-2006,12.16,12.28,12.14,12.26,116671170,AAPL
20-11-2006,12.2,12.43,12.17,12.35,142760555,AAPL
21-11-2006,12.49,12.66,12.44,12.66,155918931,AAPL
22-11-2006,12.71,12.96,12.55,12.9,168094717,AAPL
24-11-2006,12.79,13.3,12.79,13.09,129766952,AAPL
27-11-2006,13.22,13.31,12.79,12.79,268879674,AAPL
28-11-2006,12.91,13.14,12.84,13.12,259278880,AAPL
29-11-2006,13.29,13.31,12.89,13.11,289532264,AAPL
30-11-2006,13.17,13.24,13.01,13.09,217767193,AAPL
01-12-2006,13.11,13.19,12.87,13.05,198879674,AAPL
04-12-2006,13.13,13.15,12.93,13.02,177570666,AAPL
05-12-2006,13.09,13.19,12.98,13.04,165793040,AAPL
06-12-2006,12.95,13.06,12.81,12.83,159676468,AAPL
07-12-2006,12.86,12.93,12.41,12.43,251432874,AAPL
08-12-2006,12.46,12.77,12.43,12.61,196191289,AAPL
11-12-2006,12.7,12.76,12.58,12.68,125146602,AAPL
12-12-2006,12.66,12.69,12.22,12.31,258787312,AAPL
13-12-2006,12.56,12.72,12.45,12.72,214379235,AAPL
14-12-2006,12.72,12.86,12.61,12.65,208288213,AAPL
15-12-2006,12.72,12.75,12.48,12.53,185030881,AAPL
18-12-2006,12.52,12.57,12.08,12.21,180594470,AAPL
19-12-2006,12.1,12.38,11.95,12.33,227936681,AAPL
20-12-2006,12.35,12.38,12.11,12.11,142145458,AAPL
21-12-2006,12.1,12.21,11.74,11.84,227618384,AAPL
22-12-2006,11.92,12.01,11.66,11.74,153402130,AAPL
26-12-2006,11.74,11.8,11.56,11.64,122782926,AAPL
27-12-2006,11.16,11.71,10.97,11.65,485160788,AAPL
28-12-2006,11.46,11.61,11.38,11.55,284705848,AAPL
29-12-2006,11.99,12.2,11.91,12.12,269210753,AAPL
03-01-2007,12.33,12.37,11.7,11.97,311433248,AAPL
04-01-2007,12.01,12.28,11.97,12.24,214031636,AAPL
05-01-2007,12.25,12.31,12.06,12.15,208817119,AAPL
08-01-2007,12.28,12.36,12.18,12.21,199431337,AAPL
09-01-2007,12.35,13.28,12.16,13.22,838036682,AAPL
10-01-2007,13.54,13.97,13.35,13.86,739605951,AAPL
11-01-2007,13.71,13.83,13.59,13.69,360565688,AAPL
12-01-2007,13.51,13.58,13.32,13.52,328246485,AAPL
16-01-2007,13.67,13.89,13.64,13.87,311365418,AAPL
17-01-2007,13.94,13.94,13.55,13.56,420187362,AAPL
18-01-2007,13.16,13.16,12.72,12.72,591823435,AAPL
19-01-2007,12.66,12.81,12.59,12.64,341178439,AAPL
22-01-2007,12.73,12.74,12.24,12.4,363643399,AAPL
23-01-2007,12.25,12.5,12.22,12.24,302148959,AAPL
24-01-2007,12.38,12.45,12.3,12.39,232175503,AAPL
25-01-2007,12.44,12.64,12.29,12.32,226758903,AAPL
26-01-2007,12.44,12.48,12.14,12.2,246756566,AAPL
29-01-2007,12.33,12.38,12.22,12.28,225616314,AAPL
30-01-2007,12.35,12.36,12.18,12.22,144691316,AAPL
31-01-2007,12.12,12.29,12.05,12.25,214117890,AAPL
01-02-2007,12.32,12.32,12.11,12.11,166231303,AAPL
02-02-2007,12.02,12.18,11.96,12.11,155435735,AAPL
05-02-2007,12.04,12.18,11.99,11.99,145164194,AAPL
06-02-2007,12.06,12.07,11.84,12.02,216257825,AAPL
07-02-2007,12.07,12.34,11.94,12.31,267266804,AAPL
08-02-2007,12.2,12.36,12.2,12.31,169853250,AAPL
09-02-2007,12.27,12.31,11.89,11.9,215234936,AAPL
12-02-2007,12.06,12.17,11.95,12.13,181112792,AAPL
13-02-2007,12.17,12.18,12.04,12.09,148753815,AAPL
14-02-2007,12.09,12.23,12.08,12.19,127054753,AAPL
15-02-2007,12.21,12.23,12.11,12.17,90979119,AAPL
16-02-2007,12.18,12.2,12.09,12.12,100012409,AAPL
20-02-2007,12.09,12.31,12.02,12.27,154491757,AAPL
21-02-2007,12.28,12.78,12.28,12.74,289010190,AAPL
22-02-2007,12.97,12.97,12.65,12.79,209711292,AAPL
23-02-2007,12.74,12.91,12.69,12.72,129581193,AAPL
26-02-2007,12.83,12.86,12.52,12.66,154256942,AAPL
27-02-2007,12.33,12.44,11.92,11.99,287027349,AAPL
28-02-2007,11.86,12.23,11.86,12.09,230020119,AAPL
01-03-2007,12,12.62,11.96,12.44,353965528,AAPL
02-03-2007,12.4,12.51,12.17,12.2,215024215,AAPL
05-03-2007,12.27,12.66,12.25,12.33,209992846,AAPL
06-03-2007,12.54,12.62,12.49,12.6,180930456,AAPL
07-03-2007,12.58,12.71,12.49,12.53,156606688,AAPL
08-03-2007,12.66,12.67,12.49,12.57,127845900,AAPL
09-03-2007,12.69,12.69,12.49,12.57,113025101,AAPL
12-03-2007,12.58,12.86,12.57,12.84,182399553,AAPL
13-03-2007,12.77,12.94,12.63,12.63,216963558,AAPL
14-03-2007,12.66,12.86,12.56,12.86,199145982,AAPL
15-03-2007,12.85,12.91,12.76,12.8,139874049,AAPL
16-03-2007,12.79,12.86,12.76,12.8,142940707,AAPL
19-03-2007,12.89,13.08,12.8,13.02,178300199,AAPL
20-03-2007,13.05,13.12,13.01,13.07,122318448,AAPL
21-03-2007,13.14,13.43,13.09,13.41,171861921,AAPL
22-03-2007,13.39,13.48,13.29,13.42,141322034,AAPL
23-03-2007,13.34,13.44,13.33,13.36,112838579,AAPL
26-03-2007,13.43,13.7,13.33,13.69,216414128,AAPL
27-03-2007,13.67,13.83,13.57,13.64,233172905,AAPL
28-03-2007,13.55,13.63,13.31,13.32,237348986,AAPL
29-03-2007,13.46,13.46,13.18,13.39,181498436,AAPL
30-03-2007,13.47,13.53,13.25,13.27,150204215,AAPL
02-04-2007,13.45,13.46,13.29,13.38,125552420,AAPL
03-04-2007,13.45,13.6,13.39,13.5,146093311,AAPL
04-04-2007,13.56,13.59,13.45,13.47,119275478,AAPL
05-04-2007,13.45,13.53,13.36,13.53,88935952,AAPL
09-04-2007,13.6,13.61,13.29,13.38,103410895,AAPL
10-04-2007,13.38,13.46,13.34,13.46,88186308,AAPL
11-04-2007,13.41,13.42,13.19,13.23,137433604,AAPL
12-04-2007,13.15,13.19,12.96,13.17,165983783,AAPL
13-04-2007,12.99,13.06,12.87,12.89,180029703,AAPL
16-04-2007,12.94,13.07,12.89,13.06,152353544,AAPL
17-04-2007,13.14,13.19,12.81,12.91,188090343,AAPL
18-04-2007,12.88,12.98,12.8,12.91,116095938,AAPL
19-04-2007,12.88,13.04,12.83,12.9,106613556,AAPL
20-04-2007,12.98,13.03,12.94,13,131349260,AAPL
23-04-2007,13.08,13.4,13.06,13.36,195322771,AAPL
24-04-2007,13.42,13.77,13.04,13.32,264109146,AAPL
25-04-2007,13.46,13.63,13.4,13.62,306212928,AAPL
26-04-2007,14.51,14.64,14.04,14.12,435074297,AAPL
27-04-2007,14.03,14.28,13.96,14.27,174995506,AAPL
30-04-2007,14.3,14.43,14.24,14.26,154361802,AAPL
01-05-2007,14.23,14.34,14.08,14.21,133166425,AAPL
02-05-2007,14.24,14.36,14.21,14.34,126880271,AAPL
03-05-2007,14.39,14.49,14.29,14.34,144197942,AAPL
04-05-2007,14.4,14.51,14.36,14.4,95537288,AAPL
07-05-2007,14.44,14.91,14.43,14.85,215577789,AAPL
08-05-2007,14.78,15.02,14.77,15.01,196185605,AAPL
09-05-2007,14.99,15.28,14.98,15.27,179639635,AAPL
10-05-2007,15.23,15.55,15.13,15.33,299441667,AAPL
11-05-2007,15.39,15.59,15.25,15.53,163212147,AAPL
14-05-2007,15.66,15.71,15.46,15.62,163091845,AAPL
15-05-2007,15.65,15.74,15.21,15.36,238813652,AAPL
16-05-2007,15.5,15.55,14.77,15.33,281925385,AAPL
17-05-2007,15.31,15.7,15.31,15.63,184508324,AAPL
18-05-2007,15.75,15.81,15.68,15.72,155345379,AAPL
21-05-2007,15.76,16.06,15.72,16,160278090,AAPL
22-05-2007,16.07,16.25,16,16.22,143205594,AAPL
23-05-2007,16.29,16.43,16.08,16.13,228896871,AAPL
24-05-2007,16.12,16.35,15.77,15.81,222183668,AAPL
25-05-2007,16,16.25,15.93,16.23,158240999,AAPL
29-05-2007,16.35,16.41,16.1,16.34,161522228,AAPL
30-05-2007,16.33,16.98,16.22,16.97,370739089,AAPL
31-05-2007,17.15,17.45,17.08,17.31,325251101,AAPL
01-06-2007,17.3,17.31,16.9,16.91,221443390,AAPL
04-06-2007,16.95,17.39,16.84,17.33,221998350,AAPL
05-06-2007,17.34,17.53,17.21,17.52,230465249,AAPL
06-06-2007,17.47,17.72,17.42,17.66,278490289,AAPL
07-06-2007,17.86,18.23,17.6,17.72,479516387,AAPL
08-06-2007,17.98,17.98,17.47,17.78,310972704,AAPL
11-06-2007,18,18.02,17.08,17.17,470185107,AAPL
12-06-2007,17.05,17.39,16.9,17.2,356974310,AAPL
13-06-2007,17.31,17.31,16.49,16.79,430734248,AAPL
14-06-2007,16.74,17.06,16.63,16.96,243513837,AAPL
15-06-2007,17.23,17.24,17.12,17.21,202990669,AAPL
18-06-2007,17.61,17.88,17.51,17.87,227971779,AAPL
19-06-2007,17.81,17.86,17.56,17.67,236173490,AAPL
20-06-2007,17.7,17.81,17.36,17.36,224570395,AAPL
21-06-2007,17.39,17.76,17.25,17.7,216921131,AAPL
22-06-2007,17.69,17.78,17.48,17.57,158915162,AAPL
25-06-2007,17.74,17.87,17.29,17.48,241517962,AAPL
26-06-2007,17.71,17.71,16.96,17.09,336250712,AAPL
27-06-2007,17.23,17.43,17.04,17.41,243901756,AAPL
28-06-2007,17.48,17.5,17.14,17.22,210600880,AAPL
29-06-2007,17.42,17.71,17.3,17.43,284032539,AAPL
02-07-2007,17.29,17.44,17.04,17.32,249049955,AAPL
03-07-2007,17.43,18.2,17.36,18.17,290620330,AAPL
05-07-2007,18.4,19,18.38,18.96,363262732,AAPL
06-07-2007,19.02,19.05,18.63,18.9,218623258,AAPL
09-07-2007,18.91,18.99,18.45,18.62,248955014,AAPL
10-07-2007,18.41,19.21,18.4,18.91,313752481,AAPL
11-07-2007,18.87,19.1,18.76,18.91,205442888,AAPL
12-07-2007,19.12,19.18,18.91,19.15,176151549,AAPL
13-07-2007,19.29,19.69,19.22,19.68,226881067,AAPL
16-07-2007,19.77,20,19.64,19.73,234028137,AAPL
17-07-2007,19.76,19.94,19.64,19.84,177489284,AAPL
18-07-2007,19.74,19.78,19.43,19.73,189349370,AAPL
19-07-2007,20.04,20.12,19.95,20,183222312,AAPL
20-07-2007,20.24,20.6,20,20.54,291742283,AAPL
23-07-2007,20.47,20.75,20.13,20.53,259122122,AAPL
24-07-2007,19.84,20.14,19.16,19.27,451276735,AAPL
25-07-2007,19.62,19.77,19.29,19.61,407778336,AAPL
26-07-2007,20.84,21.21,19.57,20.86,547388051,AAPL
27-07-2007,20.88,21.27,20.54,20.55,290061282,AAPL
30-07-2007,20.62,20.78,19.94,20.2,277134788,AAPL
31-07-2007,20.42,20.5,18.79,18.82,442770699,AAPL
01-08-2007,19.09,19.34,18.25,19.29,437849524,AAPL
02-08-2007,19.52,19.57,19.16,19.5,213448893,AAPL
03-08-2007,19.32,19.42,18.79,18.84,169668303,AAPL
06-08-2007,18.99,19.32,18.33,19.32,231477869,AAPL
07-08-2007,19.28,19.61,18.95,19.29,237868946,AAPL
08-08-2007,19.54,19.55,18.86,19.14,202070134,AAPL
09-08-2007,18.73,19,17.87,18.06,281702575,AAPL
10-08-2007,17.59,18.25,17.19,17.86,352683254,AAPL
13-08-2007,18.33,18.48,18.07,18.26,188527906,AAPL
14-08-2007,18.33,18.33,17.67,17.72,184790893,AAPL
15-08-2007,17.53,17.84,17.09,17.13,248212657,AAPL
16-08-2007,16.72,16.93,15.95,16.72,466674796,AAPL
17-08-2007,17.43,17.64,17.12,17.44,298724104,AAPL
20-08-2007,17.71,17.79,17.21,17.46,200880778,AAPL
21-08-2007,17.46,18.42,17.29,18.22,325761765,AAPL
22-08-2007,18.75,18.96,18.62,18.93,265441603,AAPL
23-08-2007,19.01,19.05,18.54,18.72,216709066,AAPL
24-08-2007,18.65,19.34,18.54,19.33,227902983,AAPL
27-08-2007,19.06,19.24,18.87,18.89,176860712,AAPL
28-08-2007,18.71,18.92,18.09,18.12,294842555,AAPL
29-08-2007,18.55,19.17,18.51,19.15,291720989,AAPL
30-08-2007,18.95,19.75,18.9,19.46,358908039,AAPL
31-08-2007,19.93,19.95,19.63,19.78,219136974,AAPL
04-09-2007,19.99,20.82,19.98,20.59,329210672,AAPL
05-09-2007,20.71,20.83,19.44,19.54,582063699,AAPL
06-09-2007,19.37,19.65,18.96,19.29,475315386,AAPL
07-09-2007,18.86,18.9,18.57,18.82,357586383,AAPL
10-09-2007,19.57,19.72,19.14,19.53,371961464,AAPL
11-09-2007,19.7,19.76,19.11,19.36,242971232,AAPL
12-09-2007,19.43,19.91,19.39,19.55,255836322,AAPL
13-09-2007,19.83,19.86,19.52,19.6,164040198,AAPL
14-09-2007,19.51,19.85,19.46,19.83,151748583,AAPL
17-09-2007,19.86,20.08,19.66,19.77,198342298,AAPL
18-09-2007,19.87,20.41,19.69,20.13,266022015,AAPL
19-09-2007,20.43,20.45,19.91,20.11,256719848,AAPL
20-09-2007,20.02,20.26,19.9,20.04,172959773,AAPL
21-09-2007,20.16,20.66,20.04,20.59,284654174,AAPL
24-09-2007,20.96,21.41,20.95,21.18,263040078,AAPL
25-09-2007,20.98,21.89,20.97,21.88,298137175,AAPL
26-09-2007,22.07,22.14,21.61,21.82,243816790,AAPL
27-09-2007,21.97,22.07,21.76,22.07,164549098,AAPL
28-09-2007,21.92,22.09,21.82,21.92,153719447,AAPL
01-10-2007,22.09,22.49,21.85,22.33,209266442,AAPL
02-10-2007,22.36,22.66,22.27,22.64,198017344,AAPL
03-10-2007,22.54,22.74,22.43,22.56,173129159,AAPL
04-10-2007,22.57,22.58,21.93,22.32,164239467,AAPL
05-10-2007,22.62,23.08,22.53,23.06,235747820,AAPL
08-10-2007,23.36,23.99,23.28,23.99,208981577,AAPL
09-10-2007,24.31,24.44,23.81,23.98,276461332,AAPL
10-10-2007,23.94,23.98,23.66,23.83,166897059,AAPL
11-10-2007,24.21,24.55,21.89,23.18,410997643,AAPL
12-10-2007,23.29,23.9,23.11,23.89,246989113,AAPL
15-10-2007,24,24.22,23.36,23.85,269482241,AAPL
16-10-2007,23.65,24.31,23.59,24.23,266957439,AAPL
17-10-2007,24.67,24.72,24.17,24.68,281903034,AAPL
18-10-2007,24.5,24.88,24.44,24.79,206086629,AAPL
19-10-2007,24.89,24.95,24.29,24.35,322818377,AAPL
22-10-2007,24.34,24.99,24.28,24.91,412374235,AAPL
23-10-2007,26.94,26.94,26.11,26.59,448790923,AAPL
24-10-2007,26.54,26.74,25.61,26.56,322119924,AAPL
25-10-2007,26.41,26.56,25.95,26.11,243403965,AAPL
26-10-2007,26.47,26.48,26.13,26.39,176662983,AAPL
29-10-2007,26.49,26.66,26.39,26.44,135138339,AAPL
30-10-2007,26.6,27.05,26.39,26.71,234853227,AAPL
31-10-2007,26.8,27.16,26.42,27.14,208327616,AAPL
01-11-2007,26.94,27.16,25.71,26.78,201258736,AAPL
02-11-2007,27.03,27.06,26.21,26.84,250528411,AAPL
05-11-2007,26.47,26.99,26.32,26.6,201043661,AAPL
06-11-2007,26.72,27.43,26.47,27.4,238681324,AAPL
07-11-2007,27.23,27.53,26.59,26.61,248581571,AAPL
08-11-2007,26.67,26.7,23.97,25.07,472594262,AAPL
09-11-2007,24.45,25.02,23.6,23.62,381476690,AAPL
12-11-2007,23.61,23.96,21.52,21.97,442265768,AAPL
13-11-2007,22.98,24.43,21.97,24.28,434861553,AAPL
14-11-2007,25.31,25.37,23.39,23.73,362291888,AAPL
15-11-2007,23.77,24.23,22.9,23.47,371852495,AAPL
16-11-2007,23.61,23.86,22.76,23.77,345833131,AAPL
19-11-2007,23.73,24.03,23.16,23.42,288607095,AAPL
20-11-2007,23.67,24.54,23.36,24.12,385910098,AAPL
21-11-2007,23.69,24.62,23.52,24.07,304646384,AAPL
23-11-2007,24.57,24.58,24.25,24.51,116439001,AAPL
26-11-2007,24.8,25.32,24.62,24.65,326438434,AAPL
27-11-2007,25.03,25.11,24.29,24.97,329256977,AAPL
28-11-2007,25.26,25.8,25.05,25.75,287727769,AAPL
29-11-2007,25.63,26.45,25.59,26.33,262731406,AAPL
30-11-2007,26.76,26.81,25.67,26.03,296904335,AAPL
03-12-2007,25.98,26.31,25.39,25.55,240367246,AAPL
04-12-2007,25.31,25.84,25.28,25.69,193449767,AAPL
05-12-2007,26.13,26.57,26.06,26.5,223100311,AAPL
06-12-2007,26.6,27.16,26.59,27.14,225117011,AAPL
07-12-2007,27.22,27.86,26.86,27.76,266474565,AAPL
10-12-2007,27.66,27.95,27.53,27.74,180593910,AAPL
11-12-2007,27.82,28.12,26.77,26.93,277731083,AAPL
12-12-2007,27.63,27.78,26.54,27.27,306414934,AAPL
13-12-2007,27.17,27.45,26.83,27.4,216479347,AAPL
14-12-2007,27.2,28.57,27.08,27.2,168599963,AAPL
17-12-2007,27.25,27.52,26.14,26.34,256172938,AAPL
18-12-2007,26.65,26.76,25.51,26.14,305650471,AAPL
19-12-2007,26.14,26.38,25.84,26.16,206869488,AAPL
20-12-2007,26.49,26.83,26.19,26.74,193513621,AAPL
21-12-2007,27.16,27.7,27.13,27.7,248729138,AAPL
24-12-2007,27.86,28.48,27.83,28.4,120066870,AAPL
26-12-2007,28.43,28.71,28.12,28.42,175933023,AAPL
27-12-2007,28.42,28.99,28.26,28.37,198881368,AAPL
28-12-2007,28.66,28.79,28.13,28.55,174851775,AAPL
31-12-2007,28.5,28.64,28.25,28.3,134770279,AAPL
02-01-2008,28.47,28.61,27.51,27.83,269794140,AAPL
03-01-2008,27.92,28.2,27.53,27.85,210516460,AAPL
04-01-2008,27.35,27.57,25.56,25.72,363888854,AAPL
07-01-2008,25.89,26.23,24.32,25.38,518047922,AAPL
08-01-2008,25.73,26.07,24.4,24.46,380953888,AAPL
09-01-2008,24.5,25.6,24,25.6,453884711,AAPL
10-01-2008,25.37,25.86,25.06,25.43,370743450,AAPL
11-01-2008,25.14,25.41,24.29,24.67,307982640,AAPL
14-01-2008,25.36,25.63,25.02,25.54,275112418,AAPL
15-01-2008,25.39,25.6,23.52,24.15,585814124,AAPL
16-01-2008,23.62,24.14,22.39,22.81,554343923,AAPL
17-01-2008,23.07,23.62,22.63,22.98,439973891,AAPL
18-01-2008,23.1,23.68,22.8,23.05,430907932,AAPL
22-01-2008,21.15,22.85,20.86,22.23,608744360,AAPL
23-01-2008,19.46,20,18.02,19.87,843264044,AAPL
24-01-2008,20,20.1,18.86,19.37,501466091,AAPL
25-01-2008,19.86,19.87,18.52,18.57,388684198,AAPL
28-01-2008,18.31,19.03,18.06,18.57,368710818,AAPL
29-01-2008,18.74,18.97,18.44,18.79,274995602,AAPL
30-01-2008,18.77,19.35,18.57,18.88,310762333,AAPL
31-01-2008,18.49,19.52,18.49,19.34,336417991,AAPL
01-02-2008,19.46,19.51,18.88,19.11,252653079,AAPL
04-02-2008,19.17,19.41,18.77,18.81,224808367,AAPL
05-02-2008,18.63,19.14,18.41,18.48,285260437,AAPL
06-02-2008,18.69,18.85,17.4,17.43,393317435,AAPL
07-02-2008,17.14,17.83,16.75,17.32,521151925,AAPL
08-02-2008,17.44,17.96,17.37,17.93,338930627,AAPL
11-02-2008,18.29,18.57,18.17,18.49,300357519,AAPL
12-02-2008,18.67,18.71,17.66,17.84,306494601,AAPL
13-02-2008,18.1,18.54,17.95,18.49,242133283,AAPL
14-02-2008,18.49,18.69,18.14,18.21,238565096,AAPL
15-02-2008,18.04,18.15,17.72,17.8,225288826,AAPL
19-02-2008,18,18.11,17.35,17.45,251261346,AAPL
20-02-2008,17.46,17.8,17.38,17.69,241859492,AAPL
21-02-2008,18.01,18.07,17.27,17.36,234528546,AAPL
22-02-2008,17.5,17.5,16.55,17.07,382301514,AAPL
25-02-2008,16.94,17.17,16.67,17.11,314193180,AAPL
26-02-2008,16.81,17.3,16.49,17.02,376221573,AAPL
27-02-2008,16.89,17.58,16.87,17.57,368783891,AAPL
28-02-2008,18.17,18.89,17.97,18.56,404562928,AAPL
29-02-2008,18.47,18.6,17.83,17.86,313807501,AAPL
03-03-2008,17.78,18,16.86,17.39,398443262,AAPL
04-03-2008,17.43,17.84,17.2,17.8,446345774,AAPL
05-03-2008,17.65,17.88,17.46,17.78,305458580,AAPL
06-03-2008,17.8,18.21,17.26,17.28,368424378,AAPL
07-03-2008,17.2,17.57,17.01,17.46,307644519,AAPL
10-03-2008,17.43,17.64,17.05,17.1,250173329,AAPL
11-03-2008,17.73,18.21,17.43,18.19,291355414,AAPL
12-03-2008,18.15,18.38,17.88,18,264906992,AAPL
13-03-2008,17.73,18.5,17.57,18.28,316058785,AAPL
14-03-2008,18.55,18.61,17.74,18.09,289213883,AAPL
17-03-2008,17.51,18.37,17.51,18.1,268149518,AAPL
18-03-2008,18.45,19,18.38,18.97,301279615,AAPL
19-03-2008,19.02,19.18,18.52,18.52,252634200,AAPL
20-03-2008,18.73,19.04,18.45,19.04,227196550,AAPL
24-03-2008,19.14,20.12,19.09,19.93,266836549,AAPL
25-03-2008,19.99,20.44,19.62,20.14,263172980,AAPL
26-03-2008,20.12,20.82,20.09,20.72,295520631,AAPL
27-03-2008,20.71,20.76,20,20.04,249956917,AAPL
28-03-2008,20.26,20.66,20.23,20.43,178829581,AAPL
31-03-2008,20.47,20.82,20.36,20.5,192015873,AAPL
01-04-2008,20.9,21.38,20.52,21.36,258141219,AAPL
02-04-2008,21.25,21.6,20.84,21.07,261241498,AAPL
03-04-2008,21.01,21.95,21,21.66,262941028,AAPL
04-04-2008,21.74,22.1,21.54,21.87,213670765,AAPL
07-04-2008,22.3,22.81,22.16,22.27,289771916,AAPL
08-04-2008,21.94,22.35,21.76,21.83,253810382,AAPL
09-04-2008,21.9,21.98,21.49,21.63,218477875,AAPL
10-04-2008,21.59,22.2,21.51,22.08,239122247,AAPL
11-04-2008,21.82,21.9,20.91,21.02,302293803,AAPL
14-04-2008,20.97,21.32,20.65,21.11,211325772,AAPL
15-04-2008,21.34,21.39,20.82,21.2,174509181,AAPL
16-04-2008,21.67,22.01,21.52,21.96,198942940,AAPL
17-04-2008,22.02,22.29,21.91,22.07,176324953,AAPL
18-04-2008,22.73,23.18,22.63,23.01,256639551,AAPL
21-04-2008,23.17,24.07,23.11,24.02,259788130,AAPL
22-04-2008,23.91,24,22.58,22.89,359892533,AAPL
23-04-2008,23.44,23.55,23.01,23.27,376047707,AAPL
24-04-2008,23.62,24.28,22.74,24.13,424313911,AAPL
25-04-2008,24.39,24.44,23.77,24.25,248117975,AAPL
28-04-2008,24.25,24.82,24.16,24.61,196803138,AAPL
29-04-2008,24.44,25.09,24.32,25.01,230868855,AAPL
30-04-2008,25.17,25.71,24.7,24.85,284880596,AAPL
01-05-2008,24.99,25.71,24.98,25.71,225894067,AAPL
02-05-2008,25.74,25.99,25.51,25.85,251459411,AAPL
05-05-2008,25.99,26.47,25.86,26.39,213639223,AAPL
06-05-2008,26.38,26.73,26.03,26.67,229717355,AAPL
07-05-2008,26.58,26.89,25.79,26.08,289283225,AAPL
08-05-2008,26.25,26.64,26.15,26.44,224771036,AAPL
09-05-2008,26.17,26.32,25.91,26.21,168223685,AAPL
12-05-2008,26.46,26.98,26.12,26.88,204841490,AAPL
13-05-2008,26.94,27.35,26.84,27.14,205808967,AAPL
14-05-2008,27.32,27.46,26.51,26.61,229205760,AAPL
15-05-2008,26.69,27.13,26.31,27.1,218301846,AAPL
16-05-2008,27.16,27.19,26.71,26.8,191441859,AAPL
19-05-2008,26.84,26.96,25.9,26.23,236574877,AAPL
20-05-2008,25.97,26.59,25.73,26.56,242462311,AAPL
21-05-2008,26.52,26.86,25.18,25.46,289414055,AAPL
22-05-2008,25.61,25.9,24.57,25.29,301741433,AAPL
23-05-2008,25.82,26,25.4,25.88,227001796,AAPL
27-05-2008,26.11,26.63,25.98,26.63,197476097,AAPL
28-05-2008,26.77,26.85,26.25,26.72,185994487,AAPL
29-05-2008,26.68,26.89,26.5,26.67,161796593,AAPL
30-05-2008,26.78,27.08,26.77,26.96,152490520,AAPL
02-06-2008,26.94,27.09,26.36,26.59,169960000,AAPL
03-06-2008,26.69,26.89,26.05,26.48,189346969,AAPL
04-06-2008,26.29,26.73,26.18,26.46,181867896,AAPL
05-06-2008,26.62,27.12,26.53,27.06,188860714,AAPL
06-06-2008,26.86,27.14,26.51,26.52,241530639,AAPL
09-06-2008,26.4,26.42,25.11,25.94,472097745,AAPL
10-06-2008,25.79,26.68,25.57,26.52,285234915,AAPL
11-06-2008,26.33,26.57,25.66,25.83,240387315,AAPL
12-06-2008,25.93,26.09,24.46,24.75,327082805,AAPL
13-06-2008,24.52,24.88,23.62,24.62,336424522,AAPL
16-06-2008,24.47,25.41,24.15,25.26,262932376,AAPL
17-06-2008,25.44,26,25.34,25.92,225038933,AAPL
18-06-2008,25.87,26.03,25.34,25.54,202866790,AAPL
19-06-2008,25.51,26.05,25.26,25.84,198179401,AAPL
20-06-2008,25.62,25.86,25,25.04,222040469,AAPL
23-06-2008,24.96,25.13,24.51,24.74,161504168,AAPL
24-06-2008,24.62,25.11,24.52,24.75,155518461,AAPL
25-06-2008,24.94,25.55,24.84,25.34,161112469,AAPL
26-06-2008,24.87,24.98,24,24.04,217402080,AAPL
27-06-2008,23.79,24.37,23.45,24.3,260556205,AAPL
30-06-2008,24.29,24.57,23.8,23.92,171084536,AAPL
01-07-2008,23.46,24.96,23.43,24.95,277819892,AAPL
02-07-2008,25.03,25.35,24.03,24.03,209662096,AAPL
03-07-2008,24.23,24.6,23.68,24.3,130859225,AAPL
07-07-2008,24.74,25.3,24.56,25.02,205097221,AAPL
08-07-2008,25.06,25.67,24.68,25.65,222172923,AAPL
09-07-2008,25.74,25.84,24.88,24.89,224025123,AAPL
10-07-2008,24.99,25.33,24.48,25.23,210171829,AAPL
11-07-2008,25.07,25.3,24.43,24.65,232502298,AAPL
14-07-2008,25.61,25.61,24.73,24.84,221513530,AAPL
15-07-2008,24.64,24.82,23.77,24.23,260010464,AAPL
16-07-2008,24.31,24.7,24.09,24.69,187015969,AAPL
17-07-2008,24.87,25,24.48,24.54,189381192,AAPL
18-07-2008,24.07,24.24,23.57,23.59,217032018,AAPL
21-07-2008,23.84,23.93,23.02,23.76,340117365,AAPL
22-07-2008,21.29,23.25,20.93,23.15,469898023,AAPL
23-07-2008,23.57,24.05,23.08,23.75,265441526,AAPL
24-07-2008,23.47,23.61,22.64,22.72,209904240,AAPL
25-07-2008,22.91,23.29,22.66,23.16,158378304,AAPL
28-07-2008,23.19,23.21,22,22.06,195238645,AAPL
29-07-2008,22.2,22.78,21.95,22.44,171060505,AAPL
30-07-2008,22.54,22.93,22.3,22.84,181315827,AAPL
31-07-2008,22.51,23.17,22.43,22.71,159379675,AAPL
01-08-2008,22.84,22.86,22.25,22.38,136204572,AAPL
04-08-2008,22.37,22.56,21.84,21.89,148173872,AAPL
05-08-2008,22.2,22.97,22.12,22.95,172162683,AAPL
06-08-2008,22.85,23.91,22.57,23.46,197865206,AAPL
07-08-2008,23.24,23.74,23.07,23.37,168124705,AAPL
08-08-2008,23.41,24.24,23.39,24.22,178504550,AAPL
11-08-2008,24.3,25.21,24.24,24.79,222825442,AAPL
12-08-2008,24.79,25.61,24.79,25.25,209105162,AAPL
13-08-2008,25.43,25.71,25.13,25.61,210705502,AAPL
14-08-2008,25.48,25.78,25.41,25.62,177825207,AAPL
15-08-2008,25.58,25.68,25.01,25.11,177074443,AAPL
18-08-2008,25.08,25.4,24.83,25.06,138003124,AAPL
19-08-2008,24.93,25.3,24.54,24.79,154050652,AAPL
20-08-2008,24.97,25.28,24.8,25.12,126782166,AAPL
21-08-2008,24.92,25.06,24.56,24.9,135004555,AAPL
22-08-2008,25.12,25.36,25.08,25.26,109931311,AAPL
25-08-2008,25.16,25.18,24.52,24.65,121124150,AAPL
26-08-2008,24.68,24.98,24.66,24.81,111444536,AAPL
27-08-2008,24.76,25.11,24.6,24.95,119444822,AAPL
28-08-2008,25.04,25.18,24.68,24.82,107846046,AAPL
29-08-2008,24.71,24.79,24.15,24.22,149831367,AAPL
02-09-2008,24.63,24.79,23.57,23.74,195357351,AAPL
03-09-2008,23.83,24.1,23.43,23.85,183736819,AAPL
04-09-2008,23.69,23.99,22.97,23.03,186052874,AAPL
05-09-2008,22.66,23.2,22.52,22.88,196720713,AAPL
08-09-2008,23.51,23.56,21.64,22.56,261557877,AAPL
09-09-2008,22.41,22.85,21.4,21.67,311256092,AAPL
10-09-2008,21.76,22.14,21.26,21.66,243331158,AAPL
11-09-2008,21.17,21.86,20.86,21.81,242783254,AAPL
12-09-2008,21.56,21.56,20.93,21.28,198286795,AAPL
15-09-2008,20.29,21.1,20.05,20.05,230158509,AAPL
16-09-2008,19.12,20.36,18.88,19.98,299959044,AAPL
17-09-2008,19.78,19.79,18.26,18.26,300113240,AAPL
18-09-2008,18.65,19.35,17.24,19.16,419063309,AAPL
19-09-2008,20.37,20.6,19.47,20.13,357872872,AAPL
22-09-2008,19.99,20.04,18.67,18.72,214178174,AAPL
23-09-2008,18.84,19.4,18.09,18.12,320790365,AAPL
24-09-2008,18.18,18.71,17.88,18.39,261841321,AAPL
25-09-2008,18.54,19.26,18.36,18.85,251510980,AAPL
26-09-2008,17.84,18.54,17.57,18.32,281513519,AAPL
29-09-2008,17.09,17.1,14.37,15.04,655513663,AAPL
30-09-2008,15.46,16.43,15.19,16.24,406936404,AAPL
01-10-2008,15.99,16.05,15.34,15.59,324348157,AAPL
02-10-2008,15.43,15.54,14.29,14.3,402629654,AAPL
03-10-2008,14.86,15.21,13.52,13.87,574900179,AAPL
06-10-2008,13.14,14.11,12.51,14.02,526957473,AAPL
07-10-2008,14.35,14.5,12.71,12.74,470441839,AAPL
08-10-2008,12.27,13.76,12.24,12.83,552321070,AAPL
09-10-2008,13.34,13.69,12.37,12.68,404547493,AAPL
10-10-2008,12.2,14.3,12.1,13.8,555075367,AAPL
13-10-2008,14.94,15.79,14.43,15.75,385120190,AAPL
14-10-2008,16.61,16.63,14.73,14.87,495597172,AAPL
15-10-2008,14.83,15.29,13.98,13.99,396043865,AAPL
16-10-2008,14.25,14.78,13.11,14.56,495130125,AAPL
17-10-2008,14.23,14.58,12.27,13.91,440776777,AAPL
20-10-2008,14.25,14.29,13.38,14.06,387292038,AAPL
21-10-2008,13.85,13.99,13.02,13.07,548414363,AAPL
22-10-2008,13.91,14.46,13.28,13.84,562202081,AAPL
23-10-2008,13.79,14.18,13.13,14.03,418857418,AAPL
24-10-2008,12.9,13.99,12.87,13.77,397434996,AAPL
27-10-2008,13.58,13.95,13.12,13.16,302347192,AAPL
28-10-2008,13.63,14.36,13.2,14.27,408927400,AAPL
29-10-2008,14.41,15.65,14.28,14.94,488329408,AAPL
30-10-2008,15.46,16.03,15.37,15.86,409521910,AAPL
31-10-2008,15.34,15.83,15.02,15.37,415042817,AAPL
03-11-2008,15.13,15.59,14.98,15.28,264609660,AAPL
04-11-2008,15.71,15.97,15.24,15.86,349991453,AAPL
05-11-2008,15.56,15.67,14.71,14.76,314406141,AAPL
06-11-2008,14.44,14.68,14,14.16,329909594,AAPL
07-11-2008,14.18,14.26,13.67,14.03,273909153,AAPL
10-11-2008,14.31,14.34,13.5,13.7,281471498,AAPL
11-11-2008,13.54,13.88,13.18,13.54,306249097,AAPL
12-11-2008,13.2,13.32,12.86,12.87,294732067,AAPL
13-11-2008,12.84,13.78,12.29,13.78,463840426,AAPL
14-11-2008,13.39,13.43,12.86,12.89,351319710,AAPL
17-11-2008,12.64,12.94,12.47,12.59,290730979,AAPL
18-11-2008,12.81,13,12.41,12.84,302588524,AAPL
19-11-2008,12.78,13.08,12.32,12.33,293068307,AAPL
20-11-2008,12.18,12.35,11.43,11.5,429184959,AAPL
21-11-2008,11.7,12.02,11.31,11.8,392392448,AAPL
24-11-2008,12.17,13.54,12.12,13.28,360673138,AAPL
25-11-2008,13.52,13.53,12.59,12.97,308889210,AAPL
26-11-2008,12.85,13.61,12.84,13.57,225125607,AAPL
28-11-2008,13.53,13.54,13.12,13.24,75301359,AAPL
01-12-2008,13.04,13.18,12.7,12.7,231040523,AAPL
02-12-2008,12.86,13.24,12.36,13.21,287354109,AAPL
03-12-2008,12.77,13.75,12.69,13.7,335054356,AAPL
04-12-2008,13.49,13.6,12.72,13.06,272921397,AAPL
05-12-2008,12.91,13.5,12.69,13.43,261100840,AAPL
08-12-2008,13.9,14.4,13.69,14.25,296423162,AAPL
09-12-2008,14.01,14.8,13.89,14.29,301029386,AAPL
10-12-2008,13.98,14.21,13.79,14.03,234619959,AAPL
11-12-2008,13.91,14.46,13.55,13.57,260820049,AAPL
12-12-2008,13.26,14.14,13.22,14.04,260703436,AAPL
15-12-2008,13.71,13.74,13.29,13.54,223012776,AAPL
16-12-2008,13.43,13.78,13.25,13.63,281118306,AAPL
17-12-2008,13,13.01,12.57,12.74,325029152,AAPL
18-12-2008,12.76,12.98,12.63,12.78,214435473,AAPL
19-12-2008,12.85,12.99,12.69,12.86,203740908,AAPL
22-12-2008,12.86,12.86,12.1,12.25,211275512,AAPL
23-12-2008,12.41,12.55,12.27,12.34,160419182,AAPL
24-12-2008,12.31,12.32,12.08,12.15,67864958,AAPL
26-12-2008,12.38,12.49,12.18,12.26,77301497,AAPL
29-12-2008,12.36,12.52,12.15,12.37,171970575,AAPL
30-12-2008,12.49,12.58,12.1,12.33,242057340,AAPL
31-12-2008,12.28,12.53,12.19,12.19,152010341,AAPL
02-01-2009,12.27,13.01,12.17,12.96,188749470,AAPL
05-01-2009,13.31,13.74,13.24,13.51,297211453,AAPL
06-01-2009,13.71,13.88,13.2,13.29,323043903,AAPL
07-01-2009,13.12,13.21,12.89,13,189300706,AAPL
08-01-2009,12.92,13.31,12.86,13.24,168365988,AAPL
09-01-2009,13.32,13.34,12.88,12.94,137445749,AAPL
12-01-2009,12.92,13,12.51,12.67,154530138,AAPL
13-01-2009,12.61,12.82,12.34,12.53,199728781,AAPL
14-01-2009,12.32,12.46,12.1,12.19,267996414,AAPL
15-01-2009,11.51,12.02,11.44,11.91,460808390,AAPL
16-01-2009,12.04,12.05,11.49,11.76,262120509,AAPL
20-01-2009,11.7,11.71,11.17,11.17,230207747,AAPL
21-01-2009,11.34,11.84,11.33,11.83,275012619,AAPL
22-01-2009,12.58,12.86,12.26,12.62,352381827,AAPL
23-01-2009,12.4,12.84,12.36,12.62,190942374,AAPL
26-01-2009,12.69,13,12.61,12.81,174853854,AAPL
27-01-2009,12.88,13.08,12.82,12.96,154631463,AAPL
28-01-2009,13.16,13.57,13.07,13.46,219701881,AAPL
29-01-2009,13.3,13.48,13.23,13.29,148300005,AAPL
30-01-2009,13.23,13.37,12.86,12.88,162955387,AAPL
02-02-2009,12.73,13.14,12.7,13.07,139603352,AAPL
03-02-2009,13.13,13.34,12.9,13.28,149860816,AAPL
04-02-2009,13.32,13.75,13.3,13.36,202103258,AAPL
05-02-2009,13.25,13.89,13.23,13.78,187353537,AAPL
06-02-2009,13.86,14.29,13.86,14.25,171784417,AAPL
09-02-2009,14.29,14.71,14.21,14.64,178749928,AAPL
10-02-2009,14.48,14.64,13.87,13.98,212329642,AAPL
11-02-2009,13.77,14.04,13.68,13.83,168776993,AAPL
12-02-2009,13.69,14.25,13.69,14.18,204335663,AAPL
13-02-2009,14.14,14.28,14.02,14.17,152266590,AAPL
17-02-2009,13.84,13.86,13.47,13.5,169558382,AAPL
18-02-2009,13.58,13.69,13.25,13.48,171142041,AAPL
19-02-2009,13.34,13.46,12.87,12.95,230700547,AAPL
20-02-2009,12.8,13.2,12.7,13,187575094,AAPL
23-02-2009,13.09,13.14,12.36,12.42,196743015,AAPL
24-02-2009,12.49,12.98,12.43,12.89,201773159,AAPL
25-02-2009,12.84,13.27,12.75,13.02,208328001,AAPL
26-02-2009,13.14,13.27,12.71,12.74,157513937,AAPL
27-02-2009,12.56,13.04,12.52,12.76,176686048,AAPL
02-03-2009,12.59,13.03,12.52,12.56,192742970,AAPL
03-03-2009,12.7,12.96,12.55,12.62,181084918,AAPL
04-03-2009,12.88,13.25,12.78,13.02,185381623,AAPL
05-03-2009,12.92,13.12,12.64,12.69,176723638,AAPL
06-03-2009,12.62,12.63,11.76,12.19,252786562,AAPL
09-03-2009,12.03,12.51,11.8,11.87,174619354,AAPL
10-03-2009,12.12,12.74,12.05,12.66,211126251,AAPL
11-03-2009,12.83,13.44,12.8,13.24,211696254,AAPL
12-03-2009,13.27,13.8,13.14,13.76,192203340,AAPL
13-03-2009,13.76,13.89,13.57,13.7,150320072,AAPL
16-03-2009,13.79,13.91,13.45,13.63,199386740,AAPL
17-03-2009,13.61,14.24,13.58,14.24,197005102,AAPL
18-03-2009,14.27,14.78,14.25,14.5,199050355,AAPL
19-03-2009,14.55,14.74,14.32,14.52,125079465,AAPL
20-03-2009,14.58,14.73,14.37,14.51,173926123,AAPL
23-03-2009,14.67,15.45,14.54,15.38,166641097,AAPL
24-03-2009,15.19,15.63,15.06,15.21,160856745,AAPL
25-03-2009,15.37,15.48,14.84,15.21,161662886,AAPL
26-03-2009,15.4,15.71,15.37,15.7,154062776,AAPL
27-03-2009,15.46,15.5,15.2,15.26,123260683,AAPL
30-03-2009,14.93,15,14.66,14.93,125715345,AAPL
31-03-2009,15.06,15.35,15,15.02,142519909,AAPL
01-04-2009,14.87,15.57,14.84,15.53,147398566,AAPL
02-04-2009,15.74,16.39,15.68,16.1,203091462,AAPL
03-04-2009,16.31,16.59,16.22,16.57,159086263,AAPL
06-04-2009,16.42,16.96,16.18,16.92,164515624,AAPL
07-04-2009,16.65,16.67,16.31,16.43,134196468,AAPL
08-04-2009,16.49,16.68,16.37,16.62,113907367,AAPL
09-04-2009,16.92,17.14,16.85,17.08,132734070,AAPL
13-04-2009,17.14,17.28,17,17.17,97367053,AAPL
14-04-2009,17.08,17.17,16.75,16.9,113688925,AAPL
15-04-2009,16.74,16.89,16.54,16.81,103256790,AAPL
16-04-2009,17.03,17.59,16.97,17.35,148395562,AAPL
17-04-2009,17.31,17.75,17.18,17.63,124420674,AAPL
20-04-2009,17.39,17.57,17.02,17.21,116663519,AAPL
21-04-2009,16.98,17.45,16.94,17.39,117671008,AAPL
22-04-2009,17.52,17.91,17.31,17.36,234691772,AAPL
23-04-2009,18.09,18.17,17.64,17.91,236289193,AAPL
24-04-2009,17.81,17.88,17.57,17.7,135236661,AAPL
27-04-2009,17.56,17.86,17.52,17.82,120203433,AAPL
28-04-2009,17.62,18.03,17.61,17.7,113964158,AAPL
29-04-2009,17.84,18.12,17.69,17.88,114564555,AAPL
30-04-2009,18.03,18.14,17.85,17.98,124622078,AAPL
01-05-2009,17.97,18.28,17.97,18.18,99397235,AAPL
04-05-2009,18.32,18.89,18.24,18.87,152395194,AAPL
05-05-2009,18.82,18.98,18.73,18.96,99600312,AAPL
06-05-2009,19.05,19.07,18.6,18.93,118410516,AAPL
07-05-2009,18.9,18.91,18.27,18.44,132973925,AAPL
08-05-2009,18.43,18.75,18.04,18.46,117006064,AAPL
11-05-2009,18.2,18.71,18.16,18.51,101195717,AAPL
12-05-2009,18.51,18.53,17.61,17.77,152369805,AAPL
13-05-2009,17.6,17.72,17.05,17.07,148992221,AAPL
14-05-2009,17.11,17.65,17.1,17.56,111976970,AAPL
15-05-2009,17.47,17.8,17.37,17.49,91891240,AAPL
18-05-2009,17.68,18.1,17.37,18.09,114771356,AAPL
19-05-2009,18.12,18.47,17.96,18.21,93105509,AAPL
20-05-2009,18.23,18.46,17.9,17.98,97193040,AAPL
21-05-2009,17.88,18.11,17.56,17.74,102045258,AAPL
22-05-2009,17.72,17.74,17.39,17.5,74517205,AAPL
26-05-2009,17.82,18.69,17.79,18.68,159231429,AAPL
27-05-2009,18.83,19.28,18.7,19.01,161740670,AAPL
28-05-2009,19.06,19.34,18.86,19.3,121887528,AAPL
29-05-2009,19.34,19.41,19.12,19.4,114163602,AAPL
01-06-2009,19.5,20,19.43,19.91,113166984,AAPL
02-06-2009,19.86,20.19,19.76,19.93,114055732,AAPL
03-06-2009,20,20.16,19.87,20.14,141299592,AAPL
04-06-2009,20.02,20.6,20.01,20.53,137657989,AAPL
05-06-2009,20.76,20.91,20.46,20.67,158178874,AAPL
08-06-2009,20.55,20.6,19.92,20.55,232912673,AAPL
09-06-2009,20.54,20.65,20.08,20.39,169240876,AAPL
10-06-2009,20.33,20.34,19.76,20.04,172199727,AAPL
11-06-2009,19.94,20.22,19.79,19.99,131205851,AAPL
12-06-2009,19.83,19.87,19.43,19.57,140771232,AAPL
15-06-2009,19.43,19.56,19.27,19.44,134987111,AAPL
16-06-2009,19.52,19.78,19.44,19.48,128701237,AAPL
17-06-2009,19.52,19.64,19.22,19.37,142853172,AAPL
18-06-2009,19.44,19.71,19.37,19.41,106920023,AAPL
19-06-2009,19.72,19.93,19.56,19.93,180463626,AAPL
22-06-2009,20.1,20.22,19.48,19.62,158728087,AAPL
23-06-2009,19.49,19.56,18.98,19.14,176632470,AAPL
24-06-2009,19.35,19.64,19.27,19.46,121381183,AAPL
25-06-2009,19.39,20.03,19.32,19.98,147422191,AAPL
26-06-2009,19.97,20.51,19.96,20.35,109867982,AAPL
29-06-2009,20.49,20.56,20.22,20.28,141915494,AAPL
30-06-2009,20.37,20.54,20.26,20.35,108562440,AAPL
01-07-2009,20.5,20.67,20.36,20.4,103568150,AAPL
02-07-2009,20.18,20.4,19.97,20,92653848,AAPL
06-07-2009,19.81,19.86,19.46,19.8,124671533,AAPL
07-07-2009,19.78,19.95,19.31,19.34,115445092,AAPL
08-07-2009,19.42,19.72,19.2,19.6,143982048,AAPL
09-07-2009,19.68,19.71,19.42,19.48,85786435,AAPL
10-07-2009,19.48,19.85,19.47,19.79,111318256,AAPL
13-07-2009,19.93,20.33,19.65,20.33,120943494,AAPL
14-07-2009,20.29,20.45,20.17,20.32,86875418,AAPL
15-07-2009,20.72,21,20.62,20.98,121396114,AAPL
16-07-2009,20.82,21.15,20.8,21.07,98392161,AAPL
17-07-2009,21.3,21.72,21.23,21.68,150538451,AAPL
20-07-2009,21.9,22.15,21.56,21.84,183881187,AAPL
21-07-2009,21.9,21.92,21.39,21.64,218695309,AAPL
22-07-2009,22.54,22.68,22.3,22.39,218525832,AAPL
23-07-2009,22.38,22.63,22.22,22.55,131740378,AAPL
24-07-2009,22.42,22.86,22.36,22.86,109589914,AAPL
27-07-2009,22.88,22.98,22.47,22.87,108327807,AAPL
28-07-2009,22.7,22.87,22.51,22.86,90888133,AAPL
29-07-2009,22.7,22.92,22.61,22.86,95607050,AAPL
30-07-2009,23.1,23.53,23.07,23.26,117400808,AAPL
31-07-2009,23.28,23.57,23.27,23.34,105672952,AAPL
03-08-2009,23.6,23.81,23.55,23.78,98559874,AAPL
04-08-2009,23.56,23.65,23.46,23.65,98952371,AAPL
05-08-2009,23.68,23.91,23.46,23.59,105795333,AAPL
06-08-2009,23.65,23.79,23.3,23.42,85443631,AAPL
07-08-2009,23.64,23.8,23.54,23.64,96870928,AAPL
10-08-2009,23.67,23.8,23.38,23.53,75108789,AAPL
11-08-2009,23.38,23.48,23.13,23.26,88872154,AAPL
12-08-2009,23.22,23.82,23.21,23.62,111267639,AAPL
13-08-2009,23.81,24.1,23.79,24.06,110040595,AAPL
14-08-2009,23.99,24.03,23.65,23.83,76512275,AAPL
17-08-2009,23.36,23.37,22.77,22.8,131095251,AAPL
18-08-2009,23.09,23.46,23.06,23.43,107787547,AAPL
19-08-2009,23.25,23.61,23.21,23.51,103317865,AAPL
20-08-2009,23.57,23.82,23.52,23.76,85549730,AAPL
21-08-2009,23.95,24.2,23.83,24.17,104018292,AAPL
24-08-2009,24.3,24.39,24.04,24.15,101732176,AAPL
25-08-2009,24.21,24.42,24.16,24.2,81088343,AAPL
26-08-2009,24.13,24.22,23.82,23.92,75999469,AAPL
27-08-2009,24.11,24.22,23.55,24.21,112294826,AAPL
28-08-2009,24.61,24.64,24.08,24.29,113464428,AAPL
31-08-2009,24.02,24.12,23.79,24.03,77885087,AAPL
01-09-2009,24,24.29,23.56,23.61,117256335,AAPL
02-09-2009,23.52,23.94,23.44,23.6,91100107,AAPL
03-09-2009,23.78,23.87,23.57,23.79,73525711,AAPL
04-09-2009,23.9,24.39,23.87,24.33,93656654,AAPL
08-09-2009,24.71,24.73,24.57,24.7,78761627,AAPL
09-09-2009,24.68,24.92,24.24,24.45,202822886,AAPL
10-09-2009,24.58,24.75,24.4,24.65,122783346,AAPL
11-09-2009,24.7,24.74,24.41,24.59,87240188,AAPL
14-09-2009,24.4,24.84,24.32,24.82,80502611,AAPL
15-09-2009,24.86,25.09,24.8,25.02,106617553,AAPL
16-09-2009,25.43,26.11,25.41,25.98,188505499,AAPL
17-09-2009,26,26.68,26,26.36,202642664,AAPL
18-09-2009,26.55,26.65,26.39,26.43,150436860,AAPL
21-09-2009,26.33,26.45,25.95,26.29,109428907,AAPL
22-09-2009,26.46,26.48,26.12,26.35,89240991,AAPL
23-09-2009,26.49,26.99,26.43,26.5,148509963,AAPL
24-09-2009,26.74,26.81,26.11,26.26,137719491,AAPL
25-09-2009,26,26.5,25.92,26.05,111371862,AAPL
28-09-2009,26.27,26.67,26.19,26.59,84411999,AAPL
29-09-2009,26.68,26.77,26.33,26.48,86346379,AAPL
30-09-2009,26.59,26.64,26.09,26.48,134895635,AAPL
01-10-2009,26.48,26.6,25.81,25.84,131177739,AAPL
02-10-2009,25.92,26.56,25.91,26.41,138358668,AAPL
05-10-2009,26.6,26.69,26.32,26.57,105783062,AAPL
06-10-2009,26.82,27.14,26.76,27.14,151270875,AAPL
07-10-2009,27.11,27.22,27,27.18,116416909,AAPL
08-10-2009,27.24,27.35,26.98,27.04,109552296,AAPL
09-10-2009,27,27.24,26.95,27.21,73348345,AAPL
12-10-2009,27.29,27.36,27.09,27.26,72037756,AAPL
13-10-2009,27.23,27.31,27.1,27.15,87004582,AAPL
14-10-2009,27.46,27.47,27.18,27.33,93942639,AAPL
15-10-2009,27.09,27.27,27.08,27.22,93388722,AAPL
16-10-2009,27.05,27.19,26.83,26.86,107856189,AAPL
19-10-2009,26.84,27.14,26.51,27.12,235557336,AAPL
20-10-2009,28.66,28.82,28.26,28.39,285259814,AAPL
21-10-2009,28.5,29.82,28.46,29.27,298431525,AAPL
22-10-2009,29.24,29.69,28.93,29.31,197847825,AAPL
23-10-2009,29.39,29.4,29.03,29.13,105196434,AAPL
26-10-2009,29.1,29.54,28.59,28.93,121084383,AAPL
27-10-2009,28.81,28.97,28.06,28.2,189137473,AAPL
28-10-2009,28.24,28.29,27.3,27.49,204596217,AAPL
29-10-2009,27.86,28.12,27.45,28.05,142602061,AAPL
30-10-2009,28.01,28.11,26.58,26.93,179380894,AAPL
02-11-2009,27.11,27.55,26.51,27.04,169897231,AAPL
03-11-2009,26.84,27.07,26.56,26.96,130635414,AAPL
04-11-2009,27.25,27.69,27.18,27.26,121935499,AAPL
05-11-2009,27.49,27.86,27.4,27.72,96230799,AAPL
06-11-2009,27.5,27.88,27.49,27.76,73807363,AAPL
09-11-2009,28.13,28.84,28.04,28.78,132213683,AAPL
10-11-2009,28.72,29.28,28.72,29,100298380,AAPL
11-11-2009,29.22,29.29,28.83,29.04,111019510,AAPL
12-11-2009,29.02,29.27,28.78,28.86,90978853,AAPL
13-11-2009,28.98,29.26,28.87,29.21,85832761,AAPL
16-11-2009,29.35,29.71,29.29,29.52,121301019,AAPL
17-11-2009,29.44,29.63,29.29,29.57,99128064,AAPL
18-11-2009,29.51,29.57,29.14,29.42,93579864,AAPL
19-11-2009,29.23,29.23,28.54,28.64,135581523,AAPL
20-11-2009,28.45,28.63,28.25,28.56,101722565,AAPL
23-11-2009,29,29.43,28.99,29.41,118793731,AAPL
24-11-2009,29.33,29.41,28.99,29.21,79609194,AAPL
25-11-2009,29.34,29.38,29.11,29.17,71662311,AAPL
27-11-2009,28.46,28.99,28.34,28.66,73814244,AAPL
30-11-2009,28.73,28.81,28.4,28.56,106213926,AAPL
01-12-2009,28.89,28.97,28.12,28.14,116440583,AAPL
02-12-2009,28.42,28.77,27.96,28.03,178814706,AAPL
03-12-2009,28.2,28.43,28.04,28.07,112179578,AAPL
04-12-2009,28.53,28.55,27.18,27.62,206776668,AAPL
07-12-2009,27.62,27.68,26.95,26.99,178689658,AAPL
08-12-2009,27.05,27.48,26.96,27.12,172599280,AAPL
09-12-2009,27.33,28.31,27.19,28.26,171195185,AAPL
10-12-2009,28.5,28.53,28.02,28.06,122417155,AAPL
11-12-2009,28.25,28.29,27.63,27.81,107443378,AAPL
14-12-2009,27.91,28.2,27.51,28.14,123947124,AAPL
15-12-2009,27.98,28.22,27.61,27.74,104928453,AAPL
16-12-2009,27.87,28.07,27.79,27.86,88279674,AAPL
17-12-2009,27.75,27.86,27.29,27.41,97209056,AAPL
18-12-2009,27.6,27.93,27.51,27.92,152192516,AAPL
21-12-2009,28.01,28.54,27.95,28.32,153093108,AAPL
22-12-2009,28.49,28.69,28.38,28.62,87378543,AAPL
23-12-2009,28.75,28.91,28.69,28.87,86380987,AAPL
24-12-2009,29.08,29.91,29.05,29.86,125221985,AAPL
28-12-2009,30.25,30.56,29.94,30.23,161141050,AAPL
29-12-2009,30.38,30.39,29.82,29.87,111301071,AAPL
30-12-2009,29.83,30.29,29.76,30.23,103020708,AAPL
31-12-2009,30.45,30.48,30.08,30.1,88102679,AAPL
04-01-2010,30.49,30.64,30.34,30.57,123432050,AAPL
05-01-2010,30.66,30.8,30.46,30.63,150476004,AAPL
06-01-2010,30.63,30.75,30.11,30.14,138039594,AAPL
07-01-2010,30.25,30.29,29.86,30.08,119282324,AAPL
08-01-2010,30.04,30.29,29.87,30.28,111969081,AAPL
11-01-2010,30.4,30.43,29.78,30.02,115557365,AAPL
12-01-2010,29.88,29.97,29.49,29.67,148614774,AAPL
13-01-2010,29.7,30.13,29.16,30.09,151472335,AAPL
14-01-2010,30.02,30.07,29.86,29.92,108288411,AAPL
15-01-2010,30.13,30.23,29.41,29.42,148584065,AAPL
19-01-2010,29.76,30.74,29.61,30.72,182501620,AAPL
20-01-2010,30.7,30.79,29.93,30.25,153037892,AAPL
21-01-2010,30.3,30.47,29.6,29.72,152038565,AAPL
22-01-2010,29.54,29.64,28.17,28.25,220441872,AAPL
25-01-2010,28.93,29.24,28.6,29.01,266424802,AAPL
26-01-2010,29.42,30.53,28.94,29.42,466777486,AAPL
27-01-2010,29.55,30.08,28.5,29.7,430642030,AAPL
28-01-2010,29.28,29.36,28.39,28.47,293375376,AAPL
29-01-2010,28.73,28.89,27.18,27.44,311487785,AAPL
01-02-2010,27.48,28,27.33,27.82,187468421,AAPL
02-02-2010,27.99,28.05,27.63,27.98,174585313,AAPL
03-02-2010,27.88,28.6,27.77,28.46,153831769,AAPL
04-02-2010,28.1,28.34,27.37,27.44,189412762,AAPL
05-02-2010,27.52,28,27.26,27.92,212576350,AAPL
08-02-2010,27.96,28.27,27.71,27.73,119567119,AAPL
09-02-2010,28.06,28.21,27.82,28.03,158221028,AAPL
10-02-2010,27.98,28.09,27.75,27.87,92590218,AAPL
11-02-2010,27.84,28.54,27.72,28.38,137585903,AAPL
12-02-2010,28.3,28.81,27.93,28.63,163866906,AAPL
16-02-2010,28.85,29.1,28.79,29.06,135987761,AAPL
17-02-2010,29.17,29.19,28.69,28.94,109098710,AAPL
18-02-2010,28.8,29.13,28.7,28.99,105706111,AAPL
19-02-2010,28.84,29.03,28.73,28.81,103933466,AAPL
22-02-2010,28.91,28.93,28.46,28.63,97706168,AAPL
23-02-2010,28.57,28.76,27.96,28.15,143828223,AAPL
24-02-2010,28.32,28.78,28.26,28.66,115141376,AAPL
25-02-2010,28.2,28.98,28.13,28.86,166349071,AAPL
26-02-2010,28.91,29.31,28.86,29.23,126865060,AAPL
01-03-2010,29.39,29.93,29.35,29.86,137523183,AAPL
02-03-2010,29.99,30.12,29.68,29.84,141636152,AAPL
03-03-2010,29.85,29.98,29.71,29.9,93059694,AAPL
04-03-2010,29.9,30.13,29.8,30.1,91509936,AAPL
05-03-2010,30.71,31.39,30.66,31.28,224904603,AAPL
08-03-2010,31.43,31.44,31.18,31.3,107472239,AAPL
09-03-2010,31.19,32.14,31.13,31.86,230064660,AAPL
10-03-2010,31.98,32.21,31.89,32.12,149054143,AAPL
11-03-2010,31.99,32.21,31.9,32.21,101424638,AAPL
12-03-2010,32.48,32.53,32.25,32.37,104080620,AAPL
15-03-2010,32.2,32.21,31.46,31.98,123375091,AAPL
16-03-2010,32.03,32.14,31.79,32.06,111726636,AAPL
17-03-2010,32.13,32.35,31.9,32.02,112738997,AAPL
18-03-2010,32.01,32.14,31.8,32.09,85527113,AAPL
19-03-2010,32.11,32.18,31.6,31.75,139861148,AAPL
22-03-2010,31.5,32.29,31.45,32.11,114104634,AAPL
23-03-2010,32.23,32.68,32.01,32.62,150607177,AAPL
24-03-2010,32.52,32.89,32.5,32.77,149570232,AAPL
25-03-2010,32.99,33,32.32,32.38,135816674,AAPL
26-03-2010,32.71,33.14,32.65,32.99,160218135,AAPL
29-03-2010,33.29,33.41,33.09,33.2,135185785,AAPL
30-03-2010,33.8,33.93,33.46,33.69,131827325,AAPL
31-03-2010,33.64,33.8,33.49,33.57,107664557,AAPL
05-04-2010,33.57,34.07,33.54,34.07,171126319,AAPL
06-04-2010,34.03,34.32,33.86,34.22,111754188,AAPL
07-04-2010,34.25,34.56,34.09,34.37,157125031,AAPL
08-04-2010,34.35,34.51,34.01,34.28,143246621,AAPL
09-04-2010,34.49,34.56,34.35,34.54,83545644,AAPL
12-04-2010,34.6,34.72,34.54,34.61,83303836,AAPL
13-04-2010,34.55,34.69,34.44,34.63,76552525,AAPL
14-04-2010,35.04,35.12,34.87,35.1,101018554,AAPL
15-04-2010,35.11,35.58,35.07,35.56,94195920,AAPL
16-04-2010,35.51,35.88,34.94,35.34,187635966,AAPL
19-04-2010,35.29,35.41,34.54,35.3,141730491,AAPL
20-04-2010,35.51,35.61,34.71,34.94,184580977,AAPL
21-04-2010,36.97,37.18,36.53,37.03,245597800,AAPL
22-04-2010,36.89,38.11,36.6,38.07,198355815,AAPL
23-04-2010,38.28,38.88,38.14,38.69,199238354,AAPL
26-04-2010,38.84,38.92,38.31,38.5,119767011,AAPL
27-04-2010,38.18,38.26,37.22,37.43,177335424,AAPL
28-04-2010,37.61,37.71,36.63,37.37,189599970,AAPL
29-04-2010,37.57,38.57,37.43,38.38,139709745,AAPL
30-04-2010,38.47,38.65,37.29,37.3,135615676,AAPL
03-05-2010,37.69,38.27,37.55,38.05,113585031,AAPL
04-05-2010,37.58,37.61,36.68,36.95,180954830,AAPL
05-05-2010,36.15,36.88,35.53,36.57,220775786,AAPL
06-05-2010,36.26,36.89,28.46,35.18,321464892,AAPL
07-05-2010,34.82,35.22,32.17,33.69,419004292,AAPL
10-05-2010,35.75,36.38,35.5,36.28,246076208,AAPL
11-05-2010,35.98,37.13,35.79,36.65,212587809,AAPL
12-05-2010,37.04,37.59,36.96,37.44,163594375,AAPL
13-05-2010,37.6,37.86,36.63,36.91,149927526,AAPL
14-05-2010,36.45,36.64,35.64,36.26,189840357,AAPL
17-05-2010,36.39,36.6,35.39,36.32,190708252,AAPL
18-05-2010,36.71,36.94,35.75,36.05,195668956,AAPL
19-05-2010,35.64,36.13,34.98,35.48,256431406,AAPL
20-05-2010,34.55,34.84,33.74,33.97,320728737,AAPL
21-05-2010,33.26,34.93,33.05,34.62,305976755,AAPL
24-05-2010,35.33,35.84,35.18,35.25,188561359,AAPL
25-05-2010,34.19,35.25,33.88,35.03,262003357,AAPL
26-05-2010,35.73,36.02,34.82,34.87,212664144,AAPL
27-05-2010,35.8,36.27,35.59,36.19,166575339,AAPL
28-05-2010,37.06,37.06,36.19,36.7,203903217,AAPL
01-06-2010,37.1,37.99,36.99,37.26,219118382,AAPL
02-06-2010,37.79,37.83,37.19,37.71,172136524,AAPL
03-06-2010,37.88,37.94,37.2,37.59,162539314,AAPL
04-06-2010,36.89,37.41,36.38,36.57,189610442,AAPL
07-06-2010,36.9,37.02,35.79,35.85,221745538,AAPL
08-06-2010,36.18,36.26,35.09,35.62,250192019,AAPL
09-06-2010,35.92,35.99,34.64,34.74,213657171,AAPL
10-06-2010,34.98,35.85,34.6,35.79,194088937,AAPL
11-06-2010,35.46,36.27,35.34,36.22,136439884,AAPL
14-06-2010,36.57,37.02,36.29,36.33,150740100,AAPL
15-06-2010,36.52,37.12,36.5,37.1,146268297,AAPL
16-06-2010,37.3,38.25,37.23,38.18,195922370,AAPL
17-06-2010,38.66,38.99,38.5,38.84,218365231,AAPL
18-06-2010,38.89,39.29,38.77,39.15,196154945,AAPL
21-06-2010,39.67,39.86,38.39,38.6,194122453,AAPL
22-06-2010,38.88,39.42,38.79,39.12,179314996,AAPL
23-06-2010,39.23,39.24,38.27,38.71,192113733,AAPL
24-06-2010,38.71,39.03,38.3,38.43,178782814,AAPL
25-06-2010,38.58,38.61,37.97,38.1,137485271,AAPL
28-06-2010,38.13,38.54,37.79,38.33,146358254,AAPL
29-06-2010,37.73,37.77,36.33,36.6,283336130,AAPL
30-06-2010,36.67,36.85,35.72,35.93,184867060,AAPL
01-07-2010,36.33,36.4,34.75,35.5,255738140,AAPL
02-07-2010,35.78,35.85,34.74,35.28,173624381,AAPL
06-07-2010,35.86,36.11,35.17,35.52,153808676,AAPL
07-07-2010,35.78,36.97,35.68,36.95,163639812,AAPL
08-07-2010,37.5,37.56,36.41,36.87,184537661,AAPL
09-07-2010,36.7,37.13,36.45,37.09,108393537,AAPL
12-07-2010,36.93,37.41,36.41,36.76,140719236,AAPL
13-07-2010,36.62,36.63,35.2,35.97,297738658,AAPL
14-07-2010,35.63,36.54,35.57,36.1,203042784,AAPL
15-07-2010,35.46,36.71,35.33,35.92,206215849,AAPL
16-07-2010,36.17,36.42,35.49,35.7,259964376,AAPL
19-07-2010,35.7,35.7,34.23,35.08,256124484,AAPL
20-07-2010,34.7,36.13,34.29,35.98,268737511,AAPL
21-07-2010,37.87,37.88,36.29,36.32,296417422,AAPL
22-07-2010,36.81,37.14,36.47,37,161329322,AAPL
23-07-2010,36.73,37.2,36.61,37.13,133346661,AAPL
26-07-2010,37.14,37.16,36.82,37.04,105137452,AAPL
27-07-2010,37.27,37.83,37.19,37.73,146192641,AAPL
28-07-2010,37.67,38,37.18,37.28,129996090,AAPL
29-07-2010,37.24,37.52,36.59,36.87,160951385,AAPL
30-07-2010,36.56,37.1,36.41,36.75,112113960,AAPL
02-08-2010,37.21,37.51,37.09,37.41,107021026,AAPL
03-08-2010,37.29,37.61,37.06,37.42,104413218,AAPL
04-08-2010,37.55,37.75,37.19,37.57,105139076,AAPL
05-08-2010,37.39,37.6,37.22,37.39,72340618,AAPL
06-08-2010,37.11,37.36,36.8,37.16,111253310,AAPL
09-08-2010,37.35,37.45,37.08,37.39,75781356,AAPL
10-08-2010,37.12,37.21,36.79,37.06,112979405,AAPL
11-08-2010,36.49,36.53,35.69,35.74,155013068,AAPL
12-08-2010,35.24,36.16,35.16,35.97,133729834,AAPL
13-08-2010,35.95,35.98,35.58,35.59,88716635,AAPL
16-08-2010,35.37,35.72,35.23,35.38,79606849,AAPL
17-08-2010,35.73,36.38,35.6,36,105662221,AAPL
18-08-2010,36.05,36.38,35.94,36.15,84923923,AAPL
19-08-2010,36.12,36.21,35.53,35.7,106676227,AAPL
20-08-2010,35.63,36.27,35.57,35.66,96057206,AAPL
23-08-2010,35.97,36,35.04,35.11,103516812,AAPL
24-08-2010,34.67,34.71,34.09,34.28,150638208,AAPL
25-08-2010,34.01,34.86,33.89,34.7,149216228,AAPL
26-08-2010,35.06,35.11,34.33,34.33,116625803,AAPL
27-08-2010,34.54,34.66,33.65,34.52,137146576,AAPL
30-08-2010,34.39,35.11,34.38,34.64,95821894,AAPL
31-08-2010,34.55,34.94,34.34,34.73,105196602,AAPL
01-09-2010,35.35,35.92,35.18,35.76,174258805,AAPL
02-09-2010,35.89,36.02,35.51,36.02,103856298,AAPL
03-09-2010,36.44,36.97,36.36,36.97,130197067,AAPL
07-09-2010,36.66,37.08,36.61,36.83,85706313,AAPL
08-09-2010,37.11,37.77,37.01,37.56,131637114,AAPL
09-09-2010,37.86,38.07,37.56,37.58,109643597,AAPL
10-09-2010,37.6,37.79,37.34,37.63,96940319,AAPL
13-09-2010,37.97,38.33,37.97,38.15,97194965,AAPL
14-09-2010,38.03,38.45,37.93,38.29,102037313,AAPL
15-09-2010,38.31,38.63,38.26,38.6,107341570,AAPL
16-09-2010,38.61,39.52,38.5,39.51,163025387,AAPL
17-09-2010,39.67,39.71,39.1,39.34,158618691,AAPL
20-09-2010,39.44,40.54,39.41,40.46,164822833,AAPL
21-09-2010,40.55,41.05,40.4,40.54,167418881,AAPL
22-09-2010,40.39,41.14,40.34,41.11,146353774,AAPL
23-09-2010,40.9,41.82,40.86,41.27,196528871,AAPL
24-09-2010,41.73,41.93,41.51,41.76,162371804,AAPL
27-09-2010,42,42.1,41.57,41.6,120774913,AAPL
28-09-2010,41.68,41.68,39.29,40.98,258760411,AAPL
29-09-2010,41.03,41.4,40.86,41.05,117410608,AAPL
30-09-2010,41.29,41.43,40.18,40.54,168347452,AAPL
01-10-2010,40.88,40.94,40.19,40.36,112101444,AAPL
04-10-2010,40.23,40.41,39.68,39.81,108824968,AAPL
05-10-2010,40.29,41.35,40.26,41.28,125491450,AAPL
06-10-2010,41.37,41.71,40.75,41.31,167716514,AAPL
07-10-2010,41.48,41.5,40.99,41.32,102099277,AAPL
08-10-2010,41.67,42.07,41.43,42.01,164600814,AAPL
11-10-2010,42.11,42.46,42.09,42.19,106937733,AAPL
12-10-2010,42.2,42.79,41.78,42.65,139634663,AAPL
13-10-2010,42.89,43.14,42.83,42.88,157522589,AAPL
14-10-2010,43.1,43.21,42.91,43.19,108823925,AAPL
15-10-2010,43.92,45,43.56,44.96,230548444,AAPL
18-10-2010,45.5,45.57,44.9,45.43,276114391,AAPL
19-10-2010,43.34,44.82,42.86,44.21,308189833,AAPL
20-10-2010,44.14,44.89,43.84,44.36,180406030,AAPL
21-10-2010,44.62,44.96,43.83,44.22,137864321,AAPL
22-10-2010,44.15,44.29,43.76,43.92,93193856,AAPL
25-10-2010,44.16,44.51,44.06,44.12,98107996,AAPL
26-10-2010,43.84,44.25,43.66,44.01,98232337,AAPL
27-10-2010,43.95,44.27,43.66,43.98,99750070,AAPL
28-10-2010,43.99,44,42.99,43.61,137761540,AAPL
29-10-2010,43.46,43.7,42.98,43,107627128,AAPL
01-11-2010,43.17,43.66,43.17,43.45,105972251,AAPL
02-11-2010,43.86,44.31,43.86,44.19,108482437,AAPL
03-11-2010,44.48,44.7,44.08,44.69,127086848,AAPL
04-11-2010,45.06,45.74,45,45.47,160621979,AAPL
05-11-2010,45.43,45.65,45.25,45.3,90313265,AAPL
08-11-2010,45.31,45.68,45.25,45.52,70433307,AAPL
09-11-2010,45.86,45.9,44.93,45.15,95928805,AAPL
10-11-2010,45.23,45.54,44.79,45.43,96056373,AAPL
11-11-2010,45,45.49,44.89,45.24,90320433,AAPL
12-11-2010,45.14,45.21,43.38,44,198961462,AAPL
15-11-2010,44.07,44.36,43.75,43.86,100900954,AAPL
16-11-2010,43.67,43.94,42.76,43.08,164737342,AAPL
17-11-2010,43.03,43.43,42.54,42.93,119862407,AAPL
18-11-2010,43.6,44.24,43.53,44.06,123622443,AAPL
19-11-2010,44,44.06,43.61,43.82,96210793,AAPL
22-11-2010,43.81,44.77,43.7,44.77,98268492,AAPL
23-11-2010,44.35,44.54,43.79,44.1,129861284,AAPL
24-11-2010,44.57,45.06,44.54,44.97,103568136,AAPL
26-11-2010,44.82,45.39,44.71,45,59436237,AAPL
29-11-2010,45.07,45.35,44.48,45.27,111439895,AAPL
30-11-2010,44.79,44.91,44.41,44.45,125463303,AAPL
01-12-2010,45.04,45.39,45,45.2,115437672,AAPL
02-12-2010,45.36,45.57,44.98,45.45,115912916,AAPL
03-12-2010,45.29,45.52,45.19,45.35,85592283,AAPL
06-12-2010,45.52,46.05,45.49,45.74,112120127,AAPL
07-12-2010,46.26,46.28,45.45,45.46,97863465,AAPL
08-12-2010,45.66,45.86,45.3,45.86,80483501,AAPL
09-12-2010,46.02,46.07,45.57,45.68,73536526,AAPL
10-12-2010,45.66,45.86,45.51,45.79,65644243,AAPL
13-12-2010,46.34,46.44,45.86,45.95,109953333,AAPL
14-12-2010,45.96,46.08,45.57,45.76,87891762,AAPL
15-12-2010,45.71,46.14,45.6,45.77,104327314,AAPL
16-12-2010,45.87,46.09,45.73,45.89,80507098,AAPL
17-12-2010,45.95,45.97,45.75,45.8,96787068,AAPL
20-12-2010,45.94,46.18,45.46,46.03,96402194,AAPL
21-12-2010,46.14,46.34,46.01,46.32,64087884,AAPL
22-12-2010,46.34,46.53,46.22,46.45,66536029,AAPL
23-12-2010,46.43,46.45,46.17,46.23,55875176,AAPL
27-12-2010,46.12,46.49,45.93,46.38,62453699,AAPL
28-12-2010,46.56,46.67,46.44,46.5,43980797,AAPL
29-12-2010,46.6,46.64,46.44,46.47,40817672,AAPL
30-12-2010,46.5,46.5,46.15,46.24,39414991,AAPL
31-12-2010,46.14,46.21,45.9,46.08,48413827,AAPL
03-01-2011,46.52,47.18,46.41,47.08,111280407,AAPL
04-01-2011,47.49,47.5,46.88,47.33,77337001,AAPL
05-01-2011,47.08,47.76,47.07,47.71,63879193,AAPL
06-01-2011,47.82,47.89,47.56,47.68,75106626,AAPL
07-01-2011,47.71,48.05,47.41,48.02,77982212,AAPL
10-01-2011,48.4,49.03,48.17,48.92,112139482,AAPL
11-01-2011,49.27,49.28,48.5,48.81,111019993,AAPL
12-01-2011,49.04,49.2,48.86,49.2,75644310,AAPL
13-01-2011,49.31,49.52,49.12,49.38,74536182,AAPL
14-01-2011,49.41,49.78,49.21,49.78,77209748,AAPL
18-01-2011,47.07,49.25,46.57,48.66,470246700,AAPL
19-01-2011,49.76,49.8,48.13,48.41,283902199,AAPL
20-01-2011,48.06,48.33,47.16,47.53,191197293,AAPL
21-01-2011,47.68,47.84,46.66,46.67,188599712,AAPL
24-01-2011,46.7,48.21,46.67,48.21,143670548,AAPL
25-01-2011,48.05,48.78,47.8,48.77,136716650,AAPL
26-01-2011,48.99,49.37,48.79,49.12,126716779,AAPL
27-01-2011,49.11,49.24,48.98,49.03,71255961,AAPL
28-01-2011,49.17,49.2,47.65,48.01,148014146,AAPL
31-01-2011,47.97,48.58,47.76,48.47,94311602,AAPL
01-02-2011,48.76,49.38,48.71,49.29,106657943,AAPL
02-02-2011,49.21,49.32,49.08,49.19,64738807,AAPL
03-02-2011,49.11,49.18,48.36,49.06,98449148,AAPL
04-02-2011,49.09,49.53,49.07,49.5,80459575,AAPL
07-02-2011,49.7,50.46,49.66,50.27,121254910,AAPL
08-02-2011,50.53,50.79,50.31,50.74,95259906,AAPL
09-02-2011,50.74,51.29,50.7,51.17,120686090,AAPL
10-02-2011,51.06,51.43,49.71,50.65,232137360,AAPL
11-02-2011,50.68,51.11,50.51,50.98,91892948,AAPL
14-02-2011,50.97,51.35,50.96,51.31,77603491,AAPL
15-02-2011,51.31,51.42,51.08,51.41,71043441,AAPL
16-02-2011,51.54,52.13,51.5,51.88,120288833,AAPL
17-02-2011,51.04,51.47,50.93,51.19,132643504,AAPL
18-02-2011,51.24,51.36,49.93,50.08,204011724,AAPL
22-02-2011,48.88,49.34,48.25,48.37,218135561,AAPL
23-02-2011,48.4,49.23,48.37,48.95,167962942,AAPL
24-02-2011,49.15,49.31,48.34,48.98,124974514,AAPL
25-02-2011,49.32,49.78,49.26,49.74,95004483,AAPL
28-02-2011,50.18,50.72,50.16,50.46,100768479,AAPL
01-03-2011,50.78,50.82,49.67,49.9,114032163,AAPL
02-03-2011,49.99,50.62,49.77,50.3,150647189,AAPL
03-03-2011,51.03,51.4,50.85,51.37,125196764,AAPL
04-03-2011,51.44,51.47,51.11,51.43,113316483,AAPL
07-03-2011,51.63,51.67,50.19,50.77,136530149,AAPL
08-03-2011,50.7,51.06,50.32,50.82,89078955,AAPL
09-03-2011,50.67,50.68,50.09,50.35,113349033,AAPL
10-03-2011,49.87,49.97,49.27,49.52,126972055,AAPL
11-03-2011,49.33,50.33,49.29,50.28,117770016,AAPL
14-03-2011,50.45,50.93,50.19,50.51,109113690,AAPL
15-03-2011,48.87,49.69,48.59,49.35,180262334,AAPL
16-03-2011,48.86,49,46.61,47.14,289187626,AAPL
17-03-2011,48.12,48.52,47.24,47.81,164854977,AAPL
18-03-2011,48.16,48.31,47.14,47.24,188302604,AAPL
21-03-2011,48,48.53,47.89,48.47,102347560,AAPL
22-03-2011,48.94,48.95,48.45,48.74,81558162,AAPL
23-03-2011,48.47,48.6,47.99,48.46,93248498,AAPL
24-03-2011,48.84,49.43,48.41,49.28,101177720,AAPL
25-03-2011,49.72,50.29,49.57,50.22,112292796,AAPL
28-03-2011,50.45,50.62,50.06,50.06,77337407,AAPL
29-03-2011,49.67,50.14,49.44,50.14,88224955,AAPL
30-03-2011,50.09,50.13,49.63,49.8,82351269,AAPL
31-03-2011,49.48,49.97,49.44,49.79,68592006,AAPL
01-04-2011,50.16,50.23,49.04,49.22,104665400,AAPL
04-04-2011,49.19,49.23,48.34,48.74,115020542,AAPL
05-04-2011,48.14,48.89,48,48.41,120740809,AAPL
06-04-2011,48.75,49.13,48.16,48.29,100634681,AAPL
07-04-2011,48.3,48.63,48,48.3,93361520,AAPL
08-04-2011,48.56,48.59,47.71,47.87,94383317,AAPL
11-04-2011,47.72,47.95,47.15,47.26,99787618,AAPL
12-04-2011,47.21,47.68,47.17,47.49,106627080,AAPL
13-04-2011,47.86,48.02,47.5,48.02,86608963,AAPL
14-04-2011,47.83,48,47.44,47.49,75497401,AAPL
15-04-2011,47.61,47.66,46.69,46.78,113458247,AAPL
18-04-2011,46.59,47.46,45.74,47.41,152474427,AAPL
19-04-2011,47.59,48.28,47.39,48.27,104844243,AAPL
20-04-2011,49.07,49.39,48.79,48.92,175163842,AAPL
21-04-2011,50.71,50.73,49.79,50.1,188449618,AAPL
25-04-2011,50.05,50.54,50.04,50.43,66636290,AAPL
26-04-2011,50.52,50.71,49.91,50.06,84400645,AAPL
27-04-2011,50.32,50.34,49.59,50.02,89052887,AAPL
28-04-2011,49.46,49.96,49.36,49.54,90297123,AAPL
29-04-2011,49.54,50.56,49.52,50.02,251585929,AAPL
02-05-2011,49.96,50.07,49.36,49.47,110678246,AAPL
03-05-2011,49.71,49.98,49.37,49.74,78390249,AAPL
04-05-2011,49.75,50.26,49.55,49.94,97312229,AAPL
05-05-2011,49.77,50.14,49.44,49.54,84065352,AAPL
06-05-2011,49.96,50,49.46,49.52,70061285,AAPL
09-05-2011,49.69,49.89,49.5,49.66,51188151,AAPL
10-05-2011,49.84,49.96,49.52,49.92,70521969,AAPL
11-05-2011,49.86,50,49.32,49.6,84018683,AAPL
12-05-2011,49.45,49.59,48.9,49.51,80239593,AAPL
13-05-2011,49.38,49.46,48.62,48.64,81547956,AAPL
16-05-2011,48.46,48.75,47.51,47.61,112535374,AAPL
17-05-2011,47.43,48.02,47.25,48.02,113196657,AAPL
18-05-2011,48.07,48.72,48,48.55,83693267,AAPL
19-05-2011,48.87,48.92,48.38,48.65,65291310,AAPL
20-05-2011,48.51,48.71,47.86,47.89,84547708,AAPL
23-05-2011,47.14,48,47.06,47.77,95627217,AAPL
24-05-2011,47.93,47.99,47.33,47.46,80520650,AAPL
25-05-2011,47.63,48.37,47.55,48.11,73555433,AAPL
26-05-2011,48,48.13,47.78,47.86,55673751,AAPL
27-05-2011,47.83,48.23,47.76,48.2,50912897,AAPL
31-05-2011,48.73,49.69,48.71,49.69,104434134,AAPL
01-06-2011,49.84,50.3,49.24,49.36,138670602,AAPL
02-06-2011,49.5,49.71,49.19,49.44,84721112,AAPL
03-06-2011,49.03,49.33,48.86,49.06,78360765,AAPL
06-06-2011,49.42,49.58,48.26,48.29,115484677,AAPL
07-06-2011,48.31,48.32,47.41,47.43,132493060,AAPL
08-06-2011,47.4,47.83,47.24,47.46,83471577,AAPL
09-06-2011,47.61,47.67,47.25,47.36,68841199,AAPL
10-06-2011,47.22,47.38,46.5,46.56,108529400,AAPL
13-06-2011,46.74,46.9,46.44,46.66,82414108,AAPL
14-06-2011,47.14,47.61,47.04,47.49,83641901,AAPL
15-06-2011,47.11,47.19,46.41,46.68,99851885,AAPL
16-06-2011,46.7,46.95,45.48,46.45,127647338,AAPL
17-06-2011,47,47.04,45.62,45.75,153872649,AAPL
20-06-2011,45.34,45.39,44.36,45.05,160161274,AAPL
21-06-2011,45.24,46.54,45.03,46.47,123343514,AAPL
22-06-2011,46.45,46.99,46.05,46.09,97645436,AAPL
23-06-2011,45.56,47.38,45.45,47.32,139939254,AAPL
24-06-2011,47.34,47.59,46.44,46.62,109981312,AAPL
27-06-2011,46.8,47.7,46.75,47.43,84989933,AAPL
28-06-2011,47.66,48.1,47.63,47.89,73574907,AAPL
29-06-2011,48.01,48.05,47.41,47.72,88179070,AAPL
30-06-2011,47.81,48.02,47.55,47.95,80807391,AAPL
01-07-2011,47.99,49.07,47.74,49.04,108828209,AAPL
05-07-2011,49,49.98,48.93,49.92,88818618,AAPL
06-07-2011,49.85,50.59,49.53,50.25,111156241,AAPL
07-07-2011,50.67,51.14,50.57,51.03,99915319,AAPL
08-07-2011,50.48,51.43,50.31,51.39,122481639,AAPL
11-07-2011,50.91,51.4,50.4,50.57,110713974,AAPL
12-07-2011,50.5,51.1,49.8,50.54,112901691,AAPL
13-07-2011,51.19,51.43,50.91,51.15,97909518,AAPL
14-07-2011,51.57,51.66,50.91,51.11,107633155,AAPL
15-07-2011,51.6,52.14,51.31,52.13,121116338,AAPL
18-07-2011,52.2,53.52,52.18,53.4,143157623,AAPL
19-07-2011,54,54.09,53.33,53.84,204786344,AAPL
20-07-2011,56.59,56.61,55.14,55.27,235331712,AAPL
21-07-2011,55.28,55.72,54.84,55.33,131629036,AAPL
22-07-2011,55.47,56.44,55.39,56.19,129181885,AAPL
25-07-2011,55.76,57.14,55.66,56.93,147451094,AAPL
26-07-2011,57.14,57.79,57.1,57.63,119145026,AAPL
27-07-2011,57.23,57.52,56.02,56.08,164830470,AAPL
28-07-2011,55.95,56.71,55.45,55.97,148506092,AAPL
29-07-2011,55.38,56.45,54.86,55.78,158145890,AAPL
01-08-2011,56.83,57.07,56.05,56.68,153207957,AAPL
02-08-2011,56.81,56.13,54.61,55.46,250968788,AAPL
03-08-2011,55.46,56.22,54.61,56.08,183125796,AAPL
04-08-2011,55.63,55.9,53.91,53.91,217851424,AAPL
05-08-2011,54.35,54.79,51.8,53.37,301140350,AAPL
08-08-2011,51.67,52.54,50.43,50.46,285951204,AAPL
09-08-2011,51.61,53.52,50.71,53.43,270645704,AAPL
10-08-2011,53.02,53.52,51.79,51.96,219662296,AAPL
11-08-2011,52.93,53.64,52.1,53.39,185491110,AAPL
12-08-2011,54,54.23,53.46,53.86,132243405,AAPL
15-08-2011,54.23,55,54.01,54.77,115135468,AAPL
16-08-2011,54.5,54.77,53.72,54.35,124722122,AAPL
17-08-2011,54.62,54.93,54,54.35,110514943,AAPL
18-08-2011,52.98,53.24,51.62,52.29,212858289,AAPL
19-08-2011,51.74,52.43,50.86,50.86,193970546,AAPL
22-08-2011,52.07,52.13,50.73,50.92,133826210,AAPL
23-08-2011,51.47,53.38,51,53.37,164208576,AAPL
24-08-2011,53.35,54.14,52.94,53.74,156566907,AAPL
25-08-2011,52.15,53.64,52.14,53.39,217825076,AAPL
26-08-2011,53.02,54.83,52.97,54.8,160368761,AAPL
29-08-2011,55.45,55.93,55.43,55.71,101313149,AAPL
30-08-2011,55.46,55.98,55.17,55.71,104480264,AAPL
31-08-2011,55.8,56.01,54.55,54.98,130688894,AAPL
01-09-2011,55.12,55.33,54.39,54.43,85930705,AAPL
02-09-2011,53.53,54,53.12,53.44,109791514,AAPL
06-09-2011,52.48,54.33,52.35,54.25,127424129,AAPL
07-09-2011,55.08,55.09,54.57,54.85,87643794,AAPL
08-09-2011,54.63,55.52,54.62,54.88,104039460,AAPL
09-09-2011,54.85,55.14,53.57,53.93,141269408,AAPL
12-09-2011,53.29,54.41,53.13,54.28,116957988,AAPL
13-09-2011,54.59,55.17,54.32,54.95,110184487,AAPL
14-09-2011,55.29,56.03,55.11,55.61,133680848,AAPL
15-09-2011,55.92,56.24,55.7,56.14,104454581,AAPL
16-09-2011,56.51,57.22,56.43,57.21,174622161,AAPL
19-09-2011,56.71,59.03,56.46,58.8,205964780,AAPL
20-09-2011,59.32,60.41,58.74,59.06,193937289,AAPL
21-09-2011,59.95,60.23,58.86,58.88,151493755,AAPL
22-09-2011,57.29,58.55,56.67,57.4,242120137,AAPL
23-09-2011,57.18,58.11,57.12,57.76,136620610,AAPL
26-09-2011,57.12,57.71,55.9,57.6,203218862,AAPL
27-09-2011,58.39,58.46,56.87,57.04,158124372,AAPL
28-09-2011,57.17,57.68,56.64,56.72,107463181,AAPL
29-09-2011,57.42,57.46,55.17,55.8,162841147,AAPL
30-09-2011,55.3,55.56,54.45,54.47,137059223,AAPL
03-10-2011,54.34,54.66,53.31,53.51,167269011,AAPL
04-10-2011,53.51,54.54,50.61,53.21,308418887,AAPL
05-10-2011,52.55,54.26,51.47,54.04,196617358,AAPL
06-10-2011,53.33,54.97,53.11,53.91,203145054,AAPL
07-10-2011,53.68,53.96,52.64,52.83,133904162,AAPL
10-10-2011,54.16,55.54,54.03,55.54,110628287,AAPL
11-10-2011,56.08,57.6,55.93,57.18,151420465,AAPL
12-10-2011,58.19,58.46,57.16,57.46,155570982,AAPL
13-10-2011,57.85,58.35,57.55,58.35,106545775,AAPL
14-10-2011,59.55,60.29,59.32,60.29,143341730,AAPL
17-10-2011,60.25,60.96,59.42,60,171510696,AAPL
18-10-2011,60.25,60.69,59.43,60.32,220400096,AAPL
19-10-2011,57.34,58.35,56.83,56.95,275998093,AAPL
20-10-2011,57.14,57.19,56.32,56.47,137382294,AAPL
21-10-2011,56.87,57.02,55.82,56.12,155310512,AAPL
24-10-2011,56.6,58.07,56.49,57.97,125589044,AAPL
25-10-2011,57.86,58.08,56.77,56.82,107650200,AAPL
26-10-2011,57.39,57.51,56.16,57.23,114074982,AAPL
27-10-2011,58.22,58.43,57.41,57.81,123713317,AAPL
28-10-2011,57.57,58.05,57.5,57.85,80709748,AAPL
31-10-2011,57.49,58.48,57.29,57.83,96406303,AAPL
01-11-2011,56.77,57.07,56.17,56.64,132946877,AAPL
02-11-2011,57.16,57.21,56.44,56.77,82063667,AAPL
03-11-2011,57.01,57.63,56.48,57.58,110381075,AAPL
04-11-2011,57.43,57.63,57.02,57.18,75556992,AAPL
07-11-2011,57.13,57.14,56.59,57.1,67565799,AAPL
08-11-2011,57.46,58.29,57.37,58.03,100109842,AAPL
09-11-2011,56.71,57.27,56.32,56.47,139670930,AAPL
10-11-2011,56.72,56.74,54.59,55.03,186245269,AAPL
11-11-2011,55.23,55.53,54.32,54.95,163446017,AAPL
14-11-2011,54.79,55.04,54.03,54.18,108265507,AAPL
15-11-2011,54.4,55.64,54.21,55.55,107744812,AAPL
16-11-2011,55.61,55.88,54.9,54.97,87302012,AAPL
17-11-2011,54.85,54.94,53.64,53.92,120030148,AAPL
18-11-2011,54.13,54.28,53.55,53.56,93018765,AAPL
21-11-2011,52.91,53.1,52.27,52.72,112050589,AAPL
22-11-2011,53,53.99,52.99,53.79,102324341,AAPL
23-11-2011,53.5,53.69,52.41,52.43,107160445,AAPL
25-11-2011,52.63,53.02,51.9,51.94,63689801,AAPL
28-11-2011,53.19,53.82,52.9,53.73,86660854,AAPL
29-11-2011,53.69,54.12,52.89,53.31,94007858,AAPL
30-11-2011,54.47,54.61,54.04,54.6,101516702,AAPL
01-12-2011,54.65,55.57,54.39,55.42,96794838,AAPL
02-12-2011,55.69,56.23,55.51,55.67,94818290,AAPL
05-12-2011,56.21,56.63,55.77,56.14,89342127,AAPL
06-12-2011,56.07,56.38,55.63,55.85,70951013,AAPL
07-12-2011,55.7,55.85,55.25,55.58,76249929,AAPL
08-12-2011,55.92,56.5,55.75,55.81,94089051,AAPL
09-12-2011,56.12,56.29,55.86,56.23,74285785,AAPL
12-12-2011,55.95,56.27,55.64,55.98,75266366,AAPL
13-12-2011,56.14,56.49,55.3,55.54,84784203,AAPL
14-12-2011,55.24,55.34,53.95,54.31,101788680,AAPL
15-12-2011,54.76,54.82,54.04,54.13,64112125,AAPL
16-12-2011,54.34,54.88,54.22,54.43,105394401,AAPL
19-12-2011,54.64,54.98,54.35,54.6,58881914,AAPL
20-12-2011,55.39,56.59,55.32,56.56,84350728,AAPL
21-12-2011,56.67,56.76,56,56.64,65736678,AAPL
22-12-2011,56.71,57.02,56.59,56.94,50589112,AAPL
23-12-2011,57.1,57.66,57.07,57.62,67401964,AAPL
27-12-2011,57.59,58.44,57.57,58.08,66308613,AAPL
28-12-2011,58.13,58.32,57.33,57.52,57214227,AAPL
29-12-2011,57.63,57.95,57.22,57.87,54039041,AAPL
30-12-2011,57.64,58.04,57.64,57.86,44943710,AAPL
03-01-2012,58.49,58.93,58.43,58.75,75564699,AAPL
04-01-2012,58.57,59.24,58.47,59.06,65061108,AAPL
05-01-2012,59.28,59.79,58.95,59.72,67816805,AAPL
06-01-2012,59.97,60.39,59.89,60.34,79596412,AAPL
09-01-2012,60.79,61.11,60.19,60.25,98505792,AAPL
10-01-2012,60.84,60.86,60.21,60.46,64581762,AAPL
11-01-2012,60.38,60.41,59.9,60.36,53798059,AAPL
12-01-2012,60.33,60.41,59.82,60.2,53180911,AAPL
13-01-2012,59.96,60.06,59.81,59.97,56539749,AAPL
17-01-2012,60.6,60.86,60.42,60.67,60724055,AAPL
18-01-2012,60.99,61.35,60.9,61.3,69197758,AAPL
19-01-2012,61.45,61.62,60.93,61.11,65434453,AAPL
20-01-2012,61.07,61.07,59.96,60.04,103492249,AAPL
23-01-2012,60.38,61.21,60.33,61.06,76515446,AAPL
24-01-2012,60.73,60.73,59.94,60.06,136909311,AAPL
25-01-2012,64.92,64.92,63.39,63.81,239565837,AAPL
26-01-2012,64.05,64.11,63.31,63.52,81057711,AAPL
27-01-2012,63.48,64.07,63.4,63.9,74971631,AAPL
30-01-2012,63.67,64.84,63.63,64.72,94832073,AAPL
31-01-2012,65.08,65.46,64.72,65.21,97977985,AAPL
01-02-2012,65.49,65.57,65.08,65.17,67510562,AAPL
02-02-2012,65.13,65.31,64.85,65.02,46698547,AAPL
03-02-2012,65.33,65.71,65.08,65.67,71717009,AAPL
06-02-2012,65.48,66.43,65.46,66.28,62420596,AAPL
07-02-2012,66.46,67.11,66.37,66.98,79055263,AAPL
08-02-2012,67.21,68.11,67.1,68.1,101969280,AAPL
09-02-2012,68.68,70.96,68.65,70.45,221053602,AAPL
10-02-2012,70.14,71.09,69.79,70.49,157824975,AAPL
13-02-2012,71.36,71.98,71.01,71.8,129301606,AAPL
14-02-2012,72.09,72.79,71.71,72.78,115483011,AAPL
15-02-2012,73.47,75.18,70.98,71.1,376528040,AAPL
16-02-2012,70.21,72.13,69.52,71.74,236137405,AAPL
17-02-2012,71.87,72.54,71.47,71.73,133947191,AAPL
21-02-2012,72.41,73.55,72.02,73.55,151396399,AAPL
22-02-2012,73.3,73.64,72.72,73.29,120823808,AAPL
23-02-2012,73.58,73.98,72.79,73.77,142006312,AAPL
24-02-2012,74.24,74.7,74.09,74.63,103819905,AAPL
27-02-2012,74.47,75.5,73.75,75.11,136895304,AAPL
28-02-2012,75.42,76.49,75.12,76.49,150096478,AAPL
29-02-2012,77.37,78.23,76.53,77.49,238000378,AAPL
01-03-2012,78.31,78.32,76.97,77.78,170813188,AAPL
02-03-2012,77.75,78.11,77.5,77.88,107927589,AAPL
05-03-2012,77.92,78.21,75.14,76.17,202280183,AAPL
06-03-2012,74.81,76.24,73.75,75.75,202559651,AAPL
07-03-2012,76.69,76.83,74.76,75.81,199629549,AAPL
08-03-2012,76.38,77.57,76.02,77.43,129110723,AAPL
09-03-2012,77.74,78.25,77.59,77.88,104724732,AAPL
12-03-2012,78.43,78.86,78.14,78.86,101820019,AAPL
13-03-2012,79.65,81.17,79.39,81.16,172712659,AAPL
14-03-2012,82.58,84.96,82.2,84.23,354709747,AAPL
15-03-2012,85.66,85.72,82.65,83.65,289917768,AAPL
16-03-2012,83.53,84.17,82.57,83.65,206371879,AAPL
19-03-2012,85.48,85.97,84.15,85.87,225308790,AAPL
20-03-2012,85.64,86.7,83.14,86.57,204167033,AAPL
21-03-2012,86.11,87.09,85.92,86.07,161010374,AAPL
22-03-2012,85.4,86.36,85.08,85.62,156032898,AAPL
23-03-2012,85.78,85.97,84.91,85.15,107621815,AAPL
26-03-2012,85.68,86.74,85.04,86.71,148934219,AAPL
27-03-2012,86.6,88.04,86.58,87.78,151782141,AAPL
28-03-2012,88.34,88.78,87.19,88.23,163864869,AAPL
29-03-2012,87.54,88.08,86.75,87.12,152059432,AAPL
30-03-2012,86.97,87.22,85.42,85.65,182759395,AAPL
02-04-2012,85.98,88.4,85.77,88.38,149586458,AAPL
03-04-2012,89.61,90.32,88.93,89.9,208638360,AAPL
04-04-2012,89.19,89.41,88.14,89.19,143245095,AAPL
05-04-2012,89.57,90.67,89.06,90.53,160318858,AAPL
09-04-2012,89.45,91.41,89.33,90.89,149384046,AAPL
10-04-2012,91.42,92,89.43,89.78,222422452,AAPL
11-04-2012,90.89,90.98,89.05,89.46,174152769,AAPL
12-04-2012,89.29,90.19,88.64,88.97,153582163,AAPL
13-04-2012,89.16,89.24,86.22,86.46,214911067,AAPL
16-04-2012,87.15,87.18,82.61,82.88,262696056,AAPL
17-04-2012,82.71,87.14,81.7,87.1,256371472,AAPL
18-04-2012,87.67,88.61,86.1,86.91,238632471,AAPL
19-04-2012,85.75,86.39,83.5,83.92,208678365,AAPL
20-04-2012,84.48,84.95,81.49,81.85,257743808,AAPL
23-04-2012,81.52,82.38,79.52,81.67,241629479,AAPL
24-04-2012,80.37,81.1,79.29,80.04,269099838,AAPL
25-04-2012,87.95,88.29,86.57,87.14,226427670,AAPL
26-04-2012,87.75,87.81,86.02,86.81,134016274,AAPL
27-04-2012,86.44,86.6,85.79,86.14,101692500,AAPL
30-04-2012,85.4,85.49,83.29,83.43,126535038,AAPL
01-05-2012,83.56,85.25,83.03,83.16,152749513,AAPL
02-05-2012,82.89,83.91,82.69,83.71,106906016,AAPL
03-05-2012,84.36,84.49,82.9,83.12,97637057,AAPL
04-05-2012,82.44,82.62,80.74,80.75,132497421,AAPL
07-05-2012,80.21,81.82,80.18,81.35,115073217,AAPL
08-05-2012,81.37,81.64,79.82,81.17,124312720,AAPL
09-05-2012,80.53,82,80.12,81.31,120175923,AAPL
10-05-2012,82.08,82.27,81.21,81.5,83317752,AAPL
11-05-2012,80.71,82.07,80.62,80.96,99886332,AAPL
14-05-2012,80.37,81.07,79.66,79.75,88156103,AAPL
15-05-2012,80.21,80.46,78.82,79.02,119076678,AAPL
16-05-2012,79.15,79.56,77.29,78.01,140223874,AAPL
17-05-2012,77.9,78.21,75.73,75.73,179304713,AAPL
18-05-2012,76.28,77.63,74.6,75.77,183072463,AAPL
21-05-2012,76.36,80.22,76.29,80.18,157772790,AAPL
22-05-2012,81.36,81.98,78.94,79.57,173696754,AAPL
23-05-2012,79.64,81.83,79.03,81.51,146224365,AAPL
24-05-2012,82.27,82.36,80.18,80.76,124049506,AAPL
25-05-2012,80.66,80.84,79.78,80.33,82116552,AAPL
29-05-2012,81.56,82,80.76,81.75,95126346,AAPL
30-05-2012,81.31,82.86,80.94,82.74,132355209,AAPL
31-05-2012,82.96,83.07,81.64,82.53,122977603,AAPL
01-06-2012,81.31,81.81,80.07,80.14,130245094,AAPL
04-06-2012,80.21,81.07,78.36,80.61,139247129,AAPL
05-06-2012,80.18,80.92,79.76,80.4,97053376,AAPL
06-06-2012,81.11,81.98,80.79,81.64,100362262,AAPL
07-06-2012,82.47,82.47,81.5,81.67,94993164,AAPL
08-06-2012,81.66,82.94,81.29,82.9,86872870,AAPL
11-06-2012,83.96,84.07,81.52,81.6,147815696,AAPL
12-06-2012,82.07,82.37,80.96,82.31,108894961,AAPL
13-06-2012,82.07,82.64,81.48,81.74,73443230,AAPL
14-06-2012,81.61,81.93,81.04,81.65,86460283,AAPL
15-06-2012,81.57,82.09,81.36,82.02,83813380,AAPL
18-06-2012,81.57,83.98,81.48,83.68,110102790,AAPL
19-06-2012,83.34,84.29,83.3,83.92,90350932,AAPL
20-06-2012,84.03,84.18,82.97,83.68,89789644,AAPL
21-06-2012,83.63,84.03,82.49,82.52,81626258,AAPL
22-06-2012,82.72,83.17,82.2,83.16,71186311,AAPL
25-06-2012,82.47,82.83,81.48,81.54,76088656,AAPL
26-06-2012,81.62,82.07,81.05,81.72,69187503,AAPL
27-06-2012,82.14,82.39,81.7,82.07,50764770,AAPL
28-06-2012,81.67,82,80.8,81.29,70760543,AAPL
29-06-2012,82.57,83.43,82.04,83.43,105360031,AAPL
02-07-2012,83.53,84.78,83.37,84.65,100022776,AAPL
03-07-2012,84.98,85.71,84.86,85.63,60428165,AAPL
05-07-2012,85.79,87.76,85.66,87.13,121095121,AAPL
06-07-2012,86.73,86.92,85.94,86.55,104757156,AAPL
09-07-2012,86.47,87.7,86.3,87.7,94850224,AAPL
10-07-2012,88.28,88.55,86.47,86.89,127989407,AAPL
11-07-2012,86.59,86.81,85.32,86.35,117329366,AAPL
12-07-2012,85.75,86.21,84.67,85.56,106997163,AAPL
13-07-2012,86.14,86.74,85.71,86.42,77904449,AAPL
16-07-2012,86.45,87.37,86.43,86.7,75326342,AAPL
17-07-2012,87.26,87.36,86.16,86.71,73453037,AAPL
18-07-2012,86.66,86.91,86.22,86.61,63174888,AAPL
19-07-2012,87.33,87.91,86.57,87.76,109214567,AAPL
20-07-2012,87.58,87.78,86.24,86.33,99367450,AAPL
23-07-2012,84.91,86.56,83.96,86.26,121993795,AAPL
24-07-2012,86.77,87.1,85.5,85.85,141283044,AAPL
25-07-2012,82.07,82.97,81.43,82.14,219314368,AAPL
26-07-2012,82.82,82.91,81.48,82.13,101702580,AAPL
27-07-2012,82.14,83.69,81.66,83.59,101013241,AAPL
30-07-2012,84.42,85.63,83.97,85,94784970,AAPL
31-07-2012,86.18,87.39,86.1,87.25,115581676,AAPL
01-08-2012,87.99,88.06,86.14,86.69,96124742,AAPL
02-08-2012,86.12,87.24,85.75,86.83,83062203,AAPL
03-08-2012,87.66,88.28,87.37,87.96,86228604,AAPL
06-08-2012,88.18,89.27,87.89,88.94,75580008,AAPL
07-08-2012,88.97,89.29,88.29,88.7,72627492,AAPL
08-08-2012,88.48,89.13,88.16,88.55,61176080,AAPL
09-08-2012,88.26,88.82,88.26,88.68,55452586,AAPL
10-08-2012,88.39,88.82,88.39,88.81,48765045,AAPL
13-08-2012,89.06,90,89.04,90,69707463,AAPL
14-08-2012,90.27,91.23,90.03,90.24,85041824,AAPL
15-08-2012,90.19,90.57,89.68,90.12,64377278,AAPL
16-08-2012,90.17,90.97,90.07,90.91,63694204,AAPL
17-08-2012,91.43,92.6,91.26,92.59,110689894,AAPL
20-08-2012,92.86,95.02,92.84,95.02,153345689,AAPL
21-08-2012,95.83,96.41,92.9,93.72,203176260,AAPL
22-08-2012,93.49,95.57,92.59,95.55,141330637,AAPL
23-08-2012,95.16,95.7,94.45,94.66,105029568,AAPL
24-08-2012,94.22,95.64,93.65,94.75,109334113,AAPL
27-08-2012,97.14,97.27,96.22,96.53,106728601,AAPL
28-08-2012,96.43,96.59,95.81,96.4,66844323,AAPL
29-08-2012,96.46,96.81,96.09,96.21,50701084,AAPL
30-08-2012,95.81,95.94,94.69,94.84,75672793,AAPL
31-08-2012,95.32,95.51,93.89,95.03,84579607,AAPL
04-09-2012,95.11,96.45,94.93,96.42,91972629,AAPL
05-09-2012,96.51,96.62,95.66,95.75,84090475,AAPL
06-09-2012,96.17,96.9,95.83,96.61,97845664,AAPL
07-09-2012,96.86,97.5,96.54,97.21,82416145,AAPL
10-09-2012,97.21,97.61,94.59,94.68,121998898,AAPL
11-09-2012,95.02,95.73,93.79,94.37,125984852,AAPL
12-09-2012,95.26,95.7,93.71,95.68,178054492,AAPL
13-09-2012,96.77,97.93,96.4,97.57,149589629,AAPL
14-09-2012,98.56,99.57,98.27,98.75,150118311,AAPL
17-09-2012,99.91,99.97,99.23,99.97,99507499,AAPL
18-09-2012,99.98,100.33,99.49,100.27,93375667,AAPL
19-09-2012,100.04,100.57,99.94,100.3,81715004,AAPL
20-09-2012,99.88,100.01,99.09,99.81,84141932,AAPL
21-09-2012,100.34,100.72,99.91,100.01,142897076,AAPL
24-09-2012,98.12,99.3,97.57,98.68,159936196,AAPL
25-09-2012,98.32,98.97,96.14,96.22,129690449,AAPL
26-09-2012,95.53,96.1,94.46,95.03,144175906,AAPL
27-09-2012,94.9,97.45,94.34,97.33,148522031,AAPL
28-09-2012,96.96,97.3,95.25,95.3,133777077,AAPL
01-10-2012,95.88,96.68,93.79,94.2,135895921,AAPL
02-10-2012,94.54,95.19,92.95,94.47,156997638,AAPL
03-10-2012,94.98,95.98,94.66,95.92,106069719,AAPL
04-10-2012,95.89,96.32,95.08,95.26,92688813,AAPL
05-10-2012,95.03,95.14,93.04,93.23,148501108,AAPL
08-10-2012,92.41,92.51,90.87,91.17,159494867,AAPL
09-10-2012,91.24,91.5,89.08,90.84,209648887,AAPL
10-10-2012,91.39,92.14,91,91.56,127588930,AAPL
11-10-2012,92.4,92.5,89.7,89.7,136520097,AAPL
12-10-2012,89.94,90.77,89.33,89.96,115003665,AAPL
15-10-2012,90.34,90.73,89.12,90.68,108124961,AAPL
16-10-2012,90.77,92.9,90.14,92.83,137442816,AAPL
17-10-2012,92.7,93.26,92,92.09,97327643,AAPL
18-10-2012,91.37,91.72,90,90.38,119155512,AAPL
19-10-2012,90.15,90.25,87.09,87.12,186021017,AAPL
22-10-2012,87.49,90.77,87.25,90.58,136682392,AAPL
23-10-2012,90.14,90.56,87.39,87.62,176786197,AAPL
24-10-2012,88.78,89.51,87.23,88.12,139631772,AAPL
25-10-2012,88.57,88.86,86.51,87.08,164081393,AAPL
26-10-2012,87.06,87.71,84.43,86.29,254605834,AAPL
31-10-2012,84.98,85.99,83.96,85.05,127500471,AAPL
01-11-2012,85.46,86.14,84.88,85.22,90361922,AAPL
02-11-2012,85.13,85.28,82.11,82.4,149843064,AAPL
05-11-2012,83.36,83.97,82.51,83.52,132321224,AAPL
06-11-2012,84.32,84.39,82.87,83.26,93729041,AAPL
07-11-2012,81.98,82.08,79.39,79.71,198412186,AAPL
08-11-2012,80.09,80.32,76.47,76.82,264036339,AAPL
09-11-2012,77.2,79.27,76.25,78.15,232476496,AAPL
12-11-2012,79.16,79.21,76.95,77.55,128950479,AAPL
13-11-2012,76.99,78.64,76.62,77.56,133302610,AAPL
14-11-2012,77.93,78.21,76.6,76.7,119291977,AAPL
15-11-2012,76.79,77.07,74.66,75.09,197477385,AAPL
16-11-2012,75.03,75.71,72.25,75.38,316722763,AAPL
19-11-2012,77.24,81.07,77.13,80.82,205792965,AAPL
20-11-2012,81.7,81.71,79.23,80.13,160687856,AAPL
21-11-2012,80.61,81.05,79.51,80.24,93306759,AAPL
23-11-2012,81.02,81.71,80.37,81.64,68206579,AAPL
26-11-2012,82.27,84.29,81.96,84.22,157644431,AAPL
27-11-2012,84.22,84.35,82.87,83.54,133328454,AAPL
28-11-2012,82.47,83.69,81.75,83.28,130264981,AAPL
29-11-2012,84.32,84.89,83.61,84.19,128674525,AAPL
30-11-2012,83.83,84.06,83.24,83.61,97824986,AAPL
03-12-2012,84.81,84.94,83.64,83.74,91069097,AAPL
04-12-2012,83.11,83.11,81.73,82.26,139482392,AAPL
05-12-2012,81.27,81.32,76.97,76.97,261159353,AAPL
06-12-2012,75.56,79.04,74.09,78.18,294301791,AAPL
07-12-2012,79.06,79.31,75.71,76.18,196941794,AAPL
10-12-2012,75,76.93,74.51,75.69,157620575,AAPL
11-12-2012,77.11,78.51,76.77,77.34,148085903,AAPL
12-12-2012,78.25,78.29,76.61,77,121783130,AAPL
13-12-2012,75.88,76.81,75.11,75.67,156314627,AAPL
14-12-2012,73.54,74.02,72.23,72.83,252394499,AAPL
17-12-2012,72.7,74.29,71.6,74.12,189736022,AAPL
18-12-2012,75,76.41,74.32,76.27,156417023,AAPL
19-12-2012,75.92,76.24,75.07,75.19,112340424,AAPL
20-12-2012,75.71,75.74,74.13,74.53,120421798,AAPL
21-12-2012,73.21,74.24,72.89,74.19,149129554,AAPL
24-12-2012,74.34,74.89,74.1,74.31,43936977,AAPL
26-12-2012,74.14,74.21,73.02,73.29,75609030,AAPL
27-12-2012,73.36,73.75,72.09,73.58,113779680,AAPL
28-12-2012,72.9,73.5,72.59,72.8,88569243,AAPL
31-12-2012,72.93,76.49,72.71,76.02,164872785,AAPL
02-01-2013,79.12,79.29,77.38,78.43,140124866,AAPL
03-01-2013,78.27,78.52,77.29,77.44,88240950,AAPL
04-01-2013,76.71,76.95,75.12,75.29,148581860,AAPL
07-01-2013,74.6,75.6,73.6,74.8,121038176,AAPL
08-01-2013,75.6,75.98,74.46,75.04,114676751,AAPL
09-01-2013,74.64,75,73.71,73.87,101899959,AAPL
10-01-2013,75.51,75.53,73.65,74.79,150285296,AAPL
11-01-2013,74.43,75.05,74.15,74.33,87688741,AAPL
14-01-2013,71.81,72.5,71.22,71.68,183544396,AAPL
15-01-2013,71.19,71.28,69.05,69.42,219192932,AAPL
16-01-2013,70.66,72.78,70.36,72.3,172700045,AAPL
17-01-2013,72.9,72.96,71.72,71.81,113412579,AAPL
18-01-2013,71.22,71.75,70.91,71.43,118287267,AAPL
22-01-2013,72.08,72.55,70.95,72.11,115386173,AAPL
23-01-2013,72.69,73.57,72.11,73.43,215375853,AAPL
24-01-2013,65.71,66.53,64.32,64.36,365212953,AAPL
25-01-2013,64.53,65.18,62.14,62.84,301993503,AAPL
28-01-2013,62.55,64.74,62.27,64.26,196378931,AAPL
29-01-2013,65.5,65.74,64.59,65.47,142768017,AAPL
30-01-2013,65.29,66.09,64.93,65.26,104288317,AAPL
31-01-2013,65.28,65.61,65,65.07,79833215,AAPL
01-02-2013,65.59,65.64,64.05,64.8,134867089,AAPL
04-02-2013,64.84,65.13,63.14,63.19,119278754,AAPL
05-02-2013,63.44,65.68,63.17,65.41,143336536,AAPL
06-02-2013,65.21,66.64,64.65,65.34,148426012,AAPL
07-02-2013,66.18,67.14,64.87,66.89,176145074,AAPL
08-02-2013,67.71,68.4,66.89,67.85,158288984,AAPL
11-02-2013,68.07,69.28,67.61,68.56,129358516,AAPL
12-02-2013,68.5,68.91,66.82,66.84,152262712,AAPL
13-02-2013,66.74,67.66,66.17,66.72,118801221,AAPL
14-02-2013,66.36,67.38,66.29,66.66,88876501,AAPL
15-02-2013,66.98,67.17,65.7,65.74,97981177,AAPL
19-02-2013,65.87,66.1,64.84,65.71,108944213,AAPL
20-02-2013,65.38,65.38,64.11,64.12,119074886,AAPL
21-02-2013,63.71,64.17,63.26,63.72,111795180,AAPL
22-02-2013,64.18,64.51,63.8,64.4,82663644,AAPL
25-02-2013,64.84,65.02,63.22,63.26,93144464,AAPL
26-02-2013,63.4,64.51,62.52,64.14,125374074,AAPL
27-02-2013,64.06,64.63,62.95,63.51,146836928,AAPL
28-02-2013,63.44,63.98,63.06,63.06,80628737,AAPL
01-03-2013,62.57,62.6,61.43,61.5,138111792,AAPL
04-03-2013,61.11,61.17,59.86,60.01,145684399,AAPL
05-03-2013,60.21,62.17,60.11,61.59,159607042,AAPL
06-03-2013,62.07,62.18,60.63,60.81,115062269,AAPL
07-03-2013,60.64,61.72,60.15,61.51,117117826,AAPL
08-03-2013,61.4,62.2,61.23,61.67,97898983,AAPL
11-03-2013,61.39,62.72,60.73,62.55,118558356,AAPL
12-03-2013,62.23,62.7,61.08,61.2,116477473,AAPL
13-03-2013,61.21,62.07,60.77,61.19,101454192,AAPL
14-03-2013,61.83,62.09,61.49,61.79,75968746,AAPL
15-03-2013,62.56,63.46,62.46,63.38,160989787,AAPL
18-03-2013,63.06,65.35,63.03,65.1,151549090,AAPL
19-03-2013,65.64,65.85,64.07,64.93,131693310,AAPL
20-03-2013,65.35,65.38,64.23,64.58,77165158,AAPL
21-03-2013,64.32,65.43,64.3,64.68,95813410,AAPL
22-03-2013,64.94,66.01,64.73,65.99,98776111,AAPL
25-03-2013,66.38,67.14,65.97,66.23,125283438,AAPL
26-03-2013,66.49,66.55,65.79,65.88,73573423,AAPL
27-03-2013,65.21,65.26,64.39,64.58,82852294,AAPL
28-03-2013,64.26,64.55,63.09,63.24,110745586,AAPL
01-04-2013,63.13,63.38,61.11,61.27,97432489,AAPL
02-04-2013,61.09,62.59,60.91,61.4,132443234,AAPL
03-04-2013,61.62,62.47,61.47,61.71,90803727,AAPL
04-04-2013,61.97,62.14,60.75,61.1,89664638,AAPL
05-04-2013,60.64,60.71,59.95,60.46,95923478,AAPL
08-04-2013,60.69,61.07,60.36,60.89,75264742,AAPL
09-04-2013,60.91,61.21,60.39,61,76688115,AAPL
10-04-2013,61.16,62.44,60.86,62.24,93981748,AAPL
11-04-2013,61.96,62.57,61.6,62.05,82154093,AAPL
12-04-2013,62.02,62.02,61.3,61.4,59681279,AAPL
15-04-2013,61,61.13,59.94,59.98,79379706,AAPL
16-04-2013,60.22,60.94,60.08,60.89,76442758,AAPL
17-04-2013,60.04,60.09,56.87,57.54,236263461,AAPL
18-04-2013,57.86,57.97,55.68,56.01,166574163,AAPL
19-04-2013,55.42,57.09,55.01,55.79,152318201,AAPL
22-04-2013,56.09,57.46,55.9,56.95,107479442,AAPL
23-04-2013,57.71,58.34,56.97,58.02,166058949,AAPL
24-04-2013,56.22,59.32,56.07,57.92,242458391,AAPL
25-04-2013,58.75,59.13,58.14,58.34,96209155,AAPL
26-04-2013,58.54,59.82,58.32,59.6,191068990,AAPL
29-04-2013,60.06,61.94,60,61.45,160081110,AAPL
30-04-2013,62.16,63.61,61.72,63.25,172884362,AAPL
01-05-2013,63.49,63.56,62.06,62.76,126788697,AAPL
02-05-2013,63.11,64.08,62.95,63.65,105506184,AAPL
03-05-2013,64.47,64.75,64.16,64.28,90381788,AAPL
06-05-2013,65.1,66.03,64.9,65.82,124160162,AAPL
07-05-2013,66.42,66.54,64.81,65.52,120938076,AAPL
08-05-2013,65.58,66.48,65.12,66.26,118149038,AAPL
09-05-2013,65.69,66.14,65.08,65.25,99687476,AAPL
10-05-2013,65.42,65.67,64.35,64.71,83712482,AAPL
13-05-2013,64.5,65.41,64.5,64.96,79277310,AAPL
14-05-2013,64.84,65.03,63.16,63.41,111778940,AAPL
15-05-2013,62.74,63,60.34,61.26,185403085,AAPL
16-05-2013,60.46,62.55,59.84,62.08,150866478,AAPL
17-05-2013,62.72,62.87,61.57,61.89,107019829,AAPL
20-05-2013,61.7,63.69,61.44,63.28,112893984,AAPL
21-05-2013,62.59,63.64,62.03,62.81,114074240,AAPL
22-05-2013,63.44,64.05,62.6,63.05,110814858,AAPL
23-05-2013,62.28,63.74,62.26,63.16,88345236,AAPL
24-05-2013,62.98,63.67,62.91,63.59,69106639,AAPL
28-05-2013,64.27,64.44,62.98,63.06,96536188,AAPL
29-05-2013,62.86,63.93,62.77,63.56,82695669,AAPL
30-05-2013,63.66,64.93,63.5,64.51,88428648,AAPL
31-05-2013,64.64,65.3,64.21,64.25,96075042,AAPL
03-06-2013,63.97,64.62,63.21,64.39,93087841,AAPL
04-06-2013,64.75,64.92,63.91,64.19,73181521,AAPL
05-06-2013,63.66,64.39,63.39,63.59,72647337,AAPL
06-06-2013,63.64,63.86,62.01,62.64,104268458,AAPL
07-06-2013,62.36,63.32,61.82,63.12,101185686,AAPL
10-06-2013,63.53,64.15,62.4,62.7,112589043,AAPL
11-06-2013,62.25,63.25,61.9,62.51,71426348,AAPL
12-06-2013,62.79,63.04,61.64,61.74,66356668,AAPL
13-06-2013,61.79,62.45,61.25,62.28,71528086,AAPL
14-06-2013,62.2,62.33,61.21,61.44,65672880,AAPL
17-06-2013,61.63,62.24,61.48,61.71,64860453,AAPL
18-06-2013,61.65,62.13,61.46,61.68,48790448,AAPL
19-06-2013,61.63,61.67,60.43,60.43,77757785,AAPL
20-06-2013,59.9,60.85,59.31,59.55,89374558,AAPL
21-06-2013,59.78,60,58.3,59.07,120297338,AAPL
24-06-2013,58.2,58.38,56.86,57.51,120186430,AAPL
25-06-2013,57.96,58.26,56.98,57.52,78584786,AAPL
26-06-2013,57.7,57.83,56.52,56.87,91986573,AAPL
27-06-2013,57.04,57.34,56.22,56.25,84350049,AAPL
28-06-2013,55.91,57.18,55.55,56.65,144659417,AAPL
01-07-2013,57.53,58.9,57.32,58.46,97793045,AAPL
02-07-2013,58.57,60.23,58.5,59.78,117521579,AAPL
03-07-2013,60.12,60.43,59.64,60.11,60232158,AAPL
05-07-2013,60.06,60.47,59.34,59.63,68520760,AAPL
08-07-2013,60.02,60.14,58.66,59.29,74578420,AAPL
09-07-2013,59.09,60.5,58.63,60.34,88172238,AAPL
10-07-2013,59.94,60.69,59.75,60.1,70350819,AAPL
11-07-2013,60.42,61.18,60.17,61.04,81618964,AAPL
12-07-2013,61.09,61.4,60.49,60.93,69910463,AAPL
15-07-2013,60.72,61.64,60.69,61.06,60543105,AAPL
16-07-2013,60.93,61.53,60.6,61.46,54134367,AAPL
17-07-2013,61.39,61.75,61.17,61.47,49764064,AAPL
18-07-2013,61.91,62.12,61.52,61.68,54760818,AAPL
19-07-2013,61.87,62,60.62,60.71,67194715,AAPL
22-07-2013,61.35,61.39,60.78,60.9,51997596,AAPL
23-07-2013,60.86,60.99,59.82,59.86,92348403,AAPL
24-07-2013,62.7,63.51,62.18,62.93,148013824,AAPL
25-07-2013,62.96,63.06,62.26,62.64,57420636,AAPL
26-07-2013,62.19,63.01,62.05,63,50068753,AAPL
29-07-2013,62.97,64.28,62.89,63.97,62110300,AAPL
30-07-2013,64.28,65.31,64.18,64.76,77355565,AAPL
31-07-2013,65,65.33,64.2,64.65,80739351,AAPL
01-08-2013,65.11,65.26,64.75,65.24,51562322,AAPL
02-08-2013,65.43,66.12,65.24,66.08,68695326,AAPL
05-08-2013,66.38,67.24,66.02,67.06,79713592,AAPL
06-08-2013,66.86,67.41,66.02,66.46,83728540,AAPL
07-08-2013,66.26,66.71,65.97,66.43,74713968,AAPL
08-08-2013,66.26,66.3,65.42,65.86,63999838,AAPL
09-08-2013,65.52,65.78,64.81,64.92,66905209,AAPL
12-08-2013,65.27,66.95,65.23,66.77,91108290,AAPL
13-08-2013,67.28,70.67,66.86,69.94,220484936,AAPL
14-08-2013,71.13,72.04,70.49,71.21,189092911,AAPL
15-08-2013,70.92,71.77,69.87,71.13,122573507,AAPL
16-08-2013,71.45,71.85,71.27,71.76,90575856,AAPL
19-08-2013,72.05,73.39,72,72.53,127629481,AAPL
20-08-2013,72.82,72.94,71.55,71.58,89671743,AAPL
21-08-2013,71.94,72.45,71.6,71.77,83969305,AAPL
22-08-2013,72.14,72.23,71.17,71.85,61051676,AAPL
23-08-2013,71.9,71.91,71.34,71.57,55682221,AAPL
26-08-2013,71.54,72.89,71.5,71.85,82741050,AAPL
27-08-2013,71.14,71.79,69.47,69.8,106047109,AAPL
28-08-2013,69.43,70.83,69.43,70.13,76901678,AAPL
29-08-2013,70.24,70.93,70.16,70.24,59913714,AAPL
30-08-2013,70.29,70.42,69.5,69.6,68100788,AAPL
03-09-2013,70.44,71.51,69.62,69.8,83025166,AAPL
04-09-2013,71.37,71.75,70.9,71.24,86257878,AAPL
05-09-2013,71.46,71.53,70.52,70.75,59091879,AAPL
06-09-2013,71.21,71.34,69.99,71.17,89881253,AAPL
09-09-2013,72.14,72.56,71.93,72.31,85171583,AAPL
10-09-2013,72.31,72.49,69.93,70.66,185798872,AAPL
11-09-2013,66.72,67.67,66.4,66.82,223526688,AAPL
12-09-2013,66.93,67.91,66.57,67.53,101012471,AAPL
13-09-2013,67.05,67.4,66.39,66.41,74708438,AAPL
16-09-2013,65.86,65.94,63.89,64.3,137137665,AAPL
17-09-2013,63.99,65.67,63.93,65.05,99844773,AAPL
18-09-2013,66.17,66.62,65.81,66.38,114215304,AAPL
19-09-2013,67.24,67.98,67.04,67.47,101134712,AAPL
20-09-2013,68.29,68.36,66.57,66.77,174825322,AAPL
23-09-2013,70.87,70.99,68.94,70.09,190526525,AAPL
24-09-2013,70.7,70.78,69.69,69.87,91085743,AAPL
25-09-2013,69.89,69.95,68.78,68.79,79239167,AAPL
26-09-2013,69.43,69.79,69.13,69.46,59305183,AAPL
27-09-2013,69.11,69.24,68.67,68.96,57009729,AAPL
30-09-2013,68.18,68.81,67.77,68.11,65039408,AAPL
01-10-2013,68.35,69.88,68.34,69.71,88470655,AAPL
02-10-2013,69.38,70.26,69.11,69.94,72295902,AAPL
03-10-2013,70.07,70.34,68.68,69.06,80688503,AAPL
04-10-2013,69.12,69.23,68.37,69,64717380,AAPL
07-10-2013,69.51,70.38,69.34,69.68,78073107,AAPL
08-10-2013,69.99,70.09,68.65,68.71,72729006,AAPL
09-10-2013,69.23,69.68,68.33,69.51,75431216,AAPL
10-10-2013,70.19,70.34,69.58,69.95,69650490,AAPL
11-10-2013,69.57,70.55,69.31,70.4,66934938,AAPL
14-10-2013,69.98,71.08,69.91,70.86,65474542,AAPL
15-10-2013,71.07,71.71,70.79,71.24,80018603,AAPL
16-10-2013,71.54,71.79,71.32,71.59,62775013,AAPL
17-10-2013,71.43,72.11,71.38,72.07,63398335,AAPL
18-10-2013,72.28,72.75,72.24,72.7,72635570,AAPL
21-10-2013,73.11,74.9,73.07,74.48,99526945,AAPL
22-10-2013,75.2,75.49,72.58,74.27,133515753,AAPL
23-10-2013,74.14,75.1,74.14,74.99,78431122,AAPL
24-10-2013,75,76.07,74.64,75.99,96191095,AAPL
25-10-2013,75.9,76.18,75.02,75.14,84448133,AAPL
28-10-2013,75.58,75.86,74.74,75.7,137610123,AAPL
29-10-2013,76.61,77.04,73.51,73.81,158952115,AAPL
30-10-2013,74.23,75.36,73.86,74.98,88540697,AAPL
31-10-2013,75,75.36,74.47,74.67,68923785,AAPL
01-11-2013,74.86,74.97,73.69,74.29,68722304,AAPL
04-11-2013,74.44,75.26,74.12,75.25,61157033,AAPL
05-11-2013,74.94,75.56,74.71,75.06,66368071,AAPL
06-11-2013,74.88,74.98,74.03,74.42,55844152,AAPL
07-11-2013,74.23,74.74,73.2,73.21,65655100,AAPL
08-11-2013,73.51,74.45,73.23,74.37,69829543,AAPL
11-11-2013,74.28,74.52,73.49,74.15,56863303,AAPL
12-11-2013,73.95,74.85,73.86,74.29,51114651,AAPL
13-11-2013,74,74.61,73.85,74.38,49304927,AAPL
14-11-2013,74.69,75.61,74.55,75.45,70605087,AAPL
15-11-2013,75.23,75.58,74.93,75,79479764,AAPL
18-11-2013,75,75.31,74.03,74.09,61236224,AAPL
19-11-2013,74.15,74.77,74,74.22,52234707,AAPL
20-11-2013,74.18,74.35,73.48,73.57,48545798,AAPL
21-11-2013,73.94,74.46,73.38,74.45,65506861,AAPL
22-11-2013,74.22,74.59,74.08,74.26,55931232,AAPL
25-11-2013,74.43,75.12,74.43,74.82,57348403,AAPL
26-11-2013,74.87,76.59,74.86,76.2,100345728,AAPL
27-11-2013,76.62,78,76.2,77.99,90861841,AAPL
29-11-2013,78.5,79.76,78.26,79.44,79532215,AAPL
02-12-2013,79.71,80.62,78.69,78.75,118135885,AAPL
03-12-2013,79.76,80.91,79.67,80.9,112741734,AAPL
04-12-2013,80.79,81.31,80.12,80.71,94452666,AAPL
05-12-2013,81.81,82.16,80.92,81.13,111895315,AAPL
06-12-2013,80.83,80.96,79.94,80,86088352,AAPL
09-12-2013,80.14,81.37,80.13,80.92,80123533,AAPL
10-12-2013,80.52,81.13,80.17,80.79,69567610,AAPL
11-12-2013,81.01,81.57,79.96,80.19,89929693,AAPL
12-12-2013,80.38,80.76,80,80.08,65572318,AAPL
13-12-2013,80.34,80.41,79.1,79.2,83205283,AAPL
16-12-2013,79.37,80.38,79.29,79.64,70648452,AAPL
17-12-2013,79.39,79.92,79.05,79.28,57475649,AAPL
18-12-2013,78.21,78.78,76.97,78.68,141465807,AAPL
19-12-2013,78.38,78.57,77.68,77.78,80239369,AAPL
20-12-2013,77.91,78.8,77.83,78.43,109103435,AAPL
23-12-2013,81.14,81.53,80.39,81.44,125326831,AAPL
24-12-2013,81.41,81.7,80.86,81.1,41888735,AAPL
26-12-2013,81.16,81.36,80.48,80.56,51002035,AAPL
27-12-2013,80.55,80.63,79.93,80.01,56471317,AAPL
30-12-2013,79.64,80.01,78.9,79.22,63407722,AAPL
31-12-2013,79.17,80.18,79.14,80.15,55819372,AAPL
02-01-2014,79.38,79.58,78.86,79.02,58791957,AAPL
03-01-2014,78.98,79.1,77.2,77.28,98303870,AAPL
06-01-2014,76.78,78.11,76.23,77.7,103359151,AAPL
07-01-2014,77.76,77.99,76.85,77.15,79432766,AAPL
08-01-2014,76.97,77.94,76.96,77.64,64686685,AAPL
09-01-2014,78.11,78.12,76.48,76.65,69905199,AAPL
10-01-2014,77.12,77.26,75.87,76.13,76320664,AAPL
13-01-2014,75.7,77.5,75.7,76.53,94860843,AAPL
14-01-2014,76.89,78.1,76.81,78.06,83734371,AAPL
15-01-2014,79.07,80.03,78.81,79.62,98472619,AAPL
16-01-2014,79.27,79.55,78.81,79.18,57471330,AAPL
17-01-2014,78.78,78.87,77.13,77.24,108426689,AAPL
21-01-2014,77.28,78.58,77.2,78.44,82255544,AAPL
22-01-2014,78.7,79.61,78.26,78.79,95219334,AAPL
23-01-2014,78.56,79.5,77.83,79.45,100978346,AAPL
24-01-2014,79.14,79.37,77.82,78.01,108384437,AAPL
27-01-2014,78.58,79.26,77.96,78.64,144219152,AAPL
28-01-2014,72.68,73.57,71.72,72.36,266833581,AAPL
29-01-2014,71.99,72.48,71.23,71.54,125942796,AAPL
30-01-2014,71.79,72.36,70.96,71.4,169762789,AAPL
31-01-2014,70.74,71.65,70.51,71.51,116336444,AAPL
03-02-2014,71.8,72.53,71.33,71.65,100620772,AAPL
04-02-2014,72.26,72.78,71.82,72.68,94273543,AAPL
05-02-2014,72.37,73.61,72.32,73.23,82322156,AAPL
06-02-2014,72.87,73.36,72.54,73.22,64497223,AAPL
07-02-2014,74.48,74.7,73.91,74.24,93638601,AAPL
10-02-2014,74.09,76,74,75.57,86451022,AAPL
11-02-2014,75.8,76.82,75.64,76.57,70672252,AAPL
12-02-2014,76.71,77.08,76.18,76.56,77127064,AAPL
13-02-2014,76.38,77.84,76.31,77.78,76960156,AAPL
14-02-2014,77.5,78,77.32,77.71,68468036,AAPL
18-02-2014,78,78.74,77.94,78,65306248,AAPL
19-02-2014,77.82,78.13,76.34,76.77,78554420,AAPL
20-02-2014,76.14,76.71,75.57,75.88,76529103,AAPL
21-02-2014,76.11,76.37,74.94,75.04,69757247,AAPL
24-02-2014,74.74,75.7,74.63,75.36,72364950,AAPL
25-02-2014,75.63,75.65,74.43,74.58,58247350,AAPL
26-02-2014,74.8,75,73.66,73.91,69131286,AAPL
27-02-2014,73.88,75.54,73.72,75.38,75557321,AAPL
28-02-2014,75.58,76.11,74.59,75.18,93074653,AAPL
03-03-2014,74.77,75.81,74.69,75.39,59784494,AAPL
04-03-2014,75.86,76.09,75.4,75.89,64884834,AAPL
05-03-2014,75.85,76.39,75.59,76.05,50065519,AAPL
06-03-2014,76.11,76.35,75.44,75.82,46423111,AAPL
07-03-2014,75.87,76,75.15,75.78,55415241,AAPL
10-03-2014,75.48,76.19,75.48,75.85,44691430,AAPL
11-03-2014,76.49,76.96,76.08,76.58,70198849,AAPL
12-03-2014,76.36,76.76,76,76.66,50195460,AAPL
13-03-2014,76.78,77.09,75.59,75.81,64435609,AAPL
14-03-2014,75.54,75.84,74.71,74.96,59299492,AAPL
17-03-2014,75.39,75.71,75.12,75.25,49886074,AAPL
18-03-2014,75.13,76,75.03,75.91,52411863,AAPL
19-03-2014,76.04,76.61,75.57,75.89,56188958,AAPL
20-03-2014,75.7,76.1,75.34,75.53,52099537,AAPL
21-03-2014,75.99,76.25,75.19,76.12,93612169,AAPL
24-03-2014,76.92,77.21,76.44,77.03,88924871,AAPL
25-03-2014,77.36,77.96,77.08,77.86,70573356,AAPL
26-03-2014,78.07,78.43,76.98,77.11,74942224,AAPL
27-03-2014,77.14,77.36,76.45,76.78,55507676,AAPL
28-03-2014,76.9,76.99,76.32,76.69,50141063,AAPL
31-03-2014,77.03,77.26,76.56,76.68,42167188,AAPL
01-04-2014,76.82,77.41,76.68,77.38,50189685,AAPL
02-04-2014,77.48,77.64,77.18,77.51,45104871,AAPL
03-04-2014,77.34,77.5,76.81,76.97,40648111,AAPL
04-04-2014,77.12,77.14,75.8,75.97,68812485,AAPL
07-04-2014,75.43,75.84,74.56,74.78,72462530,AAPL
08-04-2014,75.03,75.16,74.1,74.78,60971883,AAPL
09-04-2014,74.66,75.78,74.57,75.76,51542722,AAPL
10-04-2014,75.81,76.03,74.74,74.78,59912818,AAPL
11-04-2014,74.14,74.69,73.88,74.23,67975012,AAPL
14-04-2014,74.56,74.59,73.89,74.53,51445177,AAPL
15-04-2014,74.32,74.52,73.05,73.99,66622577,AAPL
16-04-2014,74.01,74.44,73.45,74.14,53732994,AAPL
17-04-2014,74.29,75.39,74.17,74.99,71106721,AAPL
21-04-2014,75.05,76.02,74.85,75.88,45668931,AAPL
22-04-2014,75.47,75.98,75.21,75.96,50664453,AAPL
23-04-2014,75.58,75.88,74.92,74.96,98735259,AAPL
24-04-2014,81.17,81.43,80.1,81.11,189978082,AAPL
25-04-2014,80.65,81.71,80.57,81.71,97568814,AAPL
28-04-2014,81.83,85.11,81.79,84.87,167371680,AAPL
29-04-2014,84.82,85.14,84.22,84.62,84344673,AAPL
30-04-2014,84.66,85.63,84.26,84.3,114220883,AAPL
01-05-2014,84.57,84.97,83.77,84.5,61052418,AAPL
02-05-2014,84.62,84.89,84.24,84.65,47878572,AAPL
05-05-2014,84.31,85.86,84.29,85.85,71766758,AAPL
06-05-2014,85.97,86.34,84.92,84.92,93641373,AAPL
07-05-2014,85.04,85.33,83.96,84.62,70715988,AAPL
08-05-2014,84.04,84.92,83.77,84,57574363,AAPL
09-05-2014,83.51,83.75,82.9,83.65,72899498,AAPL
12-05-2014,83.93,84.81,83.91,84.69,53324677,AAPL
13-05-2014,84.57,84.93,84.39,84.82,39934594,AAPL
14-05-2014,84.63,85.34,84.53,84.84,41600846,AAPL
15-05-2014,84.96,85.23,84.01,84.12,57711731,AAPL
16-05-2014,84.09,85.36,83.63,85.36,69091834,AAPL
19-05-2014,85.41,86.76,85.33,86.37,79439024,AAPL
20-05-2014,86.36,86.63,85.82,86.39,58708986,AAPL
21-05-2014,86.26,86.67,86.01,86.62,49249914,AAPL
22-05-2014,86.66,87.12,86.3,86.75,50218945,AAPL
23-05-2014,86.75,87.82,86.64,87.73,58052491,AAPL
27-05-2014,87.98,89.41,87.95,89.38,87216605,AAPL
28-05-2014,89.43,89.98,89.11,89.14,78921885,AAPL
29-05-2014,89.69,90.98,89.68,90.77,94118633,AAPL
30-05-2014,91.14,92.02,89.84,90.43,141005137,AAPL
02-06-2014,90.57,90.69,88.93,89.81,92337903,AAPL
03-06-2014,89.78,91.25,89.75,91.08,73231620,AAPL
04-06-2014,91.06,92.56,90.87,92.12,83870521,AAPL
05-06-2014,92.31,92.77,91.8,92.48,75951141,AAPL
06-06-2014,92.84,93.04,92.07,92.22,87620911,AAPL
09-06-2014,92.7,93.88,91.75,93.7,75414804,AAPL
10-06-2014,94.73,95.05,93.57,94.25,62777042,AAPL
11-06-2014,94.13,94.76,93.47,93.86,45681114,AAPL
12-06-2014,94.04,94.12,91.9,92.29,54748791,AAPL
13-06-2014,92.2,92.44,90.88,91.28,54525280,AAPL
16-06-2014,91.51,92.75,91.45,92.2,35561270,AAPL
17-06-2014,92.31,92.7,91.8,92.08,29726347,AAPL
18-06-2014,92.27,92.29,91.35,92.18,33514108,AAPL
19-06-2014,92.29,92.3,91.34,91.86,35527686,AAPL
20-06-2014,91.85,92.55,90.9,90.91,100898066,AAPL
23-06-2014,91.32,91.62,90.6,90.83,43694391,AAPL
24-06-2014,90.75,91.74,90.19,90.28,39036087,AAPL
25-06-2014,90.21,90.7,89.65,90.36,36868541,AAPL
26-06-2014,90.37,91.05,89.8,90.9,32629359,AAPL
27-06-2014,90.82,92,90.77,91.98,64028803,AAPL
30-06-2014,92.1,93.72,92.09,92.93,49589028,AAPL
01-07-2014,93.52,94.07,93.13,93.52,38223477,AAPL
02-07-2014,93.86,94.06,93.09,93.48,28465073,AAPL
03-07-2014,93.67,94.1,93.2,94.03,22891753,AAPL
07-07-2014,94.14,95.99,94.1,95.97,56467939,AAPL
08-07-2014,96.27,96.8,93.92,95.35,65221678,AAPL
09-07-2014,95.44,95.95,94.76,95.39,36436440,AAPL
10-07-2014,93.76,95.55,93.52,95.04,39685552,AAPL
11-07-2014,95.36,95.89,94.86,95.22,34018228,AAPL
14-07-2014,95.86,96.89,95.65,96.45,42810155,AAPL
15-07-2014,96.8,96.85,95.03,95.32,45696176,AAPL
16-07-2014,96.97,97.1,94.74,94.78,53502415,AAPL
17-07-2014,95.03,95.28,92.57,93.09,57298243,AAPL
18-07-2014,93.62,94.74,93.02,94.43,49987593,AAPL
21-07-2014,94.99,95,93.72,93.94,39079002,AAPL
22-07-2014,94.68,94.89,94.12,94.72,55196597,AAPL
23-07-2014,95.42,97.88,95.17,97.19,92917719,AAPL
24-07-2014,97.04,97.32,96.42,97.03,45728843,AAPL
25-07-2014,96.85,97.84,96.64,97.67,43469117,AAPL
28-07-2014,97.82,99.24,97.55,99.02,55317689,AAPL
29-07-2014,99.33,99.44,98.25,98.38,43143095,AAPL
30-07-2014,98.44,98.7,97.67,98.15,33010001,AAPL
31-07-2014,97.16,97.45,95.33,95.6,56842647,AAPL
01-08-2014,94.9,96.62,94.81,96.13,48511286,AAPL
04-08-2014,96.37,96.58,95.17,95.59,39958144,AAPL
05-08-2014,95.36,95.68,94.36,95.12,55932663,AAPL
06-08-2014,94.75,95.48,94.71,94.96,38558342,AAPL
07-08-2014,94.93,95.95,94.1,94.48,46711179,AAPL
08-08-2014,94.26,94.82,93.28,94.74,41865193,AAPL
11-08-2014,95.27,96.08,94.84,95.99,36584844,AAPL
12-08-2014,96.04,96.88,95.61,95.97,33795352,AAPL
13-08-2014,96.15,97.24,96.04,97.24,31916439,AAPL
14-08-2014,97.33,97.57,96.8,97.5,28115566,AAPL
15-08-2014,97.9,98.19,96.86,97.98,48951331,AAPL
18-08-2014,98.49,99.37,97.98,99.16,47572413,AAPL
19-08-2014,99.41,100.68,99.32,100.53,69399270,AAPL
20-08-2014,100.44,101.09,99.95,100.57,52699192,AAPL
21-08-2014,100.57,100.94,100.11,100.58,33478198,AAPL
22-08-2014,100.29,101.47,100.19,101.32,44183834,AAPL
25-08-2014,101.79,102.17,101.28,101.54,40270173,AAPL
26-08-2014,101.42,101.5,100.86,100.89,33151984,AAPL
27-08-2014,101.02,102.57,100.7,102.13,52369011,AAPL
28-08-2014,102.13,102.78,101.56,102.25,68459801,AAPL
29-08-2014,102.86,102.9,102.2,102.5,44595247,AAPL
02-09-2014,103.06,103.74,102.72,103.3,53564262,AAPL
03-09-2014,103.1,103.2,98.58,98.94,125420521,AAPL
04-09-2014,98.85,100.09,97.79,98.12,85718221,AAPL
05-09-2014,98.8,99.39,98.31,98.97,58457035,AAPL
08-09-2014,99.3,99.31,98.05,98.36,46356742,AAPL
09-09-2014,99.08,103.08,96.14,97.99,189846255,AAPL
10-09-2014,98.01,101.11,97.76,101,100869587,AAPL
11-09-2014,100.41,101.44,99.62,101.43,62399743,AAPL
12-09-2014,101.21,102.19,101.08,101.66,64096903,AAPL
15-09-2014,102.81,103.05,101.44,101.63,61316516,AAPL
16-09-2014,99.8,101.26,98.89,100.86,66908133,AAPL
17-09-2014,101.27,101.8,100.59,101.58,60926498,AAPL
18-09-2014,101.93,102.35,101.56,101.79,37299435,AAPL
19-09-2014,102.29,102.35,100.88,100.96,70902406,AAPL
22-09-2014,101.8,102.14,100.58,101.06,52788426,AAPL
23-09-2014,100.6,102.94,100.54,102.64,63402196,AAPL
24-09-2014,102.16,102.85,101.2,101.75,60171828,AAPL
25-09-2014,100.51,100.71,97.72,97.87,100091990,AAPL
26-09-2014,98.53,100.75,98.4,100.75,62370501,AAPL
29-09-2014,98.65,100.44,98.63,100.11,49766312,AAPL
30-09-2014,100.81,101.54,100.53,100.75,55264139,AAPL
01-10-2014,100.59,100.69,98.7,99.18,51491286,AAPL
02-10-2014,99.27,100.22,98.04,99.9,47757828,AAPL
03-10-2014,99.44,100.21,99.04,99.62,43469585,AAPL
06-10-2014,99.95,100.65,99.42,99.62,37051182,AAPL
07-10-2014,99.43,100.12,98.73,98.75,42094183,AAPL
08-10-2014,98.76,101.11,98.31,100.8,57404674,AAPL
09-10-2014,101.54,102.38,100.61,101.02,77376525,AAPL
10-10-2014,100.69,102.03,100.3,100.73,66331592,AAPL
13-10-2014,101.33,101.78,99.81,99.81,53583368,AAPL
14-10-2014,100.39,100.52,98.57,98.75,63688562,AAPL
15-10-2014,97.97,99.15,95.18,97.54,100933600,AAPL
16-10-2014,95.55,97.72,95.41,96.26,72154523,AAPL
17-10-2014,97.5,99,96.81,97.67,68179688,AAPL
20-10-2014,98.32,99.96,98.22,99.76,77517279,AAPL
21-10-2014,103.02,103.02,101.27,102.47,94623904,AAPL
22-10-2014,102.84,104.11,102.6,102.99,68263146,AAPL
23-10-2014,104.08,105.05,103.63,104.83,71074674,AAPL
24-10-2014,105.18,105.49,104.53,105.22,47053916,AAPL
27-10-2014,104.85,105.48,104.7,105.11,34187701,AAPL
28-10-2014,105.4,106.74,105.35,106.74,48060949,AAPL
29-10-2014,106.65,107.37,106.36,107.34,52687879,AAPL
30-10-2014,106.96,107.35,105.9,106.98,40654793,AAPL
31-10-2014,108.01,108.04,107.21,108,44639285,AAPL
03-11-2014,108.22,110.3,108.01,109.4,52282550,AAPL
04-11-2014,109.36,109.49,107.72,108.6,41574365,AAPL
05-11-2014,109.1,109.3,108.12,108.86,37435905,AAPL
06-11-2014,108.6,108.79,107.8,108.7,34968457,AAPL
07-11-2014,108.75,109.32,108.55,109.01,33691535,AAPL
10-11-2014,109.02,109.33,108.67,108.83,27195547,AAPL
11-11-2014,108.7,109.75,108.4,109.7,27442252,AAPL
12-11-2014,109.38,111.43,109.37,111.25,46942431,AAPL
13-11-2014,111.8,113.45,111.6,112.82,59522855,AAPL
14-11-2014,113.15,114.19,113.05,114.18,44063595,AAPL
17-11-2014,114.27,117.28,113.3,113.99,46746712,AAPL
18-11-2014,113.94,115.69,113.89,115.47,44223978,AAPL
19-11-2014,115.44,115.74,113.8,114.67,41869160,AAPL
20-11-2014,114.91,116.86,114.85,116.31,43395537,AAPL
21-11-2014,117.51,117.57,116.03,116.47,57179298,AAPL
24-11-2014,116.85,118.77,116.62,118.62,47450824,AAPL
25-11-2014,119.07,119.75,117.45,117.6,68840440,AAPL
26-11-2014,117.94,119.1,117.83,119,40831886,AAPL
28-11-2014,119.27,119.4,118.05,118.93,24814402,AAPL
01-12-2014,118.81,119.25,111.27,115.07,83814037,AAPL
02-12-2014,113.5,115.75,112.75,114.63,59348940,AAPL
03-12-2014,115.75,116.35,115.11,115.93,43063440,AAPL
04-12-2014,115.77,117.2,115.29,115.49,42155776,AAPL
05-12-2014,115.99,116.08,114.64,115,38318895,AAPL
08-12-2014,114.1,114.65,111.62,112.4,57664850,AAPL
09-12-2014,110.19,114.3,109.35,114.12,60208036,AAPL
10-12-2014,114.41,114.85,111.54,111.95,44565318,AAPL
11-12-2014,112.26,113.8,111.34,111.62,41471578,AAPL
12-12-2014,110.46,111.87,109.58,109.73,56028138,AAPL
15-12-2014,110.7,111.6,106.35,108.22,67218082,AAPL
16-12-2014,106.37,110.16,106.26,106.74,60790733,AAPL
17-12-2014,107.12,109.84,106.82,109.41,53411773,AAPL
18-12-2014,111.87,112.65,110.66,112.65,59006218,AAPL
19-12-2014,112.26,113.24,111.66,111.78,88429770,AAPL
22-12-2014,112.16,113.49,111.97,112.94,45167549,AAPL
23-12-2014,113.23,113.33,112.46,112.54,26028419,AAPL
24-12-2014,112.58,112.71,112.01,112.01,14479611,AAPL
26-12-2014,112.1,114.52,112.01,113.99,33720951,AAPL
29-12-2014,113.79,114.77,113.7,113.91,27598920,AAPL
30-12-2014,113.64,113.92,112.11,112.52,29881477,AAPL
31-12-2014,112.82,113.13,110.21,110.38,41403351,AAPL
02-01-2015,111.39,111.44,107.35,109.33,53204626,AAPL
05-01-2015,108.29,108.65,105.41,106.25,64285491,AAPL
06-01-2015,106.54,107.43,104.63,106.26,65797116,AAPL
07-01-2015,107.2,108.2,106.7,107.75,40105934,AAPL
08-01-2015,109.23,112.15,108.7,111.89,59364547,AAPL
09-01-2015,112.67,113.25,110.21,112.01,53699527,AAPL
12-01-2015,112.6,112.63,108.8,109.25,49650790,AAPL
13-01-2015,111.43,112.8,108.91,110.22,67091928,AAPL
14-01-2015,109.04,110.49,108.5,109.8,48956588,AAPL
15-01-2015,110,110.06,106.66,106.82,60013996,AAPL
16-01-2015,107.03,107.58,105.2,105.99,78513345,AAPL
20-01-2015,107.84,108.97,106.5,108.72,49899907,AAPL
21-01-2015,108.95,111.06,108.27,109.55,48575897,AAPL
22-01-2015,110.26,112.47,109.72,112.4,53796409,AAPL
23-01-2015,112.3,113.75,111.53,112.98,46464828,AAPL
26-01-2015,113.74,114.36,112.8,113.1,55614979,AAPL
27-01-2015,112.42,112.48,109.03,109.14,95568749,AAPL
28-01-2015,117.62,118.12,115.31,115.31,146477063,AAPL
29-01-2015,116.32,119.19,115.56,118.9,84436432,AAPL
30-01-2015,118.4,120,116.85,117.16,83745461,AAPL
02-02-2015,118.05,119.17,116.08,118.63,62739100,AAPL
03-02-2015,118.5,119.09,117.61,118.65,51915749,AAPL
04-02-2015,118.5,120.51,118.31,119.56,70149743,AAPL
05-02-2015,120.02,120.23,119.25,119.94,42246245,AAPL
06-02-2015,120.02,120.25,118.45,118.93,43706567,AAPL
09-02-2015,118.55,119.84,118.43,119.72,38889797,AAPL
10-02-2015,120.17,122.15,120.16,122.02,62008506,AAPL
11-02-2015,122.77,124.92,122.5,124.88,73561797,AAPL
12-02-2015,126.06,127.48,125.57,126.46,74474466,AAPL
13-02-2015,127.28,127.28,125.65,127.08,54272219,AAPL
17-02-2015,127.49,128.88,126.92,127.83,63152405,AAPL
18-02-2015,127.62,128.78,127.45,128.72,44891737,AAPL
19-02-2015,128.48,129.03,128.33,128.45,37362381,AAPL
20-02-2015,128.62,129.5,128.05,129.5,48948419,AAPL
23-02-2015,130.02,133,129.66,133,70974110,AAPL
24-02-2015,132.94,133.6,131.17,132.17,69228130,AAPL
25-02-2015,131.56,131.6,128.15,128.79,74711746,AAPL
26-02-2015,128.78,130.87,126.61,130.42,91287529,AAPL
27-02-2015,130,130.57,128.24,128.46,62014847,AAPL
02-03-2015,129.25,130.28,128.3,129.09,48096663,AAPL
03-03-2015,128.96,129.52,128.09,129.36,37816283,AAPL
04-03-2015,129.1,129.56,128.32,128.54,31666340,AAPL
05-03-2015,128.58,128.75,125.76,126.41,56517146,AAPL
06-03-2015,128.4,129.37,126.26,126.6,72842060,AAPL
09-03-2015,127.96,129.57,125.06,127.14,88528487,AAPL
10-03-2015,126.41,127.22,123.8,124.51,68856582,AAPL
11-03-2015,124.75,124.77,122.11,122.24,68938974,AAPL
12-03-2015,122.31,124.9,121.63,124.45,48362719,AAPL
13-03-2015,124.4,125.4,122.58,123.59,51827283,AAPL
16-03-2015,123.88,124.95,122.87,124.95,35874300,AAPL
17-03-2015,125.9,127.32,125.65,127.04,51023104,AAPL
18-03-2015,127,129.16,126.37,128.47,65270945,AAPL
19-03-2015,128.75,129.25,127.4,127.5,45809490,AAPL
20-03-2015,128.25,128.4,125.16,125.9,68695136,AAPL
23-03-2015,127.12,127.85,126.52,127.21,37709674,AAPL
24-03-2015,127.23,128.04,126.56,126.69,32842304,AAPL
25-03-2015,126.54,126.82,123.38,123.38,51655177,AAPL
26-03-2015,122.76,124.88,122.6,124.24,47572869,AAPL
27-03-2015,124.57,124.7,122.91,123.25,39546151,AAPL
30-03-2015,124.05,126.4,124,126.37,47099670,AAPL
31-03-2015,126.09,126.49,124.36,124.43,42090553,AAPL
01-04-2015,124.82,125.12,123.1,124.25,40621437,AAPL
02-04-2015,125.03,125.56,124.19,125.32,32220131,AAPL
06-04-2015,124.47,127.51,124.33,127.35,37193975,AAPL
07-04-2015,127.64,128.12,125.98,126.01,35012268,AAPL
08-04-2015,125.85,126.4,124.97,125.6,37329243,AAPL
09-04-2015,125.85,126.58,124.66,126.56,32483974,AAPL
10-04-2015,125.95,127.21,125.26,127.1,40187953,AAPL
13-04-2015,128.37,128.57,126.61,126.85,36365123,AAPL
14-04-2015,127,127.29,125.91,126.3,25524593,AAPL
15-04-2015,126.41,127.13,126.01,126.78,28970419,AAPL
16-04-2015,126.28,127.1,126.11,126.17,28368987,AAPL
17-04-2015,125.55,126.14,124.46,124.75,51957046,AAPL
20-04-2015,125.57,128.12,125.17,127.6,47054310,AAPL
21-04-2015,128.1,128.2,126.67,126.91,32435057,AAPL
22-04-2015,126.99,128.87,126.32,128.62,37654505,AAPL
23-04-2015,128.3,130.42,128.14,129.67,45770902,AAPL
24-04-2015,130.49,130.63,129.23,130.28,44525905,AAPL
27-04-2015,132.31,133.13,131.15,132.65,96954207,AAPL
28-04-2015,134.46,134.54,129.57,130.56,118923970,AAPL
29-04-2015,130.16,131.59,128.3,128.64,63386083,AAPL
30-04-2015,128.64,127.88,124.58,125.15,83195423,AAPL
01-05-2015,126.1,130.13,125.3,128.95,58512638,AAPL
04-05-2015,129.5,130.57,128.26,128.7,50988278,AAPL
05-05-2015,128.15,128.45,125.78,125.8,49271416,AAPL
06-05-2015,126.56,126.75,123.36,125.01,72141010,AAPL
07-05-2015,124.77,126.08,124.02,125.26,43940895,AAPL
08-05-2015,126.68,127.62,126.11,127.62,55550382,AAPL
11-05-2015,127.39,127.56,125.62,126.32,42035757,AAPL
12-05-2015,125.6,126.88,124.82,125.86,48160032,AAPL
13-05-2015,126.15,127.19,125.87,126.01,34694235,AAPL
14-05-2015,127.41,128.95,127.16,128.95,45203456,AAPL
15-05-2015,129.07,129.49,128.21,128.77,38208034,AAPL
18-05-2015,128.38,130.72,128.36,130.19,50882918,AAPL
19-05-2015,130.69,130.88,129.64,130.07,44633240,AAPL
20-05-2015,130,130.98,129.34,130.06,36454932,AAPL
21-05-2015,130.07,131.63,129.83,131.39,39730364,AAPL
22-05-2015,131.6,132.97,131.4,132.54,45595972,AAPL
26-05-2015,132.6,132.91,129.12,129.62,70697560,AAPL
27-05-2015,130.34,132.26,130.05,132.04,45833246,AAPL
28-05-2015,131.86,131.95,131.1,131.78,30733309,AAPL
29-05-2015,131.23,131.45,129.9,130.28,50884452,AAPL
01-06-2015,130.28,131.39,130.05,130.54,32112797,AAPL
02-06-2015,129.86,130.66,129.32,129.96,33667627,AAPL
03-06-2015,130.66,130.94,129.9,130.12,30983542,AAPL
04-06-2015,129.58,130.58,128.91,129.36,38450118,AAPL
05-06-2015,129.5,129.69,128.36,128.65,35626800,AAPL
08-06-2015,128.9,129.21,126.83,127.8,52674786,AAPL
09-06-2015,126.7,128.08,125.62,127.42,56075420,AAPL
10-06-2015,127.92,129.34,127.85,128.88,39087250,AAPL
11-06-2015,129.18,130.18,128.48,128.59,35390887,AAPL
12-06-2015,128.18,128.33,127.11,127.17,36886246,AAPL
15-06-2015,126.1,127.24,125.71,126.92,43988946,AAPL
16-06-2015,127.03,127.85,126.37,127.6,31494131,AAPL
17-06-2015,127.72,127.88,126.74,127.3,32918071,AAPL
18-06-2015,127.23,128.31,127.22,127.88,35407220,AAPL
19-06-2015,127.71,127.82,126.4,126.6,54716887,AAPL
22-06-2015,127.49,128.06,127.08,127.61,34039345,AAPL
23-06-2015,127.48,127.61,126.88,127.03,30268863,AAPL
24-06-2015,127.21,129.8,127.12,128.11,55280855,AAPL
25-06-2015,128.86,129.2,127.5,127.5,31938100,AAPL
26-06-2015,127.67,127.99,126.51,126.75,44066841,AAPL
29-06-2015,125.46,126.47,124.48,124.53,49161427,AAPL
30-06-2015,125.57,126.12,124.86,125.42,44370682,AAPL
01-07-2015,126.9,126.94,125.99,126.6,30238811,AAPL
02-07-2015,126.43,126.69,125.77,126.44,27210952,AAPL
06-07-2015,124.94,126.23,124.85,126,28060431,AAPL
07-07-2015,125.89,126.15,123.77,125.69,46946811,AAPL
08-07-2015,124.48,124.64,122.54,122.57,60761614,AAPL
09-07-2015,123.85,124.06,119.22,120.07,78595038,AAPL
10-07-2015,121.94,123.85,121.21,123.28,61354474,AAPL
13-07-2015,125.03,125.76,124.32,125.66,41440538,AAPL
14-07-2015,126.04,126.37,125.04,125.61,31768139,AAPL
15-07-2015,125.72,127.15,125.58,126.82,33649200,AAPL
16-07-2015,127.74,128.57,127.35,128.51,36222447,AAPL
17-07-2015,129.08,129.62,128.31,129.62,46164710,AAPL
20-07-2015,130.97,132.97,130.7,132.07,58900203,AAPL
21-07-2015,132.85,132.92,130.32,130.75,76756427,AAPL
22-07-2015,121.99,125.5,121.99,125.22,115450607,AAPL
23-07-2015,126.2,127.09,125.06,125.16,50999452,AAPL
24-07-2015,125.32,125.74,123.9,124.5,42162332,AAPL
27-07-2015,123.09,123.61,122.12,122.77,44455540,AAPL
28-07-2015,123.38,123.91,122.55,123.38,33618097,AAPL
29-07-2015,123.15,123.5,122.27,122.99,37011653,AAPL
30-07-2015,122.32,122.57,121.71,122.37,33628268,AAPL
31-07-2015,122.6,122.64,120.91,121.3,42884953,AAPL
03-08-2015,121.5,122.57,117.52,118.44,69975968,AAPL
04-08-2015,117.42,117.7,113.25,114.64,124138623,AAPL
05-08-2015,112.95,117.44,112.1,115.4,99312613,AAPL
06-08-2015,115.97,116.5,114.12,115.13,52903040,AAPL
07-08-2015,114.58,116.25,114.5,115.52,38670405,AAPL
10-08-2015,116.53,119.99,116.53,119.72,54951597,AAPL
11-08-2015,117.81,118.18,113.33,113.49,97082814,AAPL
12-08-2015,112.53,115.42,109.63,115.24,101685610,AAPL
13-08-2015,116.04,116.4,114.54,115.15,48535789,AAPL
14-08-2015,114.32,116.31,114.01,115.96,42929516,AAPL
17-08-2015,116.04,117.65,115.5,117.16,40884745,AAPL
18-08-2015,116.43,117.44,116.01,116.5,34560708,AAPL
19-08-2015,116.1,116.52,114.68,115.01,48286510,AAPL
20-08-2015,114.08,114.35,111.63,112.65,67765523,AAPL
21-08-2015,110.43,111.9,105.64,105.76,126289223,AAPL
24-08-2015,94.87,108.8,92,103.12,161454199,AAPL
25-08-2015,111.11,111.11,103.5,103.74,102240208,AAPL
26-08-2015,107.08,109.89,105.05,109.69,96226269,AAPL
27-08-2015,112.23,113.24,110.02,112.92,83265146,AAPL
28-08-2015,112.17,113.31,111.54,113.29,52896384,AAPL
31-08-2015,112.03,114.53,112,112.76,55962842,AAPL
01-09-2015,110.15,111.88,107.36,107.72,75988194,AAPL
02-09-2015,110.23,112.34,109.13,112.34,61520170,AAPL
03-09-2015,112.49,112.78,110.04,110.37,52906410,AAPL
04-09-2015,108.97,110.45,108.51,109.27,49628615,AAPL
08-09-2015,111.75,112.56,110.32,112.31,54114204,AAPL
09-09-2015,113.76,114.02,109.77,110.15,84344438,AAPL
10-09-2015,110.27,113.28,109.9,112.57,62675234,AAPL
11-09-2015,111.79,114.21,111.76,114.21,49441846,AAPL
14-09-2015,116.58,116.89,114.86,115.31,58201862,AAPL
15-09-2015,115.93,116.53,114.42,116.28,43004052,AAPL
16-09-2015,116.25,116.54,115.44,116.41,36909956,AAPL
17-09-2015,115.66,116.49,113.72,113.92,63462713,AAPL
18-09-2015,112.21,114.3,111.87,113.45,73418992,AAPL
21-09-2015,113.67,115.37,113.66,115.21,46554289,AAPL
22-09-2015,113.38,114.18,112.52,113.4,49809010,AAPL
23-09-2015,113.63,114.72,113.3,114.32,35645658,AAPL
24-09-2015,113.25,115.5,112.37,115,49810647,AAPL
25-09-2015,116.44,116.69,114.02,114.71,55842210,AAPL
28-09-2015,113.85,114.57,112.44,112.44,51723929,AAPL
29-09-2015,112.83,113.51,107.86,109.06,73135853,AAPL
30-09-2015,110.17,111.54,108.73,110.3,66105030,AAPL
01-10-2015,109.07,109.62,107.31,109.58,63747954,AAPL
02-10-2015,108.01,111.01,107.55,110.38,57560431,AAPL
05-10-2015,110.08,111.37,109.07,110.78,51723110,AAPL
06-10-2015,110.63,111.74,109.76,111.31,48196751,AAPL
07-10-2015,110.47,111.77,109.41,110.78,46602587,AAPL
08-10-2015,110.06,110.19,108.21,109.5,61698450,AAPL
09-10-2015,111.64,112.28,109.49,112.12,52533783,AAPL
12-10-2015,112.73,112.75,111.44,111.6,30114425,AAPL
13-10-2015,110.82,112.45,110.68,111.79,32424018,AAPL
14-10-2015,111.29,111.52,109.56,110.21,44325611,AAPL
15-10-2015,110.93,112.1,110.49,111.86,37340996,AAPL
16-10-2015,111.78,112,110.53,111.04,38236278,AAPL
19-10-2015,110.8,111.75,110.11,111.73,29606075,AAPL
20-10-2015,111.34,114.17,110.82,113.77,48778770,AAPL
21-10-2015,114,115.58,113.7,113.76,41795238,AAPL
22-10-2015,114.33,115.5,114.1,115.5,41272693,AAPL
23-10-2015,118.77,119.23,116.33,119.08,59139552,AAPL
26-10-2015,118.08,118.13,114.92,115.28,66019504,AAPL
27-10-2015,115.4,116.54,113.99,114.55,57953589,AAPL
28-10-2015,117.58,119.3,116.06,119.27,85023324,AAPL
29-10-2015,118.7,120.69,118.27,120.53,50240803,AAPL
30-10-2015,120.99,121.22,119.45,119.5,48811991,AAPL
02-11-2015,120.8,121.36,119.61,121.18,31761309,AAPL
03-11-2015,120.79,123.49,120.7,122.57,45331025,AAPL
04-11-2015,122.56,123.82,121.62,122,44343498,AAPL
05-11-2015,121.85,122.69,120.18,120.92,39258480,AAPL
06-11-2015,121.08,121.81,120.62,121.06,32931447,AAPL
09-11-2015,120.96,121.81,120.05,120.57,33657546,AAPL
10-11-2015,116.9,118.07,116.06,116.77,58635125,AAPL
11-11-2015,116.37,117.42,115.21,116.11,45104903,AAPL
12-11-2015,116.26,116.82,115.65,115.72,32262598,AAPL
13-11-2015,115.2,115.57,112.27,112.34,45164053,AAPL
16-11-2015,111.38,114.24,111,114.18,37651022,AAPL
17-11-2015,114.92,115.05,113.32,113.69,27253964,AAPL
18-11-2015,115.76,117.49,115.5,117.29,46163404,AAPL
19-11-2015,117.64,119.75,116.76,118.78,42908179,AAPL
20-11-2015,119.2,119.92,118.85,119.3,34103529,AAPL
23-11-2015,119.27,119.73,117.34,117.75,32266736,AAPL
24-11-2015,117.33,119.35,117.12,118.88,42426855,AAPL
25-11-2015,119.21,119.23,117.92,118.03,21388308,AAPL
27-11-2015,118.29,118.41,117.6,117.81,13043720,AAPL
30-11-2015,117.99,119.41,117.75,118.3,37658671,AAPL
01-12-2015,118.75,118.81,116.86,117.34,34700991,AAPL
02-12-2015,117.34,118.11,116.08,116.28,33198964,AAPL
03-12-2015,115.24,116.79,114.22,115.2,41569509,AAPL
04-12-2015,115.29,119.25,115.11,119.03,57776977,AAPL
07-12-2015,118.32,119.86,117.81,118.28,32084249,AAPL
08-12-2015,117.52,118.6,116.86,118.23,34309450,AAPL
09-12-2015,115.3,117.69,115.08,115.62,46361357,AAPL
10-12-2015,116.04,116.94,115.51,116.17,29212727,AAPL
11-12-2015,115.19,115.39,112.85,113.18,46886161,AAPL
14-12-2015,112.18,112.68,109.79,112.48,64318732,AAPL
15-12-2015,111.94,112.8,110.35,110.49,53323105,AAPL
16-12-2015,111.07,111.99,108.8,111.34,56238467,AAPL
17-12-2015,112.02,112.25,108.98,108.98,44772827,AAPL
18-12-2015,108.91,109.52,105.81,106.03,96453327,AAPL
21-12-2015,107.28,107.37,105.57,107.33,47590610,AAPL
22-12-2015,107.4,107.72,106.45,107.23,32789367,AAPL
23-12-2015,107.27,108.85,107.2,108.61,32657354,AAPL
24-12-2015,109,109,107.95,108.03,13596680,AAPL
28-12-2015,107.59,107.69,106.18,106.82,26704210,AAPL
29-12-2015,106.96,109.43,106.86,108.74,30931243,AAPL
30-12-2015,108.58,108.7,107.18,107.32,25213777,AAPL
31-12-2015,107.01,107.03,104.82,105.26,40912316,AAPL
04-01-2016,102.61,105.37,102,105.35,67281190,AAPL
05-01-2016,105.75,105.85,102.41,102.71,55790992,AAPL
06-01-2016,100.56,102.37,99.87,100.7,68457388,AAPL
07-01-2016,98.68,100.13,96.43,96.45,81094428,AAPL
08-01-2016,98.55,99.11,96.76,96.96,70798016,AAPL
11-01-2016,98.97,99.06,97.34,98.53,49739377,AAPL
12-01-2016,100.55,100.69,98.84,99.96,49154227,AAPL
13-01-2016,100.32,101.19,97.3,97.39,61745031,AAPL
14-01-2016,97.96,100.48,95.74,99.52,62424154,AAPL
15-01-2016,96.2,97.71,95.36,97.13,79010008,AAPL
19-01-2016,98.41,98.65,95.5,96.66,52841349,AAPL
20-01-2016,95.1,98.19,93.42,96.79,72008265,AAPL
21-01-2016,97.06,97.88,94.94,96.3,52054521,AAPL
22-01-2016,98.63,101.46,98.37,101.42,65562769,AAPL
25-01-2016,101.52,101.53,99.21,99.44,51196375,AAPL
26-01-2016,99.93,100.88,98.07,99.99,63538305,AAPL
27-01-2016,96.04,96.63,93.34,93.42,132224500,AAPL
28-01-2016,93.79,94.52,92.39,94.09,55557109,AAPL
29-01-2016,94.79,97.34,94.35,97.34,64010141,AAPL
01-02-2016,96.47,96.71,95.4,96.43,40571593,AAPL
02-02-2016,95.42,96.04,94.28,94.48,37081206,AAPL
03-02-2016,95,96.84,94.08,96.35,45366710,AAPL
04-02-2016,95.86,97.33,95.19,96.6,46263907,AAPL
05-02-2016,96.52,96.92,93.69,94.02,45853883,AAPL
08-02-2016,93.13,95.7,93.04,95.01,53852284,AAPL
09-02-2016,94.29,95.94,93.93,94.99,44262912,AAPL
10-02-2016,95.92,96.35,94.1,94.27,42244975,AAPL
11-02-2016,93.79,94.72,92.59,93.7,49686210,AAPL
12-02-2016,94.19,94.5,93.01,93.99,40121670,AAPL
16-02-2016,95.02,96.85,94.61,96.64,47490678,AAPL
17-02-2016,96.67,98.21,96.15,98.12,44390173,AAPL
18-02-2016,98.84,98.89,96.09,96.26,38494442,AAPL
19-02-2016,96,96.76,95.8,96.04,34485576,AAPL
22-02-2016,96.31,96.9,95.92,96.88,34048195,AAPL
23-02-2016,96.4,96.5,94.55,94.69,31686699,AAPL
24-02-2016,93.98,96.38,93.32,96.1,36155642,AAPL
25-02-2016,96.05,96.76,95.25,96.76,27393905,AAPL
26-02-2016,97.2,98.02,96.58,96.91,28913208,AAPL
29-02-2016,96.86,98.23,96.65,96.69,34876558,AAPL
01-03-2016,97.65,100.77,97.42,100.53,50153943,AAPL
02-03-2016,100.51,100.89,99.64,100.75,33084941,AAPL
03-03-2016,100.58,101.71,100.45,101.5,36792245,AAPL
04-03-2016,102.37,103.75,101.37,103.01,45936485,AAPL
07-03-2016,102.39,102.83,100.96,101.87,35828909,AAPL
08-03-2016,100.78,101.76,100.4,101.03,31274161,AAPL
09-03-2016,101.31,101.58,100.27,101.12,27130729,AAPL
10-03-2016,101.41,102.24,100.15,101.17,33513577,AAPL
11-03-2016,102.24,102.28,101.5,102.26,27200833,AAPL
14-03-2016,101.91,102.91,101.78,102.52,25027426,AAPL
15-03-2016,103.96,105.18,103.85,104.58,40067734,AAPL
16-03-2016,104.61,106.31,104.59,105.97,37893758,AAPL
17-03-2016,105.52,106.47,104.96,105.8,34244593,AAPL
18-03-2016,106.34,106.5,105.19,105.92,43402289,AAPL
21-03-2016,105.93,107.65,105.14,105.91,35180796,AAPL
22-03-2016,105.25,107.29,105.21,106.72,32232567,AAPL
23-03-2016,106.48,107.07,105.9,106.13,25452612,AAPL
24-03-2016,105.47,106.25,104.89,105.67,25480914,AAPL
28-03-2016,106,106.19,105.06,105.19,19303557,AAPL
29-03-2016,104.89,107.79,104.88,107.68,30774115,AAPL
30-03-2016,108.65,110.42,108.6,109.56,45159861,AAPL
31-03-2016,109.72,109.9,108.88,108.99,25685672,AAPL
01-04-2016,108.78,110,108.2,109.99,25626163,AAPL
04-04-2016,110.42,112.19,110.27,111.12,37243224,AAPL
05-04-2016,109.51,110.73,109.42,109.81,26495312,AAPL
06-04-2016,110.23,110.98,109.2,110.96,26047772,AAPL
07-04-2016,109.95,110.42,108.12,108.54,30881022,AAPL
08-04-2016,108.91,109.77,108.17,108.66,23514462,AAPL
11-04-2016,108.97,110.61,108.83,109.02,28313525,AAPL
12-04-2016,109.34,110.5,108.66,110.44,26812000,AAPL
13-04-2016,110.8,112.34,110.8,112.04,32691799,AAPL
14-04-2016,111.62,112.39,111.33,112.1,25337435,AAPL
15-04-2016,112.11,112.3,109.73,109.85,46418482,AAPL
18-04-2016,108.89,108.95,106.94,107.48,60834027,AAPL
19-04-2016,107.88,108,106.23,106.91,32292344,AAPL
20-04-2016,106.64,108.09,106.06,107.13,28666865,AAPL
21-04-2016,106.93,106.93,105.52,105.97,31356434,AAPL
22-04-2016,105.01,106.48,104.62,105.68,33477142,AAPL
25-04-2016,105,105.65,104.51,105.08,27950966,AAPL
26-04-2016,103.91,105.3,103.91,104.35,40338403,AAPL
27-04-2016,96,98.71,95.68,97.82,113538389,AAPL
28-04-2016,97.61,97.88,94.25,94.83,81990674,AAPL
29-04-2016,93.99,94.72,92.51,93.74,68334434,AAPL
02-05-2016,93.96,94.08,92.4,93.64,47736879,AAPL
03-05-2016,94.2,95.74,93.68,95.18,56533960,AAPL
04-05-2016,95.2,95.9,93.82,94.19,40824776,AAPL
05-05-2016,94,94.07,92.68,93.24,35763138,AAPL
06-05-2016,93.37,93.45,91.85,92.72,43458189,AAPL
09-05-2016,93,93.77,92.59,92.79,32855251,AAPL
10-05-2016,93.33,93.57,92.11,93.42,33592465,AAPL
11-05-2016,93.48,93.57,92.46,92.51,28539912,AAPL
12-05-2016,92.72,92.78,89.47,90.34,76109795,AAPL
13-05-2016,90,91.67,90,90.52,44188153,AAPL
16-05-2016,92.39,94.39,91.65,93.88,61140610,AAPL
17-05-2016,94.55,94.7,93.01,93.49,46507449,AAPL
18-05-2016,94.16,95.21,93.89,94.56,41923114,AAPL
19-05-2016,94.64,94.64,93.57,94.2,29693945,AAPL
20-05-2016,94.64,95.43,94.52,95.22,31804564,AAPL
23-05-2016,95.87,97.19,95.67,96.43,37860535,AAPL
24-05-2016,97.22,98.09,96.84,97.9,35036561,AAPL
25-05-2016,98.67,99.74,98.11,99.62,38168760,AAPL
26-05-2016,99.68,100.73,98.64,100.41,56093437,AAPL
27-05-2016,99.44,100.47,99.24,100.35,36229530,AAPL
31-05-2016,99.6,100.4,98.82,99.86,42307212,AAPL
01-06-2016,99.02,99.54,98.33,98.46,29173285,AAPL
02-06-2016,97.6,97.84,96.63,97.72,40191600,AAPL
03-06-2016,97.79,98.27,97.45,97.92,28504888,AAPL
06-06-2016,97.99,101.89,97.55,98.63,23292504,AAPL
07-06-2016,99.25,99.87,98.96,99.03,22409450,AAPL
08-06-2016,99.02,99.56,98.68,98.94,20848131,AAPL
09-06-2016,98.5,99.99,98.46,99.65,26601354,AAPL
10-06-2016,98.53,99.35,98.48,98.83,31712936,AAPL
13-06-2016,98.69,99.12,97.1,97.34,38020494,AAPL
14-06-2016,97.32,98.48,96.75,97.46,31931944,AAPL
15-06-2016,97.82,98.41,97.03,97.14,29445227,AAPL
16-06-2016,96.45,97.75,96.07,97.55,31326815,AAPL
17-06-2016,96.62,96.65,95.3,95.33,61008219,AAPL
20-06-2016,96,96.57,95.03,95.1,34411901,AAPL
21-06-2016,94.94,96.35,94.68,95.91,35546358,AAPL
22-06-2016,96.25,96.89,95.35,95.55,29219122,AAPL
23-06-2016,95.94,96.29,95.25,96.1,32240187,AAPL
24-06-2016,92.91,94.66,92.65,93.4,75311356,AAPL
27-06-2016,93,93.05,91.5,92.04,46622188,AAPL
28-06-2016,92.9,93.66,92.14,93.59,40444914,AAPL
29-06-2016,93.97,94.55,93.63,94.4,36531006,AAPL
30-06-2016,94.44,95.77,94.3,95.6,35836356,AAPL
01-07-2016,95.49,96.46,95.33,95.89,26026540,AAPL
05-07-2016,95.39,95.4,94.46,94.99,27705210,AAPL
06-07-2016,94.6,95.66,94.37,95.53,30949090,AAPL
07-07-2016,95.7,96.5,95.62,95.94,25139558,AAPL
08-07-2016,96.49,96.89,96.05,96.68,28912103,AAPL
11-07-2016,96.75,97.65,96.73,96.98,23794945,AAPL
12-07-2016,97.17,97.7,97.12,97.42,24167463,AAPL
13-07-2016,97.41,97.67,96.84,96.87,25892171,AAPL
14-07-2016,97.39,98.99,97.32,98.79,38918997,AAPL
15-07-2016,98.92,99.3,98.5,98.78,30136990,AAPL
18-07-2016,98.7,100.13,98.6,99.83,36493867,AAPL
19-07-2016,99.56,100,99.34,99.87,23779924,AAPL
20-07-2016,100,100.46,99.74,99.96,26275968,AAPL
21-07-2016,99.83,101,99.13,99.43,32702028,AAPL
22-07-2016,99.26,99.3,98.31,98.66,28313669,AAPL
25-07-2016,98.25,98.84,96.92,97.34,40382921,AAPL
26-07-2016,96.82,97.97,96.42,96.67,56239822,AAPL
27-07-2016,104.26,104.35,102.75,102.95,92344820,AAPL
28-07-2016,102.83,104.45,102.82,104.34,39869839,AAPL
29-07-2016,104.19,104.55,103.68,104.21,27733688,AAPL
01-08-2016,104.41,106.15,104.41,106.05,38167871,AAPL
02-08-2016,106.05,106.07,104,104.48,33816556,AAPL
03-08-2016,104.81,105.84,104.77,105.79,30202641,AAPL
04-08-2016,105.58,106,105.28,105.87,27408650,AAPL
05-08-2016,106.27,107.65,106.18,107.48,40553402,AAPL
08-08-2016,107.52,108.37,107.16,108.37,28037220,AAPL
09-08-2016,108.23,108.94,108.01,108.81,26315204,AAPL
10-08-2016,108.71,108.9,107.76,108,24008505,AAPL
11-08-2016,108.52,108.93,107.85,107.93,27484506,AAPL
12-08-2016,107.78,108.44,107.78,108.18,18660434,AAPL
15-08-2016,108.14,109.54,108.08,109.48,25868209,AAPL
16-08-2016,109.63,110.23,109.21,109.38,33794448,AAPL
17-08-2016,109.1,109.37,108.34,109.22,25355976,AAPL
18-08-2016,109.23,109.6,109.02,109.08,21984703,AAPL
19-08-2016,108.77,109.69,108.36,109.36,25368072,AAPL
22-08-2016,108.86,109.1,107.85,108.51,25820230,AAPL
23-08-2016,108.59,109.32,108.53,108.85,21257669,AAPL
24-08-2016,108.56,108.75,107.68,108.03,23675081,AAPL
25-08-2016,107.39,107.88,106.68,107.57,25086248,AAPL
26-08-2016,107.41,107.95,106.31,106.94,27766291,AAPL
29-08-2016,106.62,107.44,106.29,106.82,24970300,AAPL
30-08-2016,105.8,106.5,105.5,106,24863945,AAPL
31-08-2016,105.66,106.57,105.64,106.1,29662406,AAPL
01-09-2016,106.14,106.8,105.62,106.73,26701523,AAPL
02-09-2016,107.7,108,106.82,107.73,26334858,AAPL
06-09-2016,107.9,108.3,107.51,107.7,26880391,AAPL
07-09-2016,107.83,108.76,107.07,108.36,42364328,AAPL
08-09-2016,107.25,107.27,105.24,105.52,53002026,AAPL
09-09-2016,104.64,105.72,103.13,103.13,46556984,AAPL
12-09-2016,102.65,105.72,102.53,105.44,45292770,AAPL
13-09-2016,107.51,108.79,107.24,107.95,62176190,AAPL
14-09-2016,108.73,113.03,108.6,111.77,112340318,AAPL
15-09-2016,113.86,115.73,113.49,115.57,90613177,AAPL
16-09-2016,115.12,116.13,114.04,114.92,79886911,AAPL
19-09-2016,115.19,116.18,113.25,113.58,47023046,AAPL
20-09-2016,113.05,114.12,112.51,113.57,34514269,AAPL
21-09-2016,113.85,113.99,112.44,113.55,36003185,AAPL
22-09-2016,114.35,114.94,114,114.62,31073984,AAPL
23-09-2016,114.42,114.79,111.55,112.71,52481151,AAPL
26-09-2016,111.64,113.39,111.55,112.88,29869442,AAPL
27-09-2016,113,113.18,112.34,113.09,24607412,AAPL
28-09-2016,113.69,114.64,113.43,113.95,29641085,AAPL
29-09-2016,113.16,113.8,111.8,112.18,35886990,AAPL
30-09-2016,112.46,113.37,111.8,113.05,36379106,AAPL
03-10-2016,112.71,113.05,112.28,112.52,21701760,AAPL
04-10-2016,113.06,114.31,112.63,113,29736835,AAPL
05-10-2016,113.4,113.66,112.69,113.05,21453089,AAPL
06-10-2016,113.7,114.34,113.13,113.89,28779313,AAPL
07-10-2016,114.31,114.56,113.51,114.06,24358443,AAPL
10-10-2016,115.02,116.75,114.72,116.05,36235956,AAPL
11-10-2016,117.7,118.69,116.2,116.3,64041043,AAPL
12-10-2016,117.35,117.98,116.75,117.34,37586787,AAPL
13-10-2016,116.79,117.44,115.72,116.98,35192406,AAPL
14-10-2016,117.88,118.17,117.13,117.63,35652191,AAPL
17-10-2016,117.33,117.84,116.78,117.55,23624896,AAPL
18-10-2016,118.18,118.21,117.45,117.47,24553478,AAPL
19-10-2016,117.25,117.76,113.8,117.12,20034594,AAPL
20-10-2016,116.86,117.38,116.33,117.06,24125801,AAPL
21-10-2016,116.81,116.91,116.28,116.6,23192665,AAPL
24-10-2016,117.1,117.74,117,117.65,23538673,AAPL
25-10-2016,117.95,118.36,117.31,118.25,48128970,AAPL
26-10-2016,114.31,115.7,113.31,115.59,66134219,AAPL
27-10-2016,115.39,115.86,114.1,114.48,34562045,AAPL
28-10-2016,113.87,115.21,113.45,113.72,37861662,AAPL
31-10-2016,113.65,114.23,113.2,113.54,26419398,AAPL
01-11-2016,113.46,113.77,110.53,111.49,43825812,AAPL
02-11-2016,111.4,112.35,111.23,111.59,28331709,AAPL
03-11-2016,110.98,111.46,109.55,109.83,26932602,AAPL
04-11-2016,108.53,110.25,108.11,108.84,30836997,AAPL
07-11-2016,110.08,110.51,109.46,110.41,32560000,AAPL
08-11-2016,110.31,111.72,109.7,111.06,24254179,AAPL
09-11-2016,109.88,111.32,108.05,110.88,59176361,AAPL
10-11-2016,111.09,111.09,105.83,107.79,57134541,AAPL
11-11-2016,107.12,108.87,106.55,108.43,34143898,AAPL
14-11-2016,107.71,107.81,104.08,105.71,51175504,AAPL
15-11-2016,106.57,107.68,106.16,107.11,32264510,AAPL
16-11-2016,106.7,110.23,106.6,109.99,58840522,AAPL
17-11-2016,109.81,110.35,108.83,109.95,26964598,AAPL
18-11-2016,109.72,110.54,109.66,110.06,28428917,AAPL
21-11-2016,110.12,111.99,110.01,111.73,29264571,AAPL
22-11-2016,111.95,112.42,111.4,111.8,25965534,AAPL
23-11-2016,111.36,111.51,110.33,111.23,27426394,AAPL
25-11-2016,111.47,111.87,110.95,111.79,11475922,AAPL
28-11-2016,111.43,112.46,111.39,111.57,27193983,AAPL
29-11-2016,110.78,112.03,110.07,111.46,28528750,AAPL
30-11-2016,111.6,112.2,110.27,110.52,36162258,AAPL
01-12-2016,110.36,110.94,109.03,109.49,37086862,AAPL
02-12-2016,109.17,110.09,108.85,109.9,26527997,AAPL
05-12-2016,110,110.03,108.25,109.11,34324540,AAPL
06-12-2016,109.5,110.36,109.19,109.95,26195462,AAPL
07-12-2016,109.26,111.19,109.16,111.03,29998719,AAPL
08-12-2016,110.86,112.43,110.6,112.12,27068316,AAPL
09-12-2016,112.31,114.7,112.31,113.95,34402627,AAPL
12-12-2016,113.29,115,112.49,113.3,26374377,AAPL
13-12-2016,113.84,115.92,113.75,115.19,43733811,AAPL
14-12-2016,115.04,116.2,114.98,115.19,34031834,AAPL
15-12-2016,115.38,116.73,115.23,115.82,46524544,AAPL
16-12-2016,116.47,116.5,115.64,115.97,44351134,AAPL
19-12-2016,115.8,117.38,115.75,116.64,27779423,AAPL
20-12-2016,116.74,117.5,116.68,116.95,21424965,AAPL
21-12-2016,116.8,117.4,116.78,117.06,23783165,AAPL
22-12-2016,116.35,116.51,115.64,116.29,26085854,AAPL
23-12-2016,115.59,116.52,115.59,116.52,14249484,AAPL
27-12-2016,116.52,117.8,116.49,117.26,18296855,AAPL
28-12-2016,117.52,118.02,116.2,116.76,20905892,AAPL
29-12-2016,116.45,117.11,116.4,116.73,15039519,AAPL
30-12-2016,116.65,117.2,115.43,115.82,30586265,AAPL
03-01-2017,115.8,116.33,114.76,116.15,28781865,AAPL
04-01-2017,115.85,116.51,115.75,116.02,21118116,AAPL
05-01-2017,115.92,116.86,115.81,116.61,22193587,AAPL
06-01-2017,116.78,118.16,116.47,117.91,31751900,AAPL
09-01-2017,117.95,119.43,117.94,118.99,33561948,AAPL
10-01-2017,118.77,119.38,118.3,119.11,24462051,AAPL
11-01-2017,118.74,119.93,118.6,119.75,27588593,AAPL
12-01-2017,118.9,119.3,118.21,119.25,27086220,AAPL
13-01-2017,119.11,119.62,118.81,119.04,26111948,AAPL
17-01-2017,118.34,120.24,118.22,120,34439843,AAPL
18-01-2017,120,120.5,119.71,119.99,23712961,AAPL
19-01-2017,119.4,120.09,119.37,119.78,25597291,AAPL
20-01-2017,120.45,120.45,119.73,120,32597892,AAPL
23-01-2017,120,120.81,119.77,120.08,22050218,AAPL
24-01-2017,119.55,120.1,119.5,119.97,23211038,AAPL
25-01-2017,120.42,122.1,120.28,121.88,32586673,AAPL
26-01-2017,121.67,122.44,121.6,121.94,26337576,AAPL
27-01-2017,122.14,122.35,121.6,121.95,20562944,AAPL
30-01-2017,120.93,121.63,120.66,121.63,30377503,AAPL
31-01-2017,121.15,121.39,120.62,121.35,49200993,AAPL
01-02-2017,127.03,130.49,127.01,128.75,111985040,AAPL
02-02-2017,127.98,129.39,127.78,128.53,33710411,AAPL
03-02-2017,128.31,129.19,128.16,129.08,24507301,AAPL
06-02-2017,129.13,130.5,128.9,130.29,26845924,AAPL
07-02-2017,130.54,132.09,130.45,131.53,38183841,AAPL
08-02-2017,131.35,132.22,131.22,132.04,23004072,AAPL
09-02-2017,131.65,132.44,131.12,132.42,28349859,AAPL
10-02-2017,132.46,132.94,132.05,132.12,20065458,AAPL
13-02-2017,133.08,133.82,132.75,133.29,23035421,AAPL
14-02-2017,133.47,135.09,133.25,135.02,33226223,AAPL
15-02-2017,135.52,136.27,134.62,135.51,35623100,AAPL
16-02-2017,135.67,135.9,134.84,135.34,22584555,AAPL
17-02-2017,135.1,135.83,135.1,135.72,22198197,AAPL
21-02-2017,136.23,136.75,135.98,136.7,24507156,AAPL
22-02-2017,136.43,137.12,136.11,137.11,20836932,AAPL
23-02-2017,137.38,137.48,136.3,136.53,20788186,AAPL
24-02-2017,135.91,136.66,135.28,136.66,21776585,AAPL
27-02-2017,137.14,137.44,136.28,136.93,20257426,AAPL
28-02-2017,137.08,137.44,136.7,136.99,23482860,AAPL
01-03-2017,137.89,140.15,137.6,139.79,36414585,AAPL
02-03-2017,140,140.28,138.76,138.96,26210984,AAPL
03-03-2017,138.78,139.83,138.59,139.78,21571121,AAPL
06-03-2017,139.36,139.77,138.6,139.34,21750044,AAPL
07-03-2017,139.06,139.98,138.79,139.52,17446297,AAPL
08-03-2017,138.95,139.8,138.82,139,18707236,AAPL
09-03-2017,138.74,138.79,137.05,138.68,22155904,AAPL
10-03-2017,139.25,139.36,138.64,139.14,19612801,AAPL
13-03-2017,138.85,139.43,138.82,139.2,17421717,AAPL
14-03-2017,139.3,139.65,138.84,138.99,15309065,AAPL
15-03-2017,139.41,140.75,139.02,140.46,25691774,AAPL
16-03-2017,140.72,141.02,140.26,140.69,19231998,AAPL
17-03-2017,141,141,139.89,139.99,43884952,AAPL
20-03-2017,140.4,141.5,140.23,141.46,21542038,AAPL
21-03-2017,142.11,142.8,139.73,139.84,39529912,AAPL
22-03-2017,139.84,141.6,139.76,141.42,25860165,AAPL
23-03-2017,141.26,141.58,140.61,140.92,20346301,AAPL
24-03-2017,141.5,141.74,140.35,140.64,22395563,AAPL
27-03-2017,139.39,141.22,138.62,140.88,23575094,AAPL
28-03-2017,140.91,144.04,140.62,143.8,33374805,AAPL
29-03-2017,143.68,144.49,143.19,144.12,29189955,AAPL
30-03-2017,144.19,144.5,143.5,143.93,21207252,AAPL
31-03-2017,143.72,144.27,143.01,143.66,19661651,AAPL
03-04-2017,143.71,144.12,143.05,143.7,19985714,AAPL
04-04-2017,143.25,144.89,143.17,144.77,19891354,AAPL
05-04-2017,144.22,145.46,143.81,144.02,27717854,AAPL
06-04-2017,144.29,144.52,143.45,143.66,21149034,AAPL
07-04-2017,143.73,144.18,143.27,143.34,16672198,AAPL
10-04-2017,143.6,143.88,142.9,143.17,18933397,AAPL
11-04-2017,142.94,143.35,140.06,141.63,30379376,AAPL
12-04-2017,141.6,142.15,141.01,141.8,20350000,AAPL
13-04-2017,141.91,142.38,141.05,141.05,17822880,AAPL
17-04-2017,141.48,141.88,140.87,141.83,16582094,AAPL
18-04-2017,141.41,142.04,141.11,141.2,14697544,AAPL
19-04-2017,141.88,142,140.45,140.68,17328375,AAPL
20-04-2017,141.22,142.92,141.16,142.44,23319562,AAPL
21-04-2017,142.44,142.68,141.85,142.27,17320928,AAPL
24-04-2017,143.5,143.95,143.18,143.64,17134333,AAPL
25-04-2017,143.91,144.9,143.87,144.53,18871501,AAPL
26-04-2017,144.47,144.6,143.38,143.68,20041241,AAPL
27-04-2017,143.92,144.16,143.31,143.79,14246347,AAPL
28-04-2017,144.09,144.3,143.27,143.65,20860358,AAPL
01-05-2017,145.1,147.2,144.96,146.58,33602943,AAPL
02-05-2017,147.54,148.09,146.84,147.51,45352194,AAPL
03-05-2017,145.59,147.49,144.27,147.06,45697034,AAPL
04-05-2017,146.52,147.14,145.81,146.53,23371872,AAPL
05-05-2017,146.76,148.98,146.76,148.96,27327725,AAPL
08-05-2017,149.03,153.7,149.03,153.01,48752413,AAPL
09-05-2017,153.87,154.88,153.45,153.99,39130363,AAPL
10-05-2017,153.63,153.94,152.11,153.26,25805692,AAPL
11-05-2017,152.45,154.07,152.31,153.95,27255058,AAPL
12-05-2017,154.7,156.42,154.67,156.1,32527017,AAPL
15-05-2017,156.01,156.65,155.05,155.7,26009719,AAPL
16-05-2017,155.94,156.06,154.72,155.47,20048478,AAPL
17-05-2017,153.6,154.57,149.71,150.25,50767678,AAPL
18-05-2017,151.27,153.34,151.13,152.54,33568215,AAPL
19-05-2017,153.38,153.98,152.63,153.06,26960788,AAPL
22-05-2017,154,154.58,152.91,153.99,22966437,AAPL
23-05-2017,154.9,154.9,153.31,153.8,19918871,AAPL
24-05-2017,153.84,154.17,152.67,153.34,19219154,AAPL
25-05-2017,153.73,154.35,153.03,153.87,19235598,AAPL
26-05-2017,154,154.24,153.31,153.61,21927637,AAPL
30-05-2017,153.42,154.43,153.33,153.67,20126851,AAPL
31-05-2017,153.97,154.17,152.38,152.76,24451164,AAPL
01-06-2017,153.17,153.33,152.22,153.18,16404088,AAPL
02-06-2017,153.58,155.45,152.89,155.45,27770715,AAPL
05-06-2017,154.34,154.45,153.46,153.93,25331662,AAPL
06-06-2017,153.9,155.81,153.78,154.45,26624926,AAPL
07-06-2017,155.02,155.98,154.48,155.37,21069647,AAPL
08-06-2017,155.25,155.54,154.4,154.99,21250798,AAPL
09-06-2017,155.19,155.19,146.02,148.98,64882657,AAPL
12-06-2017,145.74,146.09,142.51,145.42,72307330,AAPL
13-06-2017,147.16,147.45,145.15,146.59,34165445,AAPL
14-06-2017,147.5,147.5,143.84,145.16,31531232,AAPL
15-06-2017,143.32,144.48,142.21,144.29,32165373,AAPL
16-06-2017,143.78,144.5,142.2,142.27,50361093,AAPL
19-06-2017,143.66,146.74,143.66,146.34,32541404,AAPL
20-06-2017,146.87,146.87,144.94,145.01,24900073,AAPL
21-06-2017,145.52,146.07,144.61,145.87,21265751,AAPL
22-06-2017,145.77,146.7,145.12,145.63,19106294,AAPL
23-06-2017,145.13,147.16,145.11,146.28,35439389,AAPL
26-06-2017,147.17,148.28,145.38,145.82,25692361,AAPL
27-06-2017,145.01,146.16,143.62,143.73,24761891,AAPL
28-06-2017,144.49,146.11,143.16,145.83,22082432,AAPL
29-06-2017,144.71,145.13,142.28,143.68,31499368,AAPL
30-06-2017,144.45,144.96,143.78,144.02,23024107,AAPL
03-07-2017,144.88,145.3,143.1,143.5,14277848,AAPL
05-07-2017,143.69,144.79,142.72,144.09,21569557,AAPL
06-07-2017,143.02,143.5,142.41,142.73,24128782,AAPL
07-07-2017,142.9,144.75,142.9,144.18,19201712,AAPL
10-07-2017,144.11,145.95,143.37,145.06,21090636,AAPL
11-07-2017,144.73,145.85,144.38,145.53,19781836,AAPL
12-07-2017,145.87,146.18,144.82,145.74,24884478,AAPL
13-07-2017,145.5,148.49,145.44,147.77,25199373,AAPL
14-07-2017,147.97,149.33,147.33,149.04,20132061,AAPL
17-07-2017,148.82,150.9,148.57,149.56,23793456,AAPL
18-07-2017,149.2,150.13,148.67,150.08,17868792,AAPL
19-07-2017,150.48,151.42,149.95,151.02,20922969,AAPL
20-07-2017,151.5,151.74,150.19,150.34,17243748,AAPL
21-07-2017,149.99,150.44,148.88,150.27,26252630,AAPL
24-07-2017,150.58,152.44,149.9,152.09,21493160,AAPL
25-07-2017,151.8,153.84,151.8,152.74,18853932,AAPL
26-07-2017,153.35,153.93,153.06,153.46,15780951,AAPL
27-07-2017,153.75,153.99,147.3,150.56,32476337,AAPL
28-07-2017,149.89,150.23,149.19,149.5,17213653,AAPL
31-07-2017,149.9,150.33,148.13,148.73,19845920,AAPL
01-08-2017,149.1,150.22,148.41,150.05,35368645,AAPL
02-08-2017,159.28,159.75,156.16,157.14,69936800,AAPL
03-08-2017,157.05,157.21,155.02,155.57,27097296,AAPL
04-08-2017,156.07,157.4,155.69,156.39,20559852,AAPL
07-08-2017,157.06,158.92,156.67,158.81,21870321,AAPL
08-08-2017,158.6,161.83,158.27,160.08,36205896,AAPL
09-08-2017,159.26,161.27,159.11,161.06,26131530,AAPL
10-08-2017,159.9,160,154.63,155.32,40804273,AAPL
11-08-2017,156.6,158.57,156.07,157.48,26257096,AAPL
14-08-2017,159.32,160.21,158.75,159.85,22122734,AAPL
15-08-2017,160.66,162.2,160.14,161.6,29465487,AAPL
16-08-2017,161.94,162.51,160.15,160.95,27671612,AAPL
17-08-2017,160.52,160.71,157.84,157.86,27940565,AAPL
18-08-2017,157.86,159.5,156.72,157.5,27428069,AAPL
21-08-2017,157.5,157.89,155.11,157.21,26368528,AAPL
22-08-2017,158.23,160,158.02,159.78,21604585,AAPL
23-08-2017,159.07,160.47,158.88,159.98,19399081,AAPL
24-08-2017,160.43,160.74,158.55,159.27,19818918,AAPL
25-08-2017,159.65,160.56,159.27,159.86,25480063,AAPL
28-08-2017,160.14,162,159.93,161.47,25965972,AAPL
29-08-2017,160.1,163.12,160,162.91,29516910,AAPL
30-08-2017,163.8,163.89,162.61,163.35,27269584,AAPL
31-08-2017,163.64,164.52,163.48,164,26785096,AAPL
01-09-2017,164.8,164.94,163.63,164.05,16591051,AAPL
05-09-2017,163.75,164.25,160.56,162.08,29536314,AAPL
06-09-2017,162.71,162.99,160.52,161.91,21651726,AAPL
07-09-2017,162.09,162.24,160.36,161.26,21928502,AAPL
08-09-2017,160.86,161.15,158.53,158.63,28611535,AAPL
11-09-2017,160.5,162.05,159.89,161.5,31580798,AAPL
12-09-2017,162.61,163.96,158.77,160.86,71714046,AAPL
13-09-2017,159.87,159.96,157.91,159.65,44907361,AAPL
14-09-2017,158.99,159.4,158.09,158.28,23760749,AAPL
15-09-2017,158.47,160.97,158,159.88,49114602,AAPL
18-09-2017,160.11,160.5,158,158.67,28269435,AAPL
19-09-2017,159.51,159.77,158.44,158.73,20810632,AAPL
20-09-2017,157.9,158.26,153.83,156.07,52951364,AAPL
21-09-2017,155.8,155.8,152.75,153.39,37511661,AAPL
22-09-2017,151.54,152.27,150.56,151.89,46645443,AAPL
25-09-2017,149.99,151.83,149.16,150.55,44387336,AAPL
26-09-2017,151.78,153.92,151.69,153.14,36660045,AAPL
27-09-2017,153.8,154.72,153.54,154.23,25182779,AAPL
28-09-2017,153.89,154.28,152.7,153.28,22005455,AAPL
29-09-2017,153.21,154.13,152,154.12,26299810,AAPL
02-10-2017,154.26,154.45,152.72,153.81,18698842,AAPL
03-10-2017,154.01,155.09,153.91,154.48,16230293,AAPL
04-10-2017,153.63,153.86,152.46,153.48,20163750,AAPL
05-10-2017,154.18,155.44,154.05,155.39,21283769,AAPL
06-10-2017,154.97,155.49,154.56,155.3,17407558,AAPL
09-10-2017,155.81,156.73,155.48,155.84,16262923,AAPL
10-10-2017,156.06,158,155.1,155.9,15617014,AAPL
11-10-2017,155.97,156.98,155.75,156.55,16905640,AAPL
12-10-2017,156.35,157.37,155.73,156,16125054,AAPL
13-10-2017,156.73,157.28,156.41,156.99,16394188,AAPL
16-10-2017,157.9,160,157.65,159.88,24121452,AAPL
17-10-2017,159.78,160.87,159.23,160.47,18997275,AAPL
18-10-2017,160.42,160.71,159.6,159.76,16374164,AAPL
19-10-2017,156.75,157.08,155.02,155.98,42584166,AAPL
20-10-2017,156.61,157.75,155.96,156.25,23974146,AAPL
23-10-2017,156.89,157.69,155.5,156.17,21984327,AAPL
24-10-2017,156.29,157.42,156.2,157.1,17757230,AAPL
25-10-2017,156.91,157.55,155.27,156.41,21207098,AAPL
26-10-2017,157.23,157.83,156.78,157.41,17000469,AAPL
27-10-2017,159.29,163.6,158.7,163.05,44454160,AAPL
30-10-2017,163.89,168.07,163.72,166.72,44700772,AAPL
31-10-2017,167.9,169.65,166.94,169.04,36046828,AAPL
01-11-2017,169.87,169.94,165.61,166.89,33637762,AAPL
02-11-2017,166.6,168.5,165.28,168.11,41393373,AAPL
03-11-2017,174,174.26,171.12,172.5,59398631,AAPL
06-11-2017,172.36,174.99,171.72,174.25,35026306,AAPL
07-11-2017,173.91,175.25,173.6,174.81,24361485,AAPL
08-11-2017,174.66,176.24,174.33,176.24,24409527,AAPL
09-11-2017,175.11,176.1,173.14,175.88,29482596,AAPL
10-11-2017,175.11,175.38,174.27,174.67,25145500,AAPL
13-11-2017,173.5,174.5,173.4,173.97,16982080,AAPL
14-11-2017,173.04,173.48,171.18,171.34,24782487,AAPL
15-11-2017,169.97,170.32,168.38,169.08,29158070,AAPL
16-11-2017,171.18,171.87,170.3,171.1,23637484,AAPL
17-11-2017,171.04,171.39,169.64,170.15,21899544,AAPL
20-11-2017,170.29,170.56,169.56,169.98,16262447,AAPL
21-11-2017,170.78,173.7,170.78,173.14,25131295,AAPL
22-11-2017,173.36,175,173.05,174.96,25588925,AAPL
24-11-2017,175.1,175.5,174.65,174.97,14026673,AAPL
27-11-2017,175.05,175.08,173.34,174.09,20716802,AAPL
28-11-2017,174.3,174.87,171.86,173.07,26428802,AAPL
29-11-2017,172.63,172.92,167.16,169.48,41666364,AAPL
30-11-2017,170.43,172.14,168.44,171.85,41527218,AAPL
01-12-2017,169.95,171.67,168.5,171.05,39759288,AAPL
04-12-2017,172.48,172.62,169.63,169.8,32542385,AAPL
05-12-2017,169.06,171.52,168.4,169.64,27350154,AAPL
06-12-2017,167.5,170.2,166.46,169.01,28560000,AAPL
07-12-2017,169.03,170.44,168.91,169.32,25673308,AAPL
08-12-2017,170.49,171,168.82,169.37,23355231,AAPL
11-12-2017,169.2,172.89,168.79,172.67,35273759,AAPL
12-12-2017,172.15,172.39,171.46,171.7,19409230,AAPL
13-12-2017,172.5,173.54,172,172.27,23818447,AAPL
14-12-2017,172.4,173.13,171.65,172.22,20476541,AAPL
15-12-2017,173.63,174.17,172.46,173.97,40169307,AAPL
18-12-2017,174.88,177.2,174.86,176.42,29421114,AAPL
19-12-2017,174.99,175.39,174.09,174.54,27436447,AAPL
20-12-2017,174.87,175.42,173.25,174.35,23475649,AAPL
21-12-2017,174.17,176.02,174.1,175.01,20949896,AAPL
22-12-2017,174.68,175.42,174.5,175.01,16349444,AAPL
26-12-2017,170.8,171.47,169.68,170.57,33185536,AAPL
27-12-2017,170.1,170.78,169.71,170.6,21498213,AAPL
28-12-2017,171,171.85,170.48,171.08,16480187,AAPL
04-01-2006,70.08,71.27,69.86,71.17,3165000,BA
05-01-2006,70.55,70.55,69.58,70.33,4598300,BA
06-01-2006,70.34,70.5,69.05,69.35,4820200,BA
09-01-2006,69.28,69.4,68.66,68.77,4567700,BA
10-01-2006,68.8,69.24,68.57,69.1,3869000,BA
11-01-2006,69.97,70.3,69.11,70.1,5011900,BA
12-01-2006,70.25,70.45,69.54,69.69,2347000,BA
13-01-2006,69.64,70.2,68.79,69.48,2963700,BA
17-01-2006,69.07,69.4,68.66,68.69,2712900,BA
18-01-2006,68.55,68.92,68.05,68.41,2659400,BA
19-01-2006,68.16,68.49,67.72,68.17,2642700,BA
20-01-2006,68.1,68.16,66.49,66.5,6436700,BA
23-01-2006,65.9,67.34,65.9,67.02,4067400,BA
24-01-2006,67.41,67.88,67.13,67.66,3581900,BA
25-01-2006,67.71,67.91,66.91,66.91,3722700,BA
26-01-2006,67.44,68.75,67.32,68.72,4768400,BA
27-01-2006,68.39,69.25,67.99,68.56,3954700,BA
30-01-2006,68.52,69.05,68.2,69.03,2048100,BA
31-01-2006,69,69.05,68.31,68.31,4095000,BA
01-02-2006,70,72.17,70,71.62,11806100,BA
02-02-2006,71.35,72.3,71.3,71.7,6603100,BA
03-02-2006,71.7,72.09,70.86,70.87,3786900,BA
06-02-2006,70.65,71.64,70.3,71.14,3163000,BA
07-02-2006,71.3,72.05,71.16,71.55,4247000,BA
08-02-2006,71.25,71.93,71,71.76,2891100,BA
09-02-2006,71.77,72.76,71.37,72.01,4149200,BA
10-02-2006,72.1,72.7,72.03,72.53,2813100,BA
13-02-2006,71.95,72.64,71.82,72.11,3294600,BA
14-02-2006,72.35,72.86,71.93,72.71,4160400,BA
15-02-2006,72.37,72.74,72.05,72.45,2797800,BA
16-02-2006,72.65,72.93,72.2,72.55,2216800,BA
17-02-2006,72.55,73,72.28,72.96,2670700,BA
21-02-2006,73.15,73.4,72.65,73.05,3333000,BA
22-02-2006,73.06,74.61,73.06,74.39,5008400,BA
23-02-2006,73.95,74.2,73.78,73.9,2574300,BA
24-02-2006,73.65,74.59,73.31,74.31,2657100,BA
27-02-2006,74.05,74.89,74,74.13,1974100,BA
28-02-2006,73.9,74,72.36,72.69,3903600,BA
01-03-2006,72.56,73.08,72.25,72.95,2047500,BA
02-03-2006,72.75,73.35,72.34,72.8,1781000,BA
03-03-2006,72.81,74.4,72.51,73.39,2707900,BA
06-03-2006,73.7,73.71,72.3,72.63,2347000,BA
07-03-2006,72.66,73.23,72.37,73.16,1919500,BA
08-03-2006,72.85,72.86,71.9,72.82,3173300,BA
09-03-2006,72.75,74.25,72.5,73.76,3000800,BA
10-03-2006,73.77,74.9,73.2,74.79,3029200,BA
13-03-2006,75.21,75.9,74.5,74.84,3658300,BA
14-03-2006,74.84,75.63,74.72,75.45,2617900,BA
15-03-2006,75.4,76.3,75.27,76.05,2623300,BA
16-03-2006,76.25,77.05,76.1,76.73,2633500,BA
17-03-2006,77.2,78.08,77.05,77.85,4535500,BA
20-03-2006,78.5,78.86,77.83,78.18,3363500,BA
21-03-2006,78.8,79.2,78.25,78.26,4118800,BA
22-03-2006,77.45,78.8,78,78.61,2525300,BA
23-03-2006,78.61,78.62,77.51,77.9,2285900,BA
24-03-2006,78.05,79.11,78.05,78.73,2947500,BA
27-03-2006,78.73,78.75,77.82,78.39,3140100,BA
28-03-2006,78.5,79,77.37,77.51,2902200,BA
29-03-2006,77.95,79.48,77.86,79.18,4044400,BA
30-03-2006,78.95,79.5,78.06,78.42,3004100,BA
31-03-2006,78.6,78.92,77.81,77.93,2294800,BA
03-04-2006,78.25,79.13,78.01,78.01,3303500,BA
04-04-2006,78.58,78.85,77.5,78.6,2601000,BA
05-04-2006,78.85,79.19,77.82,79.11,3085800,BA
06-04-2006,79.22,80.13,79.22,79.82,2910700,BA
07-04-2006,79.99,80.37,78.72,79.57,2710000,BA
10-04-2006,79.62,80.92,79.61,80.79,2810700,BA
11-04-2006,80.63,80.71,79.71,80.57,2748100,BA
12-04-2006,81.12,84.23,81.11,83.21,6519900,BA
13-04-2006,83.7,83.7,82.81,82.93,3230700,BA
17-04-2006,83.2,83.99,81.95,82.35,3318000,BA
18-04-2006,82.42,83.37,81.88,83.3,4340700,BA
19-04-2006,83.75,84.99,83.7,84.96,3360600,BA
20-04-2006,84.71,86.26,84.71,85.5,4445900,BA
21-04-2006,86.2,86.58,85.86,86.46,4203000,BA
24-04-2006,86.66,87.25,86.1,86.1,3624300,BA
25-04-2006,86.35,86.48,84.9,85.11,4649400,BA
26-04-2006,84.16,86.1,83.2,84.91,6190800,BA
27-04-2006,84.54,84.7,83.1,84.1,3906500,BA
28-04-2006,84.28,84.66,83.01,83.45,3863800,BA
01-05-2006,83.45,84.12,82.82,83.86,3928200,BA
02-05-2006,84.26,85.82,83.86,85.33,3012300,BA
03-05-2006,85.4,86.03,85.22,85.87,3040800,BA
04-05-2006,85.89,87.15,85.81,86.64,3319700,BA
05-05-2006,87.47,88.55,87.3,88.47,3349100,BA
08-05-2006,88.48,89.3,87.36,87.59,3334800,BA
09-05-2006,87.61,88,87.1,87.99,2231900,BA
10-05-2006,88,89.58,87.65,88.94,3784500,BA
11-05-2006,89.45,89.55,87.9,88.21,2652900,BA
12-05-2006,88.21,89.01,86.94,87.01,2932300,BA
15-05-2006,85.76,86.47,84.57,85.86,4171300,BA
16-05-2006,85.89,86.98,85.35,86.4,3057000,BA
17-05-2006,86.4,86.4,83.28,83.77,5267100,BA
18-05-2006,84.25,84.84,82.6,82.73,3616900,BA
19-05-2006,83,85.3,82.06,84.61,5508200,BA
22-05-2006,84.46,86.03,84.02,85.71,4535300,BA
23-05-2006,86.04,86.7,85.15,85.15,4044100,BA
24-05-2006,84.97,85.15,81.63,82.38,6731600,BA
25-05-2006,82.8,83.8,82.29,82.99,3295700,BA
26-05-2006,83.6,83.81,83.05,83.5,2354600,BA
30-05-2006,83.5,83.5,81.57,82.13,3935800,BA
31-05-2006,81.21,83.44,81.21,83.25,3953600,BA
01-06-2006,83.6,83.72,82.55,83.64,2373600,BA
02-06-2006,84,84.58,83.17,83.8,3231000,BA
05-06-2006,83.79,83.97,82.06,82.13,3422900,BA
06-06-2006,82,82.34,79.47,80.65,6325400,BA
07-06-2006,80.83,81.92,80.29,81.46,5014700,BA
08-06-2006,81.46,81.84,79.01,81.19,7561900,BA
09-06-2006,81.95,81.99,80,80.5,3927800,BA
12-06-2006,80.6,80.75,77.47,77.88,5244400,BA
13-06-2006,77.77,77.88,76.4,76.98,5184600,BA
14-06-2006,79.4,82.01,79.2,82.01,9858900,BA
15-06-2006,82.01,85.13,82.01,84.81,8058300,BA
16-06-2006,85.1,85.85,84.75,85.54,6020000,BA
19-06-2006,85.65,86.23,84.31,84.76,4342200,BA
20-06-2006,85.25,85.48,84.05,84.85,3105800,BA
21-06-2006,84.9,86.08,84.9,85.85,3589600,BA
22-06-2006,85.55,85.68,83.88,84.06,3634000,BA
23-06-2006,84.06,84.48,83.16,83.39,3066100,BA
26-06-2006,83.48,84.28,82.8,83.89,1930000,BA
27-06-2006,83.85,84.2,81.76,81.93,3214200,BA
28-06-2006,81.94,82.69,80.83,82.64,3171800,BA
29-06-2006,82.64,83.5,81.28,83,5237200,BA
30-06-2006,82.99,83,81.57,81.91,4477900,BA
03-07-2006,81.35,81.67,80.94,81.3,1629300,BA
05-07-2006,81.28,81.29,79.26,80.17,5663000,BA
06-07-2006,80.27,80.98,80,80.81,3196000,BA
07-07-2006,80.4,81.29,79.53,79.99,2586600,BA
10-07-2006,80.03,81.25,80.03,80.35,2665800,BA
11-07-2006,80.1,81.81,78.86,81.63,3823300,BA
12-07-2006,81.45,81.95,80.37,80.92,2659500,BA
13-07-2006,80.7,81.04,79.47,79.59,3610200,BA
14-07-2006,79.59,79.6,76.89,77.25,5436900,BA
17-07-2006,78.11,79.77,77.8,78.95,4515600,BA
18-07-2006,79.5,80.26,77.97,79.17,4307600,BA
19-07-2006,79.32,82.57,78.36,82.29,5068100,BA
20-07-2006,82.9,83,80.62,80.69,4606700,BA
21-07-2006,80.69,80.69,78.56,79.08,4032200,BA
24-07-2006,79.45,81.61,79.43,81.44,4024500,BA
25-07-2006,80.75,84.06,80.7,83.75,4557500,BA
26-07-2006,82.18,82.36,79.6,79.9,6635100,BA
27-07-2006,80,80.29,78.15,78.71,5202500,BA
28-07-2006,79.4,80.1,78.7,78.91,4317100,BA
31-07-2006,78.46,78.52,77.3,77.42,5525700,BA
01-08-2006,77.42,78.28,76.52,78.17,4507100,BA
02-08-2006,78.7,79.65,78.4,78.62,3784600,BA
03-08-2006,77.88,79.89,77.42,79.4,3681200,BA
04-08-2006,80.16,80.7,79.15,79.49,3598400,BA
07-08-2006,79.1,79.95,78.62,79.75,3233500,BA
08-08-2006,79.55,80.83,77.84,78.15,5676700,BA
09-08-2006,78.25,79.02,76.71,77.16,4175500,BA
10-08-2006,76.8,76.8,75.07,76.2,5609200,BA
11-08-2006,76.22,76.76,75.66,75.96,3274000,BA
14-08-2006,76.65,77.19,75.15,75.39,3772400,BA
15-08-2006,76,76.7,75.69,76.58,3516300,BA
16-08-2006,77.2,78.95,76.86,78.83,4181600,BA
17-08-2006,78.83,79.43,77.88,78.59,2893300,BA
18-08-2006,78.68,78.68,77.16,77.62,3426400,BA
21-08-2006,77.62,77.62,76.51,76.63,2537700,BA
22-08-2006,77,77.85,76.25,76.95,2632800,BA
23-08-2006,77,77.55,76.07,76.36,2495300,BA
24-08-2006,76.85,77.04,75,75.24,3308000,BA
25-08-2006,75.24,75.6,73.55,73.93,4604300,BA
28-08-2006,74.04,75.02,73.05,74.72,4746300,BA
29-08-2006,75.96,75.99,72.9,73.78,7186100,BA
30-08-2006,74,75.3,73.64,75.02,3851200,BA
31-08-2006,74.75,75.58,74.75,74.9,3057800,BA
01-09-2006,75,75.91,74.46,75.43,3275600,BA
05-09-2006,75.75,76.3,75.05,75.36,2675400,BA
06-09-2006,75.36,75.55,74.2,74.44,3042800,BA
07-09-2006,74.44,74.44,72.76,72.87,4273000,BA
08-09-2006,73.3,73.62,72.17,72.8,4956300,BA
11-09-2006,72.13,74.13,72.13,73.82,3537000,BA
12-09-2006,73.79,74.38,73.61,74.26,3314800,BA
13-09-2006,74.36,76.49,74.36,76.32,4886400,BA
14-09-2006,75.07,75.64,74.65,75.01,5230800,BA
15-09-2006,75.56,76,74.73,75.01,4173200,BA
18-09-2006,75.1,75.64,74.8,75.21,2407300,BA
19-09-2006,75.35,75.5,74.15,74.87,2351900,BA
20-09-2006,75.51,76.4,75.51,76.19,4003800,BA
21-09-2006,77.05,77.27,75.75,76.11,4436400,BA
22-09-2006,76.2,77.77,75.74,77.25,4682300,BA
25-09-2006,77.7,78.55,77.37,77.71,4622200,BA
26-09-2006,78.15,79.29,77.37,79,4247600,BA
27-09-2006,79.17,79.96,79.17,79.41,4288800,BA
28-09-2006,79.57,80.35,79.25,79.28,4450200,BA
29-09-2006,79.5,79.75,78.79,78.85,4042100,BA
02-10-2006,79.35,80.28,78.84,79.97,5728000,BA
03-10-2006,79.98,82.09,79.98,81.78,5902600,BA
04-10-2006,82.5,83.98,82.01,83.96,7234200,BA
05-10-2006,83.97,84.12,83.06,83.62,3688300,BA
06-10-2006,83.62,84.39,83.14,83.68,3649900,BA
09-10-2006,83.69,83.87,82.47,82.65,4452400,BA
10-10-2006,82.5,82.67,81.8,82.13,4005500,BA
11-10-2006,81.95,82,80.89,81.64,3258000,BA
12-10-2006,82.2,83.86,82.1,83.64,4129800,BA
13-10-2006,83.25,83.35,81.82,82.39,4005400,BA
16-10-2006,82.39,82.85,81.64,82.66,2474100,BA
17-10-2006,82.45,82.45,81.5,82.29,2918200,BA
18-10-2006,82.52,83.46,81.95,82.74,3796200,BA
19-10-2006,82.74,82.96,81.77,82.41,2425200,BA
20-10-2006,82.9,82.9,81.7,81.74,3017200,BA
23-10-2006,81.73,82.84,81.5,82.8,2819400,BA
24-10-2006,83.1,83.89,82.72,83.59,3815400,BA
25-10-2006,82.6,82.6,80.6,80.86,7074100,BA
26-10-2006,80.75,80.75,77.77,79.14,10621700,BA
27-10-2006,79.17,80.4,78.52,79.74,6880500,BA
30-10-2006,80.25,81.04,80.01,80.22,3739800,BA
31-10-2006,80.6,80.6,79.31,79.86,3943800,BA
01-11-2006,80.01,80.75,79.72,80.06,3180100,BA
02-11-2006,80.06,80.4,79.11,79.2,4044600,BA
03-11-2006,79.47,80.35,79.39,79.97,2706700,BA
06-11-2006,79.98,80.87,79.98,80.48,3082700,BA
07-11-2006,80.73,84.98,80.6,84.85,11849700,BA
08-11-2006,84.25,85.87,83.53,85.45,8497300,BA
09-11-2006,85.75,86.5,85.05,85.11,6155900,BA
10-11-2006,86.4,86.98,85.44,85.62,5496600,BA
13-11-2006,85.7,86.34,85.29,85.69,3360100,BA
14-11-2006,85.69,86.09,84.76,85.74,3463100,BA
15-11-2006,86.4,87.58,86.35,87.08,5850900,BA
16-11-2006,87.92,89.43,87.5,88.71,6967000,BA
17-11-2006,89.05,89.63,88.57,89.52,5748800,BA
20-11-2006,89.05,89.22,88.62,89.12,5571500,BA
21-11-2006,89.85,92.05,89.57,91.1,8516600,BA
22-11-2006,91.1,91.59,89.78,90.1,4481300,BA
24-11-2006,89.25,90.08,89.15,89.77,1213700,BA
27-11-2006,90,90.03,86.95,87.37,6282400,BA
28-11-2006,88.15,88.74,87.05,87.94,4950700,BA
29-11-2006,88.24,89.45,87.93,88.89,4428500,BA
30-11-2006,89.1,89.44,87.1,88.53,4194000,BA
01-12-2006,89.6,90.05,88.65,89.55,5154400,BA
04-12-2006,89.55,90.6,89.42,89.58,3494300,BA
05-12-2006,89.59,91.1,89.17,90.73,4386100,BA
06-12-2006,91.6,91.85,90.76,90.83,4216500,BA
07-12-2006,91.3,91.65,89.75,90.01,3784600,BA
08-12-2006,90.07,90.72,89.53,90.13,2796300,BA
11-12-2006,89.77,90.2,89.52,89.78,2374600,BA
12-12-2006,90.03,90.75,89.75,90.31,3639300,BA
13-12-2006,90.82,90.99,89.39,89.6,3695100,BA
14-12-2006,89.3,90.13,89.08,89.93,3512000,BA
15-12-2006,90.17,90.9,90.17,90.7,5305200,BA
18-12-2006,90.75,90.9,89.41,89.56,2627400,BA
19-12-2006,89,90.44,88.97,90.17,2628900,BA
20-12-2006,90.18,90.6,89.18,90.1,3296000,BA
21-12-2006,89.8,90.4,89.46,89.94,2879600,BA
22-12-2006,89.65,89.67,88.35,88.76,2511700,BA
26-12-2006,88.95,89,88.35,88.79,1566200,BA
27-12-2006,89.15,89.45,88.74,88.88,2007500,BA
28-12-2006,88.85,89.2,88.41,89,1274600,BA
29-12-2006,89.25,89.46,88.75,88.84,1780300,BA
03-01-2007,88.9,90.3,88.45,89.17,4871900,BA
04-01-2007,88.34,89.83,87.01,89.53,2720200,BA
05-01-2007,89.78,90,88.5,89.15,3285900,BA
08-01-2007,88.61,89.41,87.56,88.94,2989000,BA
09-01-2007,88.93,89.71,87.56,88,4203800,BA
10-01-2007,88.04,89.34,88,89.27,3955300,BA
11-01-2007,88.97,89.27,88.32,88.84,4048600,BA
12-01-2007,88.54,88.85,87.5,88.13,3891600,BA
16-01-2007,88.25,88.51,87.3,88,5537800,BA
17-01-2007,88.02,89.54,87.22,88.83,4501400,BA
18-01-2007,89.13,89.38,87.76,88,3349100,BA
19-01-2007,88.45,89.1,87.8,88.63,4369000,BA
22-01-2007,87.51,87.86,84.82,85.6,8427300,BA
23-01-2007,85.01,88.18,85,87.36,6559700,BA
24-01-2007,87.35,87.76,86.52,87.6,3368900,BA
25-01-2007,87.3,87.46,86,86.16,2850300,BA
26-01-2007,86,86.25,84.6,85.43,5149400,BA
29-01-2007,85.05,86,85,85.5,3116500,BA
30-01-2007,85.75,86.6,85.55,86,3151400,BA
31-01-2007,89.3,90.34,89,89.56,11573600,BA
01-02-2007,89.95,92.24,89.73,91.05,6622300,BA
02-02-2007,91.05,91.48,89.95,90.05,5098700,BA
05-02-2007,90.45,91.42,90.31,90.72,3028600,BA
06-02-2007,91,91,89.9,90.98,3521700,BA
07-02-2007,90.59,91.2,89.7,90.35,2814100,BA
08-02-2007,200,90.36,88.55,89.52,5155700,BA
09-02-2007,89.35,90.3,89.03,90,4282800,BA
12-02-2007,89.55,89.89,88.78,89.2,3449201,BA
13-02-2007,89.2,89.37,88.3,89.29,3045961,BA
14-02-2007,89.29,90.17,89.27,89.94,3866056,BA
15-02-2007,90.02,91.8,89.86,91.71,5702200,BA
16-02-2007,91.98,92,90.73,90.94,4546100,BA
20-02-2007,91.5,91.69,89.84,91.03,3940500,BA
21-02-2007,91.03,92,90.05,90.96,4971700,BA
22-02-2007,91.1,91.93,90.27,90.58,3176500,BA
23-02-2007,90.21,90.85,90,90.28,2342400,BA
26-02-2007,90.48,90.73,88.56,88.93,4537877,BA
27-02-2007,88,88.7,85.24,87.2,5981100,BA
28-02-2007,87.2,88.41,86.05,87.26,6063900,BA
01-03-2007,86.6,88.8,85.91,87.85,5151841,BA
02-03-2007,87.87,88.54,87.01,87.03,4307500,BA
05-03-2007,86.96,88.19,86.39,87.02,3794000,BA
06-03-2007,88.03,88.03,87.05,87.82,3322000,BA
07-03-2007,87.82,89.25,87.82,88.71,5205900,BA
08-03-2007,88.98,89.67,88.61,88.89,2811500,BA
09-03-2007,89.7,90.09,89.14,89.51,2820600,BA
12-03-2007,89,91.87,89,91.2,5964300,BA
13-03-2007,90.9,91.1,89.45,89.45,5247900,BA
14-03-2007,89.45,90.3,88.53,89.98,4027900,BA
15-03-2007,89.98,91.06,89.57,91.04,3513885,BA
16-03-2007,91.04,91.04,89.68,90,5815100,BA
19-03-2007,90.5,90.95,89.9,90.32,3568338,BA
20-03-2007,90.32,90.93,90.02,90.16,3485800,BA
21-03-2007,90.16,90.95,89.45,90.8,4230099,BA
22-03-2007,90.4,90.8,89.88,90.57,3708100,BA
23-03-2007,89.79,91.31,89.79,90.98,2304666,BA
26-03-2007,90.88,90.94,89.84,90.83,3272982,BA
27-03-2007,90.6,91,90,90.52,2687815,BA
28-03-2007,90.28,90.41,89.01,89.45,4497400,BA
29-03-2007,90.11,90.54,89.16,89.76,3521450,BA
30-03-2007,89.62,90.07,88.65,88.91,4588206,BA
02-04-2007,88.9,89.01,88.08,88.83,3440800,BA
03-04-2007,89.32,90.24,89.09,89.9,3931000,BA
04-04-2007,89.91,90.61,89.8,90.27,2555455,BA
05-04-2007,90.2,90.74,90.2,90.5,2997900,BA
09-04-2007,90.97,90.97,90.02,90.03,3155323,BA
10-04-2007,89.95,90.87,89.95,90.84,2861717,BA
11-04-2007,90.9,90.99,89.65,89.97,3464565,BA
12-04-2007,89.98,90.86,89.4,90.85,2635296,BA
13-04-2007,90.85,91.1,90.18,91.03,3035644,BA
16-04-2007,91,91.28,89.93,90.31,3747770,BA
17-04-2007,90.3,91.14,90.05,90.45,3926710,BA
18-04-2007,90.45,94.17,90.34,93.88,9490622,BA
19-04-2007,93.49,94.75,92.76,92.99,6192269,BA
20-04-2007,93.77,94.12,93.06,93.29,6036817,BA
23-04-2007,94.1,94.24,93.31,93.64,4900720,BA
24-04-2007,94.9,94.96,93.37,93.67,5762255,BA
25-04-2007,94.64,94.75,92.75,94.69,7746459,BA
26-04-2007,94.54,95.58,94.04,94.26,4840610,BA
27-04-2007,94.25,94.35,93.28,94.02,3526724,BA
30-04-2007,94.02,94.11,92.85,93,3751392,BA
01-05-2007,93.15,93.65,92.5,93.23,3241600,BA
02-05-2007,93.08,94.46,92.84,93.83,3476250,BA
03-05-2007,94.08,94.49,93.5,93.85,3090107,BA
04-05-2007,94.35,94.38,93.12,93.61,3055905,BA
07-05-2007,93.8,95,93.65,94.56,4018314,BA
08-05-2007,94.41,94.41,93.7,94.21,4427700,BA
09-05-2007,93.87,94.27,93.35,94.08,3009722,BA
10-05-2007,93.75,94.16,92.7,92.8,2664099,BA
11-05-2007,92.81,94.23,92.38,93.4,2702148,BA
14-05-2007,93.4,94.14,93.32,93.56,2076797,BA
15-05-2007,93.98,95.45,93.79,94.34,5005872,BA
16-05-2007,94.5,95.46,94.5,95.34,4113648,BA
17-05-2007,95.34,97.18,95.23,96.79,4858820,BA
18-05-2007,97.07,97.5,96.27,96.63,4234571,BA
21-05-2007,96.42,97.74,96.25,96.9,4525340,BA
22-05-2007,97.24,97.6,96.36,96.48,3783880,BA
23-05-2007,95.95,96.45,95.36,95.57,4571083,BA
24-05-2007,95.9,98.84,95.75,97.42,7450420,BA
25-05-2007,98.3,98.64,97.38,98.25,3249200,BA
29-05-2007,98.52,99.2,97.96,98.5,3298148,BA
30-05-2007,98.47,100.64,98.3,100.55,5803806,BA
31-05-2007,100.69,100.96,100.47,100.59,4239062,BA
01-06-2007,100.59,101.45,99.45,99.83,4056950,BA
04-06-2007,101,101,99.5,99.98,2718885,BA
05-06-2007,99.94,99.96,98.84,99.5,3276650,BA
06-06-2007,98.97,99.2,97.69,98.29,3430670,BA
07-06-2007,98.29,99.09,96.81,96.84,4713903,BA
08-06-2007,96.7,98.22,95.91,98.19,3951918,BA
11-06-2007,98.25,98.79,97.42,97.55,3345700,BA
12-06-2007,97.55,97.59,96.12,96.48,5023422,BA
13-06-2007,97.12,98.55,96.92,98.47,5334000,BA
14-06-2007,99,99.5,98.73,98.97,3435911,BA
15-06-2007,99.52,100,97.93,98.15,7178349,BA
18-06-2007,98.03,98.58,97.29,97.4,4109394,BA
19-06-2007,97.4,98.24,96.51,96.92,5120300,BA
20-06-2007,96.92,97.72,96.01,96.08,4734000,BA
21-06-2007,96.08,97.2,95.17,97.2,6300457,BA
22-06-2007,96.64,96.9,95.6,95.92,5359189,BA
25-06-2007,96,96.57,94.8,95.57,4334799,BA
26-06-2007,95.4,96.47,94.87,94.98,4364095,BA
27-06-2007,94.31,94.9,93.58,94.65,4492500,BA
28-06-2007,95,95.59,94.26,95.16,3507800,BA
29-06-2007,95.36,96.34,95.25,96.16,5786300,BA
02-07-2007,96.16,97.05,96.27,96.77,2818431,BA
03-07-2007,96.8,98.06,96.8,97.65,2131926,BA
05-07-2007,97.52,98.48,97.23,98.36,2569600,BA
06-07-2007,98.13,99.22,98.02,98.88,2591555,BA
09-07-2007,100.99,101.32,99.6,99.9,5717478,BA
10-07-2007,100.6,100.66,99.63,100.25,6683300,BA
11-07-2007,100.48,100.83,99.56,100.12,4608300,BA
12-07-2007,100.12,100.82,99.76,100.78,4571360,BA
13-07-2007,100.78,102.43,100.6,101.88,4250100,BA
16-07-2007,102,102.17,101,102.07,3406801,BA
17-07-2007,102.07,102.73,101.4,102.05,3357600,BA
18-07-2007,101.85,102.75,100.89,101.82,4331029,BA
19-07-2007,101.82,102.82,101.63,102.48,2603190,BA
20-07-2007,102.8,104.42,102.35,103.86,6652004,BA
23-07-2007,104.48,104.55,103.22,104.04,4041800,BA
24-07-2007,103.45,105.67,103.34,103.8,5535397,BA
25-07-2007,106.98,107.83,106.38,107.23,10403624,BA
26-07-2007,106.06,106.8,102.23,103.7,10512882,BA
27-07-2007,103.6,106.39,103.6,103.71,7756700,BA
30-07-2007,104.6,106.15,104,105.54,6301326,BA
31-07-2007,106.54,106.54,103.31,103.43,6896479,BA
01-08-2007,103.03,104.84,103,104.53,6943860,BA
02-08-2007,105.02,106,104.51,105.93,4759079,BA
03-08-2007,105.5,106.35,104.22,104.24,5466800,BA
06-08-2007,104.49,104.85,102.09,104.34,6308181,BA
07-08-2007,103.7,104.12,102.3,103.22,5307532,BA
08-08-2007,103.1,104.19,100.71,102.72,5820873,BA
09-08-2007,100.79,102.23,98.02,98.3,8725750,BA
10-08-2007,96.95,98.51,94,98.44,11406193,BA
13-08-2007,99.46,100.91,99.25,100.05,6144700,BA
14-08-2007,100.33,100.72,97.4,97.63,4854417,BA
15-08-2007,97,98.8,95.21,95.51,5328791,BA
16-08-2007,95.51,95.2,90.08,92.74,14713536,BA
17-08-2007,94.79,97.73,94.64,95.93,8419319,BA
20-08-2007,96.26,97.54,94.75,97.21,4813500,BA
21-08-2007,96.83,97.24,96.07,96.95,3254621,BA
22-08-2007,97.5,98.85,97,97.99,4185700,BA
23-08-2007,98.95,98.95,96.22,96.74,4377100,BA
24-08-2007,96.78,98.6,96.63,98.47,4350304,BA
27-08-2007,98.07,98.95,97.13,98.54,3270605,BA
28-08-2007,97.99,98.38,95.44,95.65,5336400,BA
29-08-2007,96.5,97.55,95.84,96.9,5131700,BA
30-08-2007,96.74,97.67,95.93,96.85,4113700,BA
31-08-2007,98,98.58,96.7,96.7,3964900,BA
04-09-2007,96.1,96.31,94.9,95.92,6772600,BA
05-09-2007,95.2,97.74,94.02,95.84,10775135,BA
06-09-2007,95.54,96.24,94.5,96.2,6660002,BA
07-09-2007,95.2,96.1,94.66,94.84,5669362,BA
10-09-2007,95.01,95.94,94.05,95.33,4745900,BA
11-09-2007,95.98,97.87,95.52,97.44,4806725,BA
12-09-2007,97.21,98.73,97,98.32,4407500,BA
13-09-2007,98.6,99.37,98.35,98.95,3993500,BA
14-09-2007,98.4,99.58,98.02,99.35,4217800,BA
17-09-2007,98.8,99.73,98.07,98.64,3788250,BA
18-09-2007,98.6,98.82,96.44,98.47,9981614,BA
19-09-2007,99.4,100.71,99.05,100.02,6918000,BA
20-09-2007,99.94,101.35,99.94,101.25,4727900,BA
21-09-2007,102.35,103.23,101.25,102.59,6631200,BA
24-09-2007,103,103.76,102.4,103.05,4912900,BA
25-09-2007,102.74,105.02,102.54,104.93,5031200,BA
26-09-2007,105.3,105.98,103.25,104.45,5037800,BA
27-09-2007,104.45,106.15,104,105.46,3984800,BA
28-09-2007,105.2,105.96,104.23,104.99,4549500,BA
01-10-2007,105.45,107,105.22,106.65,3675700,BA
02-10-2007,106.62,107.15,105.27,105.93,4595600,BA
03-10-2007,105.33,105.73,104.25,104.72,3655700,BA
04-10-2007,105.15,105.7,104.45,104.5,3451301,BA
05-10-2007,105.4,105.5,101.09,102.25,8306000,BA
08-10-2007,103.26,103.26,100.09,101.07,5320000,BA
09-10-2007,101.32,101.76,99.66,101.45,5564946,BA
10-10-2007,100.89,102.4,97.04,98.68,25305300,BA
11-10-2007,99.5,99.58,94.96,96.26,13196246,BA
12-10-2007,96.11,97.59,95.42,96.69,9506466,BA
15-10-2007,95.98,96.5,94.45,94.83,8073577,BA
16-10-2007,94.5,96.34,93.03,95.94,9846550,BA
17-10-2007,96.52,97.05,94.63,95.59,8107100,BA
18-10-2007,95.36,97.15,94.8,96.94,6762400,BA
19-10-2007,96.54,97,93.79,93.9,9209650,BA
22-10-2007,93.16,95.04,92.6,94.93,7939459,BA
23-10-2007,95.76,95.96,94.16,94.95,6110100,BA
24-10-2007,95.69,96.08,93.02,94.26,9716739,BA
25-10-2007,94.88,98.97,92,96,8169170,BA
26-10-2007,96.25,96.55,95.05,96.02,5185302,BA
29-10-2007,95.78,97.6,95.24,96.99,8935000,BA
30-10-2007,97.25,98.6,97,97.33,7547300,BA
31-10-2007,98.15,98.71,97.33,98.59,5940400,BA
01-11-2007,98.3,98.49,96.5,96.6,6409700,BA
02-11-2007,96.62,97.88,96.34,97.76,5610700,BA
05-11-2007,97.59,98.67,96.51,97.97,4459525,BA
06-11-2007,98,98.43,96.94,97.7,4091070,BA
07-11-2007,97,97.99,96.11,96.89,5731930,BA
08-11-2007,96.97,97.25,94.9,96.28,6991941,BA
09-11-2007,95.08,95.75,94.07,94.21,6133443,BA
12-11-2007,94.25,94.41,92.7,92.86,6382677,BA
13-11-2007,93.83,94.15,92.87,93.7,6512217,BA
14-11-2007,94.14,94.25,92.5,92.79,6536731,BA
15-11-2007,91.46,92.86,90.97,91.34,6701161,BA
16-11-2007,92,92.05,89.45,89.99,9249011,BA
19-11-2007,89.6,89.92,88.12,88.27,9345265,BA
20-11-2007,88.31,88.95,86.92,87.86,8744399,BA
21-11-2007,86.78,88.5,86.75,87.41,7088341,BA
23-11-2007,88.5,89.66,88.07,89.54,3317377,BA
26-11-2007,90.5,92.39,89.86,89.93,7088723,BA
27-11-2007,90.57,92.55,90.52,91.73,7092621,BA
28-11-2007,92.61,93.83,91.76,93.61,6938117,BA
29-11-2007,93.61,94.27,92.61,93.21,4692398,BA
30-11-2007,94.6,94.6,91.72,92.54,10111260,BA
03-12-2007,92.5,93.2,91.66,91.79,5423352,BA
04-12-2007,91.43,91.79,89.85,89.99,7080859,BA
05-12-2007,90.9,92.16,90.36,90.7,9175940,BA
06-12-2007,91.5,92.44,90.83,91.78,5817510,BA
07-12-2007,92.36,93.64,92,93.16,5363783,BA
10-12-2007,93.25,93.25,91.79,92.64,5971821,BA
11-12-2007,92.64,93,88.12,88.7,10330025,BA
12-12-2007,88,89.53,85.55,86.92,18703921,BA
13-12-2007,86.67,88.91,86.4,88.55,7522181,BA
14-12-2007,88.54,89.99,88.03,88.42,4989164,BA
17-12-2007,88.21,88.9,87.2,87.4,4945949,BA
18-12-2007,87.87,87.87,86.2,87.17,5731978,BA
19-12-2007,87.75,88.17,86.47,86.62,8622820,BA
20-12-2007,87.08,87.41,86.48,87.19,3333457,BA
21-12-2007,88.04,89.34,87.8,89.07,7691208,BA
24-12-2007,89.55,90.38,89.55,90.02,1946805,BA
26-12-2007,90,90.13,89.28,90,2734366,BA
27-12-2007,89.99,89.99,88.33,88.88,2891556,BA
28-12-2007,89,89.11,87.48,88.25,2934782,BA
31-12-2007,88.14,88.28,87.24,87.46,3184158,BA
02-01-2008,87.57,87.84,86,86.62,4304034,BA
03-01-2008,87.07,87.64,86.74,86.98,3428184,BA
04-01-2008,86.32,87.16,85.69,85.82,5394090,BA
07-01-2008,86.25,86.3,82.17,82.87,9969655,BA
08-01-2008,83.11,83.37,79.65,79.91,9811821,BA
09-01-2008,79.7,80.43,77.81,80.3,10309129,BA
10-01-2008,79.86,83.19,79.86,82.36,9411846,BA
11-01-2008,81.77,81.78,80,80.52,6556549,BA
14-01-2008,81.33,82.37,80.15,81.67,7732556,BA
15-01-2008,81.47,81.8,76,77.86,16468828,BA
16-01-2008,77.81,81.31,76.5,79.87,13492573,BA
17-01-2008,81.2,82.49,79.02,79.52,9303746,BA
18-01-2008,80.25,80.82,77.76,78.4,7686788,BA
22-01-2008,74.53,78.74,74.4,77.6,8503272,BA
23-01-2008,75.5,77.19,74.12,76.57,13027509,BA
24-01-2008,77.56,78.34,76.48,77.62,7449523,BA
25-01-2008,78.65,79.67,76.97,77.03,7849409,BA
28-01-2008,77.15,77.72,76.48,77.6,4864514,BA
29-01-2008,78.57,81.06,78.27,80.96,9025746,BA
30-01-2008,79.7,84.87,79.69,82.87,11334770,BA
31-01-2008,81.78,83.84,80.8,83.18,7888626,BA
01-02-2008,83.37,83.99,81.85,82.76,6686233,BA
04-02-2008,82.78,83.36,81.91,82.9,3106294,BA
05-02-2008,81.61,82.78,81.35,81.69,4691531,BA
06-02-2008,81.9,81.95,79.6,79.91,5333374,BA
07-02-2008,78.71,80.24,78.71,79.75,6779167,BA
08-02-2008,79.48,80.14,78.81,79.33,4343264,BA
11-02-2008,79.46,81.39,78.85,81.13,4898426,BA
12-02-2008,81.8,84.53,81.44,83.56,7980233,BA
13-02-2008,84.35,85.63,84.01,85.48,6405158,BA
14-02-2008,85.67,86.06,84.9,85.22,6631564,BA
15-02-2008,85.06,85.42,84.17,85.18,5749266,BA
19-02-2008,86.11,86.88,84.83,85.37,4158479,BA
20-02-2008,84.47,84.69,82.95,84,7526413,BA
21-02-2008,84.12,84.96,81.87,82.01,6688237,BA
22-02-2008,82.51,83.21,81.75,83.04,5229090,BA
25-02-2008,83.26,84.74,83.12,84.66,5450910,BA
26-02-2008,85.12,85.12,83.9,84.57,5171694,BA
27-02-2008,84.22,85.19,83.4,83.95,4675029,BA
28-02-2008,83.51,85,82.73,84.8,5727330,BA
29-02-2008,84.03,84.5,82.4,82.79,7670578,BA
03-03-2008,79.32,80.89,79.25,80.67,9576472,BA
04-03-2008,79.78,79.99,78.34,79.62,8209208,BA
05-03-2008,79.82,81.32,79.67,80.71,5669610,BA
06-03-2008,80.55,80.72,79.38,79.51,4503435,BA
07-03-2008,78.99,79,76.37,76.6,9657176,BA
10-03-2008,76.53,76.71,74.38,74.38,9930441,BA
11-03-2008,74.78,75.75,72.39,73.4,14137430,BA
12-03-2008,73.71,74.75,72.13,72.45,8966769,BA
13-03-2008,71.81,74.42,71.58,74.18,10850643,BA
14-03-2008,75.79,77.19,75.13,76.23,13225367,BA
17-03-2008,74.46,76.2,74.14,75.49,5658058,BA
18-03-2008,77,77,75.26,76.53,5644516,BA
19-03-2008,76.98,77,73.45,73.45,9195792,BA
20-03-2008,73.55,75,72.72,74.8,8085919,BA
24-03-2008,75.25,76.48,74.79,76.29,4853711,BA
25-03-2008,76.88,76.88,75.14,75.9,5969529,BA
26-03-2008,75.66,76.5,75.6,76.3,4350608,BA
27-03-2008,75.86,76.36,74.14,74.22,7709666,BA
28-03-2008,74.44,74.63,73.08,73.47,4616976,BA
31-03-2008,74,74.58,73.4,74.37,7394756,BA
01-04-2008,75.02,75.89,74.8,75.88,5958674,BA
02-04-2008,76.1,77.19,75.73,76.85,6121543,BA
03-04-2008,76.55,77.22,75.9,76.14,5597660,BA
04-04-2008,76.04,76.63,75.33,75.65,5086538,BA
07-04-2008,76.53,76.53,74.88,74.98,5389647,BA
08-04-2008,74.51,75.39,74.04,75.02,5597134,BA
09-04-2008,76.72,79.9,76.31,78.6,19513938,BA
10-04-2008,78.45,79.05,77.79,78.43,7873708,BA
11-04-2008,77.65,78.41,76.72,76.86,5428239,BA
14-04-2008,76.68,77.64,76.67,77.22,4926493,BA
15-04-2008,77.56,77.67,75.6,75.7,6338220,BA
16-04-2008,76.31,76.92,75.64,76.67,4895660,BA
17-04-2008,76.4,77.26,76.4,76.91,3466913,BA
18-04-2008,77.5,79.1,77.5,78.66,6742961,BA
21-04-2008,78.71,79.37,78.17,79.09,4744106,BA
22-04-2008,79.32,79.99,77.75,78.56,7615894,BA
23-04-2008,80.65,83.36,79.57,82.09,15488993,BA
24-04-2008,82.49,83.37,81.65,83,5755425,BA
25-04-2008,83.38,85.25,83.38,84.84,8354941,BA
28-04-2008,85.01,85.64,84.28,84.98,5379511,BA
29-04-2008,84.54,86.45,84.54,85.53,4485349,BA
30-04-2008,85.83,86.18,84.63,84.86,5221702,BA
01-05-2008,84.86,85.48,84.57,85.41,5083228,BA
02-05-2008,86.32,86.5,84.98,85.69,3784429,BA
05-05-2008,85.32,86.07,85,85.92,3886400,BA
06-05-2008,85.59,86.21,85.13,86.15,5079288,BA
07-05-2008,86.03,86.1,84.42,84.55,5060257,BA
08-05-2008,84.71,85.2,84,84.76,3671532,BA
09-05-2008,84.43,84.75,83.75,84.06,3328044,BA
12-05-2008,84.4,85,83.28,84.8,5367342,BA
13-05-2008,84.99,85.29,84.11,85.08,4292336,BA
14-05-2008,85.3,86.67,85.08,85.69,4909829,BA
15-05-2008,85.71,86.14,85,85.55,6006264,BA
16-05-2008,85.84,85.84,84.74,85.17,7131726,BA
19-05-2008,85.56,88.29,85,87.07,7176583,BA
20-05-2008,87.05,87.05,84.61,85.14,5697971,BA
21-05-2008,85.41,85.6,80.78,81.19,10849421,BA
22-05-2008,81.05,81.72,80.55,81.41,6333276,BA
23-05-2008,81.21,82.09,80.85,81.48,4476576,BA
27-05-2008,81.6,83.3,81.6,82.87,4529087,BA
28-05-2008,83.25,83.25,81.08,82.13,4135451,BA
29-05-2008,81.82,83,81.05,82.11,3465143,BA
30-05-2008,82.4,82.94,81.01,82.77,4660175,BA
02-06-2008,82.61,82.61,80.47,81.15,4492085,BA
03-06-2008,81.5,81.8,77.3,78.12,10435003,BA
04-06-2008,77.54,78.82,77.48,78.02,6750436,BA
05-06-2008,78.19,78.2,76.8,77.31,5789353,BA
06-06-2008,76.54,76.57,73,73.16,12786574,BA
09-06-2008,73.4,74.12,73.14,73.95,6630610,BA
10-06-2008,73.46,74.11,72.76,73.67,5674926,BA
11-06-2008,73.44,73.77,72.93,73.31,6544851,BA
12-06-2008,74.01,77.05,73.79,74.12,9795378,BA
13-06-2008,74.76,75.49,74.38,75.12,6087287,BA
16-06-2008,74.77,75.45,74.03,75.02,3481088,BA
17-06-2008,75.38,75.5,73.81,74.38,6503682,BA
18-06-2008,73.37,76.34,73.37,74.65,11540211,BA
19-06-2008,75.05,77.21,74.68,76.95,7540094,BA
20-06-2008,77.8,77.8,75.66,75.83,8868649,BA
23-06-2008,76.23,76.48,75.12,75.59,4036578,BA
24-06-2008,75.24,75.61,74.13,74.79,4949718,BA
25-06-2008,72.28,72.79,69.16,69.64,21124588,BA
26-06-2008,68.75,70.39,68.05,68.21,10986277,BA
27-06-2008,67.74,67.93,66.38,66.92,10370237,BA
30-06-2008,66.63,66.75,65.55,65.72,8567570,BA
01-07-2008,64.95,66.22,64.56,65.45,9758495,BA
02-07-2008,65.82,65.99,63.9,63.9,10136724,BA
03-07-2008,64.01,64.6,63.54,64.47,4059219,BA
07-07-2008,64.66,65.69,63.57,64.29,6175392,BA
08-07-2008,64.43,66,64.21,65.92,6690099,BA
09-07-2008,66.06,67.23,65.32,65.59,9616729,BA
10-07-2008,65.95,66.5,65.01,65.99,7304958,BA
11-07-2008,65.35,65.35,62.86,63.28,9787743,BA
14-07-2008,64.4,64.4,62.63,63.19,5545722,BA
15-07-2008,62.06,64.36,62.02,63.88,7925125,BA
16-07-2008,63.91,65.68,63.5,65.58,5644323,BA
17-07-2008,66.05,67.22,65.05,66.92,7105292,BA
18-07-2008,67.11,68.34,66.54,68.14,8452021,BA
21-07-2008,68.5,68.91,67.3,68.24,5025653,BA
22-07-2008,68.58,69.5,67.76,69.26,6168495,BA
23-07-2008,67.32,68.01,65.62,66.72,11053592,BA
24-07-2008,65.6,66.09,62.05,62.53,14072894,BA
25-07-2008,63,64.14,62.34,63.83,9172951,BA
28-07-2008,63.82,64.06,62.26,62.34,6253049,BA
29-07-2008,62.64,63.5,62.32,63.21,5620682,BA
30-07-2008,63.59,63.93,63,63.82,6010935,BA
31-07-2008,63,63,61.01,61.11,10585294,BA
01-08-2008,61.39,62.28,60.77,62.01,7016872,BA
04-08-2008,62.08,62.33,61.13,61.36,6074779,BA
05-08-2008,61.87,65.68,61.86,65.2,8941622,BA
06-08-2008,64.9,66.02,64,65.4,6239960,BA
07-08-2008,65.06,66.18,64.65,64.69,7389219,BA
08-08-2008,64.87,68.75,64.31,67.86,10088656,BA
11-08-2008,67.89,67.9,66.21,66.62,6875140,BA
12-08-2008,66.89,66.95,65.57,65.93,6422255,BA
13-08-2008,66.07,66.23,64,64.26,8990058,BA
14-08-2008,63.74,65.43,63.45,64.77,9356509,BA
15-08-2008,64.77,65.33,63.82,64.45,7672772,BA
18-08-2008,64.5,65.22,63.18,63.64,4909823,BA
19-08-2008,63.48,64.19,62.62,62.95,8101324,BA
20-08-2008,62.99,63.97,62.21,63.21,3964335,BA
21-08-2008,62.97,63.79,62.21,63.55,4048422,BA
22-08-2008,63.94,65.71,63.51,65.55,5490752,BA
25-08-2008,64.91,65.49,63.58,64.07,4578292,BA
26-08-2008,64.09,64.39,62.87,63.46,4488872,BA
27-08-2008,63.57,65.2,63.2,64.52,4032353,BA
28-08-2008,64.78,66.98,64.26,66.34,4449031,BA
29-08-2008,66.25,66.43,65.1,65.56,3912976,BA
02-09-2008,67,68.47,65.43,65.87,6464150,BA
03-09-2008,65.69,67.08,64.14,66.07,5253233,BA
04-09-2008,65.01,65.3,62.04,63.03,11231893,BA
05-09-2008,62.52,63.49,61.89,62.89,5610256,BA
08-09-2008,62.47,64.07,61.86,63.91,8310831,BA
09-09-2008,63.92,65.22,63.92,64.02,7753009,BA
10-09-2008,63.58,63.81,61.58,61.71,9138784,BA
11-09-2008,61.13,62.71,61.13,62.57,6101068,BA
12-09-2008,62.38,63.42,61.7,63.3,5084443,BA
15-09-2008,61.81,62.8,61,62.25,9834038,BA
16-09-2008,61.02,63,60.16,61.72,8591014,BA
17-09-2008,60.88,61,56.43,57,14830175,BA
18-09-2008,57.69,58.66,54.2,58.11,14031559,BA
19-09-2008,60.74,61,57.6,59.76,10882409,BA
22-09-2008,59.33,60.41,58.26,58.81,6033384,BA
23-09-2008,58.91,60.39,57.19,57.31,6634936,BA
24-09-2008,57.54,58.87,56.93,57.36,5484255,BA
25-09-2008,57.67,58.2,56.8,57.42,6383755,BA
26-09-2008,56.74,58.5,56.01,58.32,5866403,BA
29-09-2008,57.5,57.95,54.75,55.47,9604847,BA
30-09-2008,56.29,57.65,55.62,57.35,6412562,BA
01-10-2008,56.76,58,55.37,56.62,6221790,BA
02-10-2008,56.33,56.97,53.34,53.58,8128117,BA
03-10-2008,54,56.4,53.76,53.83,9312607,BA
06-10-2008,51.77,53,47.88,51.29,12428591,BA
07-10-2008,51.79,52.56,48.71,49.28,10928894,BA
08-10-2008,48.41,50,47.18,47.7,11889234,BA
09-10-2008,47.83,48.94,44.41,44.41,12241749,BA
10-10-2008,40.13,44.25,40,41.8,20325801,BA
13-10-2008,43.57,47.31,42.5,47.08,14292775,BA
14-10-2008,48.63,49.47,43.61,45.07,12494289,BA
15-10-2008,44.18,45.48,41.54,42.33,10147827,BA
16-10-2008,42.64,45,39.99,44.79,11751977,BA
17-10-2008,43.95,46.82,43.21,44.55,10046059,BA
20-10-2008,44.74,46.77,43.72,46.71,7809171,BA
21-10-2008,46.32,47.69,45.53,46.4,7357119,BA
22-10-2008,44.16,44.9,41.8,42.91,10097263,BA
23-10-2008,43.2,46.81,42.81,46.52,13973230,BA
24-10-2008,42.5,47.24,41.75,45.24,9792458,BA
27-10-2008,45.7,46.13,42.26,42.36,9239727,BA
28-10-2008,46.45,49.05,43.63,48.91,14392560,BA
29-10-2008,48.81,52.82,48.81,49.8,12836082,BA
30-10-2008,52.28,52.8,48.58,50.7,9559118,BA
31-10-2008,50.62,52.61,49.28,52.42,8421757,BA
03-11-2008,51.9,53.18,50.82,52.85,8412360,BA
04-11-2008,54.41,54.65,52.72,53.62,9289138,BA
05-11-2008,52.5,52.59,49,49.55,10002417,BA
06-11-2008,48.97,50.23,45.35,45.72,13722618,BA
07-11-2008,46.58,47.3,45.35,46.58,7150739,BA
10-11-2008,47.3,48.31,45.59,46.14,5393268,BA
11-11-2008,44.6,45.5,42.75,43.97,7928518,BA
12-11-2008,43.23,44.09,42,42.52,7739698,BA
13-11-2008,42.03,43.32,39.07,43.16,13998148,BA
14-11-2008,42.01,43.76,40.8,41.04,8909613,BA
17-11-2008,40.61,42.8,40.5,41.18,7050161,BA
18-11-2008,40.6,40.76,38.05,39.56,12209287,BA
19-11-2008,39.28,40.13,37.45,37.48,10614563,BA
20-11-2008,36.98,39.74,36.72,37.11,13406408,BA
21-11-2008,37.18,39.93,36.17,39.58,13259691,BA
24-11-2008,40.05,41.25,38.89,40.75,9682999,BA
25-11-2008,40.55,40.8,39.54,40.18,9618669,BA
26-11-2008,39.35,41.34,39.02,41.28,6256444,BA
28-11-2008,41.17,42.8,41.1,42.63,2609116,BA
01-12-2008,41.64,42,39.74,39.88,7902844,BA
02-12-2008,40.54,41,39.25,40.7,6029450,BA
03-12-2008,40.23,41.1,39.15,40.47,8007510,BA
04-12-2008,39.84,41.33,38.5,39.19,7247221,BA
05-12-2008,38,39.57,36.28,39.53,10564791,BA
08-12-2008,40.35,43.69,40.04,42.85,13096694,BA
09-12-2008,41.57,42.44,40.65,40.82,8311791,BA
10-12-2008,41.49,42.69,40.94,41.68,5181450,BA
11-12-2008,40.65,42.01,40.02,40.27,7693498,BA
12-12-2008,39.56,39.74,38.2,39.2,10339591,BA
15-12-2008,39.6,39.88,38.2,38.74,8227911,BA
16-12-2008,39.21,42,38.2,41.9,11043685,BA
17-12-2008,41.16,41.5,40.15,41.02,7334814,BA
18-12-2008,41.31,41.75,40.69,41.07,8653023,BA
19-12-2008,41.32,42.39,41,41.24,9903824,BA
22-12-2008,40.65,41.56,40,41.12,5397178,BA
23-12-2008,41.25,41.5,39.83,40.15,5278971,BA
24-12-2008,40.24,40.79,40.04,40.12,1758134,BA
26-12-2008,39.76,40.69,39.76,40.53,2803350,BA
29-12-2008,40.38,40.55,39.5,39.99,3876953,BA
30-12-2008,40.08,41.34,39.81,41.25,4550017,BA
31-12-2008,41.59,43.05,41.5,42.67,5443052,BA
02-01-2009,42.8,45.56,42.78,45.25,7015401,BA
05-01-2009,45.5,46.81,44.8,46.17,6917353,BA
06-01-2009,46.85,47,45.5,46.31,7180978,BA
07-01-2009,45.1,45.61,44.17,44.76,6586569,BA
08-01-2009,44.5,44.9,43.88,44.79,5476976,BA
09-01-2009,44.8,45.15,43.93,44.45,5645042,BA
12-01-2009,44.28,44.45,43.19,43.74,4989247,BA
13-01-2009,43.38,43.62,41.8,42.46,6359304,BA
14-01-2009,41.88,41.98,40.87,41.2,7354895,BA
15-01-2009,41.07,41.6,39.51,40.96,8471265,BA
16-01-2009,41.45,43.05,41.04,42.46,9310704,BA
20-01-2009,42.08,42.74,40.2,40.36,9637118,BA
21-01-2009,40.75,42.4,40,42.27,6933013,BA
22-01-2009,41.73,42.75,41.17,42.26,6590741,BA
23-01-2009,40.91,42.84,40.91,41.98,5755506,BA
26-01-2009,42.46,43.77,42.06,43.01,4659614,BA
27-01-2009,43.29,43.96,42.88,43.22,5219049,BA
28-01-2009,43.47,44.4,42.76,43.24,8071591,BA
29-01-2009,42.76,42.76,40.37,40.71,8446964,BA
30-01-2009,40.76,42.49,40.63,42.31,9098244,BA
02-02-2009,41.73,41.73,40.11,40.8,8108969,BA
03-02-2009,41.45,42.43,40.76,42.09,7221234,BA
04-02-2009,42.12,42.97,41.69,41.97,6729377,BA
05-02-2009,41.75,43.11,40.62,42.72,9021007,BA
06-02-2009,42.52,43.67,42.25,42.92,6334157,BA
09-02-2009,42.8,43.42,42.44,42.8,5091901,BA
10-02-2009,41.29,42.23,40.02,40.21,9999165,BA
11-02-2009,40.51,40.76,39.86,40.33,6519292,BA
12-02-2009,39.58,39.99,38.58,39.86,6028812,BA
13-02-2009,39.89,41.19,39.89,40.48,5483456,BA
17-02-2009,39.49,39.74,38.3,38.43,6949373,BA
18-02-2009,38.77,38.77,37.76,37.98,6324425,BA
19-02-2009,38.24,38.7,37.42,37.57,5467493,BA
20-02-2009,36.73,37.2,35.32,36.31,10598817,BA
23-02-2009,36.73,36.79,34.35,34.46,9519748,BA
24-02-2009,34.44,35.83,33.89,35.44,10815805,BA
25-02-2009,35.27,35.27,33.22,33.91,11684407,BA
26-02-2009,34.5,34.62,32.64,32.71,8772639,BA
27-02-2009,32.3,32.37,31.4,31.44,11791144,BA
02-03-2009,30.96,31,29.32,29.51,13957450,BA
03-03-2009,29.7,30.11,29.05,29.36,10434638,BA
04-03-2009,29.86,30.78,29.11,30.31,11627491,BA
05-03-2009,29.22,30.02,29.07,29.39,11677478,BA
06-03-2009,29.61,30.2,29.39,30.1,13134932,BA
09-03-2009,29.98,31.46,29.96,31,12407248,BA
10-03-2009,31.42,33.02,31.32,33.01,11503739,BA
11-03-2009,32.59,33.7,32.39,33.27,10823124,BA
12-03-2009,33.01,33.75,32.39,33.63,6133118,BA
13-03-2009,33.72,34.1,32.93,33.4,7433920,BA
16-03-2009,33.74,34.96,33.38,33.83,7157179,BA
17-03-2009,33.92,34.44,33.26,34.44,5270819,BA
18-03-2009,34.29,34.75,32.5,33.75,15880435,BA
19-03-2009,33.86,34.12,32.97,33.19,10427238,BA
20-03-2009,33.22,33.5,32.54,32.55,11323372,BA
23-03-2009,33.2,35.5,33.05,35.5,8224801,BA
24-03-2009,34.88,36.72,34.82,36.1,8468464,BA
25-03-2009,36.03,37.79,35.97,37.06,12446132,BA
26-03-2009,37.32,38.68,36.91,38.66,9545245,BA
27-03-2009,38.23,38.47,37.07,37.53,7329928,BA
30-03-2009,36.63,36.98,35.11,35.52,10833746,BA
31-03-2009,35.9,36.24,35.05,35.58,11554622,BA
01-04-2009,34.52,35.6,34.21,35.44,9288960,BA
02-04-2009,36.16,37.98,36.16,37.2,9449239,BA
03-04-2009,37.23,38.12,36.39,37.69,8591254,BA
06-04-2009,37.48,38.22,36.54,38.16,7390249,BA
07-04-2009,37.51,37.69,36.51,36.64,6017902,BA
08-04-2009,36.5,37.16,36.24,36.87,4477215,BA
09-04-2009,37.68,39.18,37.68,39.15,9069452,BA
13-04-2009,36.97,37.48,35.81,37.15,9531345,BA
14-04-2009,36.51,37.5,36.3,37.04,5845448,BA
15-04-2009,36.63,38.04,36.61,37.57,5452170,BA
16-04-2009,37.62,38.75,37,38.39,6424207,BA
17-04-2009,38.55,38.78,38.18,38.32,6152358,BA
20-04-2009,37.65,37.86,36.36,36.48,7016920,BA
21-04-2009,36.66,36.66,35.94,36.65,7354022,BA
22-04-2009,37.85,38.32,36.54,37.3,11625938,BA
23-04-2009,37.29,38.12,36.6,37.93,6400647,BA
24-04-2009,38.1,39.01,37.75,38.72,8351452,BA
27-04-2009,37.99,39.85,37.72,39.47,8546412,BA
28-04-2009,39.11,39.42,38.32,38.85,6628144,BA
29-04-2009,39.09,40.73,39.02,40.55,7776238,BA
30-04-2009,41.07,41.74,39.9,40.05,7034295,BA
01-05-2009,40.31,41.37,40.09,41.21,5508746,BA
04-05-2009,41.9,42.18,41.51,42.18,5269978,BA
05-05-2009,41.92,43.25,41.92,43.15,7684469,BA
06-05-2009,43.3,44.21,43.08,44.2,7930736,BA
07-05-2009,44.47,44.62,42.75,43.53,7106644,BA
08-05-2009,43.96,45.84,43.77,45.83,7492282,BA
11-05-2009,45.26,45.6,44.53,44.72,9595953,BA
12-05-2009,44.54,45.07,43.29,44.1,7068690,BA
13-05-2009,43.18,43.42,42.38,42.95,6324439,BA
14-05-2009,42.94,43.81,42.72,43.44,5251582,BA
15-05-2009,43.27,43.99,42.71,43,5189274,BA
18-05-2009,44.25,44.53,43.81,44.37,7287980,BA
19-05-2009,44.36,45.06,43.9,44.62,4792104,BA
20-05-2009,45.05,45.74,44.54,44.58,4734105,BA
21-05-2009,43.99,44,42.7,43.29,5784926,BA
22-05-2009,43.47,43.61,42.86,42.94,2951530,BA
26-05-2009,42.61,44.33,42.52,44.16,4718494,BA
27-05-2009,43.89,44.33,43.45,43.57,4622463,BA
28-05-2009,43.99,44.45,43.19,44.32,4559692,BA
29-05-2009,44.61,45.08,43.95,44.85,5417382,BA
01-06-2009,45.54,47.81,45.54,47.7,6920442,BA
02-06-2009,47.7,49.43,47.31,49.2,7453324,BA
03-06-2009,48.71,49.2,47.79,48.37,4700000,BA
04-06-2009,48.63,50.91,48.57,50.57,7324587,BA
05-06-2009,52.16,53.26,52.16,52.65,13724165,BA
08-06-2009,52.49,53.33,51.13,52.83,7961110,BA
09-06-2009,53.39,53.39,51.31,52.35,7729036,BA
10-06-2009,52.82,53.2,51.1,52.3,6556551,BA
11-06-2009,51.83,52.57,50.48,50.66,11854971,BA
12-06-2009,50.76,51.56,50.11,51.44,5476628,BA
15-06-2009,50.9,51.09,49.02,49.52,6363736,BA
16-06-2009,49.57,50.15,48.7,48.83,5725789,BA
17-06-2009,48.55,49.16,48.05,48.55,4870801,BA
18-06-2009,48.43,49.28,48.15,48.96,3099818,BA
19-06-2009,49.18,49.53,48.11,48.44,7033003,BA
22-06-2009,47.83,48.03,46.53,46.9,5200331,BA
23-06-2009,44.39,44.5,42.52,43.87,27281935,BA
24-06-2009,43.14,43.55,41.09,41.32,21288390,BA
25-06-2009,41.4,42.6,41.11,42.53,14006479,BA
26-06-2009,42.11,42.78,41.5,41.88,15579315,BA
29-06-2009,42.15,43.02,42.08,42.65,5515509,BA
30-06-2009,43.63,43.79,42.1,42.5,8323070,BA
01-07-2009,42.63,42.95,42.15,42.23,6349337,BA
02-07-2009,41.81,41.81,40.62,40.83,7202073,BA
06-07-2009,40.38,40.76,39.92,40.56,7132705,BA
07-07-2009,40.5,40.69,38.94,39.04,7704977,BA
08-07-2009,39.12,39.83,38.92,39.55,8800410,BA
09-07-2009,39.75,40,39.02,39.3,5432882,BA
10-07-2009,39.2,39.71,38.92,39.65,5833519,BA
13-07-2009,39.68,40.83,39.26,40.44,6548930,BA
14-07-2009,40.39,40.9,40.11,40.41,5748486,BA
15-07-2009,40.77,41.46,40.51,41.36,7867386,BA
16-07-2009,41.01,42.22,41.01,42.05,5357378,BA
17-07-2009,42.25,42.4,41.1,41.36,5691633,BA
20-07-2009,41.71,42.26,41.16,42.2,5535128,BA
21-07-2009,42.82,43.71,42.5,43.02,9170568,BA
22-07-2009,42.4,43.46,41.95,42,12054670,BA
23-07-2009,42,42.19,40.78,41.95,13620201,BA
24-07-2009,41.95,42.49,41.72,42.37,5068137,BA
27-07-2009,42,42.37,41.43,42.24,5674196,BA
28-07-2009,41.99,43.35,41.8,43.25,7831218,BA
29-07-2009,43,43.5,42.64,43.37,5078235,BA
30-07-2009,43.94,44.5,43.13,43.24,8281103,BA
31-07-2009,43.32,43.49,42.8,42.91,6029316,BA
03-08-2009,43.18,44.02,42.51,43.79,6070774,BA
04-08-2009,43.64,44.44,43.35,44.16,5964801,BA
05-08-2009,43.63,44.21,43.4,44.03,7129795,BA
06-08-2009,44.29,45.73,44.03,45.52,10206967,BA
07-08-2009,45.89,47.21,45.38,46.69,6689010,BA
10-08-2009,46.41,46.41,45.19,45.77,5620504,BA
11-08-2009,45.56,45.83,44.84,45.39,5121721,BA
12-08-2009,45.33,46.78,45.31,46.34,4682233,BA
13-08-2009,46.45,46.87,45.75,46.62,3485707,BA
14-08-2009,45.82,46.24,44.21,44.87,10507286,BA
17-08-2009,44.16,44.28,43.7,44.16,5211546,BA
18-08-2009,44,44.53,43.69,43.78,5444211,BA
19-08-2009,43.5,43.91,43.1,43.52,6578869,BA
20-08-2009,43.54,44.83,43.49,44.74,5192085,BA
21-08-2009,45.18,46.02,44.92,45.87,5529898,BA
24-08-2009,46.51,47.79,45.97,47.13,6157981,BA
25-08-2009,47.5,48.77,47.28,48.25,8248067,BA
26-08-2009,48.07,48.38,47.44,47.82,3955909,BA
27-08-2009,51.37,52.38,51,51.82,17791897,BA
28-08-2009,51.68,52.53,50.7,51.04,11456903,BA
31-08-2009,50.17,50.25,49.02,49.67,9298034,BA
01-09-2009,49.21,50.38,48.47,48.77,8242544,BA
02-09-2009,48.59,48.98,48.16,48.4,3835813,BA
03-09-2009,48.67,48.83,47.76,48.46,5466474,BA
04-09-2009,48.74,49.26,48.05,49.15,5711551,BA
08-09-2009,49.73,49.88,48.81,49.5,4583854,BA
09-09-2009,49.7,51.15,49.7,50.53,5895878,BA
10-09-2009,50.42,50.72,49.79,50.49,3847196,BA
11-09-2009,50.64,51.44,50.48,51.35,5880487,BA
14-09-2009,50.99,51.26,50.44,50.97,4392690,BA
15-09-2009,51.26,52.34,50.88,52.07,6584383,BA
16-09-2009,52.44,52.76,51.79,52.36,5108533,BA
17-09-2009,52.25,53.16,52.2,52.88,4676793,BA
18-09-2009,53.02,53.29,52.1,53.02,6532987,BA
21-09-2009,52.6,53.36,52.42,52.86,3076162,BA
22-09-2009,52.96,53.31,52.13,53.14,3898295,BA
23-09-2009,53.35,53.4,52.26,52.37,4609448,BA
24-09-2009,52.23,52.52,51.52,51.79,5351955,BA
25-09-2009,51.86,52.4,51.3,51.52,3638503,BA
28-09-2009,51.82,53.34,51.76,53.07,4925406,BA
29-09-2009,53.28,55.48,53.28,54.62,7267767,BA
30-09-2009,54.86,55.25,53.46,54.15,5939577,BA
01-10-2009,53.85,53.9,52.03,52.11,6605905,BA
02-10-2009,51.19,51.76,50.1,51.4,6042924,BA
05-10-2009,51.75,52.52,51.38,52.28,3083033,BA
06-10-2009,51.54,52.57,51.15,52.29,6244477,BA
07-10-2009,52.18,52.25,51.25,51.79,3659513,BA
08-10-2009,52.3,52.6,51.86,52.3,3190520,BA
09-10-2009,52.49,52.75,51.96,52.69,2591224,BA
12-10-2009,52.66,52.73,51.38,51.66,3974463,BA
13-10-2009,51.64,51.98,51.36,51.9,3024957,BA
14-10-2009,52.31,52.55,51.57,52.51,4646221,BA
15-10-2009,52.03,52.53,50.94,51.76,5686783,BA
16-10-2009,51.19,53.72,50.85,53.19,7432893,BA
19-10-2009,53.32,53.75,52.59,53.45,3841793,BA
20-10-2009,51.71,52.3,51.07,51.89,8191000,BA
21-10-2009,51.07,52,50.5,50.63,8115466,BA
22-10-2009,50.33,51.23,49.75,51.07,6375233,BA
23-10-2009,51.06,51.06,49.5,49.89,5856650,BA
26-10-2009,49.85,49.98,48,48.29,7428684,BA
27-10-2009,48.3,48.53,47.55,47.75,7044833,BA
28-10-2009,47.72,47.8,47.18,47.22,6909973,BA
29-10-2009,48.31,49.13,47.81,48.81,8299363,BA
30-10-2009,48.7,48.81,47.66,47.8,8702778,BA
02-11-2009,47.82,48.41,47.33,48.27,5932576,BA
03-11-2009,48.17,48.35,47.46,48.1,4900945,BA
04-11-2009,48.28,48.9,47.8,48.07,5081941,BA
05-11-2009,48.49,49.86,48.32,49.77,4915994,BA
06-11-2009,49.71,49.98,49.31,49.68,3212559,BA
09-11-2009,50.01,51.48,49.89,51.35,4444626,BA
10-11-2009,51.07,51.07,50.13,50.32,4736870,BA
11-11-2009,50.78,51.42,50.54,50.68,3546240,BA
12-11-2009,50.62,50.92,50.09,50.28,3324346,BA
13-11-2009,49.98,50.94,49.72,50.68,3546788,BA
16-11-2009,51,52.52,50.88,52.48,5704942,BA
17-11-2009,52.42,52.69,51.7,52.53,3945816,BA
18-11-2009,52.59,52.64,51.45,52.02,4377563,BA
19-11-2009,51.54,51.8,50.75,51.43,3183390,BA
20-11-2009,51.12,51.89,51.07,51.7,4697176,BA
23-11-2009,52.5,53,52.32,52.63,3255277,BA
24-11-2009,52.08,52.63,50.95,51.97,3288144,BA
25-11-2009,51.97,52.95,51.83,52.93,3021455,BA
27-11-2009,51.35,52.81,51,52.45,3281352,BA
30-11-2009,52.43,52.69,51.78,52.41,5434683,BA
01-12-2009,52.75,54.22,52.75,53.72,6360088,BA
02-12-2009,54.04,54.57,53.26,53.78,5980717,BA
03-12-2009,53.99,54.41,53.51,53.77,3997708,BA
04-12-2009,54.75,55.45,53.62,54.68,5451771,BA
07-12-2009,55.2,55.95,54.9,55.82,4950745,BA
08-12-2009,55.99,56.22,55.06,55.66,4658965,BA
09-12-2009,55.75,55.8,55.11,55.47,3900359,BA
10-12-2009,55.65,56.39,54.72,55.01,5755566,BA
11-12-2009,55.47,55.8,55.12,55.6,7398009,BA
14-12-2009,56.02,56.56,55.82,56.05,4830871,BA
15-12-2009,56.37,56.37,55.33,55.67,7365555,BA
16-12-2009,56.11,56.14,54.45,55.13,7804646,BA
17-12-2009,54.9,55.4,54.41,54.47,5825441,BA
18-12-2009,54.7,54.74,53.1,53.44,8922372,BA
21-12-2009,53.36,54.5,53.36,54.3,3655720,BA
22-12-2009,54.38,55.37,54.31,55.1,3669971,BA
23-12-2009,55.41,55.65,54.92,54.96,3062835,BA
24-12-2009,55.26,55.56,55.11,55.48,1003991,BA
28-12-2009,55.33,55.55,54.89,55.14,2072154,BA
29-12-2009,55.34,55.46,55.14,55.21,2163935,BA
30-12-2009,54.86,55.29,54.75,54.96,2460937,BA
31-12-2009,55,55.22,54.05,54.13,2190053,BA
04-01-2010,55.72,56.39,54.8,56.18,6187088,BA
05-01-2010,56.25,58.28,56,58.02,8872728,BA
06-01-2010,58.23,59.99,57.88,59.78,8838016,BA
07-01-2010,59.51,62.31,59.02,62.2,14380744,BA
08-01-2010,61.54,61.78,60.86,61.6,7147427,BA
11-01-2010,61.95,62.09,60.51,60.87,5627699,BA
12-01-2010,60.07,61.2,59.91,60.43,5273875,BA
13-01-2010,60.61,61.7,60.35,61.16,4950400,BA
14-01-2010,61.03,61.62,60.78,61.56,3000398,BA
15-01-2010,61.53,61.56,60.21,60.82,5067225,BA
19-01-2010,60.6,61.01,59.96,60.65,5428029,BA
20-01-2010,60.33,60.57,58.53,60.2,5374069,BA
21-01-2010,60.3,61.26,58.9,59.2,5401938,BA
22-01-2010,58.62,59.17,57.7,57.77,4745396,BA
25-01-2010,58.35,58.75,57.5,57.78,3489914,BA
26-01-2010,57.54,58.5,57.23,57.71,4552136,BA
27-01-2010,58.84,62.08,58.83,61.93,14760056,BA
28-01-2010,62.15,62.95,61.31,62.56,8865642,BA
29-01-2010,62.8,63.4,60.32,60.6,8726177,BA
01-02-2010,60.74,61.86,60.72,61.7,5929599,BA
02-02-2010,61.29,62,61,61.94,7862734,BA
03-02-2010,61.52,61.8,60.85,61.46,5480578,BA
04-02-2010,60.95,61.17,59.25,59.32,7491344,BA
05-02-2010,59.21,59.74,57.14,58.4,9676128,BA
08-02-2010,58.33,58.97,57.78,57.89,4724664,BA
09-02-2010,58.62,60.43,58.39,59.74,8250844,BA
10-02-2010,59.71,60.05,58.94,59.54,4237165,BA
11-02-2010,59.75,60.75,58.94,60.59,4395736,BA
12-02-2010,59.87,59.92,58.93,59.65,5178568,BA
16-02-2010,60.42,61.29,59.9,61.26,4268659,BA
17-02-2010,61.39,62,61,61.82,4116171,BA
18-02-2010,61.78,63.01,61.72,62.89,4391778,BA
19-02-2010,62.65,64.34,62.65,63.59,7371049,BA
22-02-2010,63.58,64.47,63.19,63.97,6034004,BA
23-02-2010,63.81,64.17,62.25,62.77,6484460,BA
24-02-2010,63,63.7,62.64,63.48,3400361,BA
25-02-2010,62.72,62.97,62,62.87,5043170,BA
26-02-2010,63.09,63.88,63.03,63.16,4415909,BA
01-03-2010,63.05,64.33,63,64,5265630,BA
02-03-2010,64.64,65.33,64.36,64.44,4383103,BA
03-03-2010,64.58,64.97,64.05,64.45,4289350,BA
04-03-2010,65.09,65.8,64.85,65.55,7718659,BA
05-03-2010,66.06,68.04,66.03,67.93,8506441,BA
08-03-2010,68.01,68.01,67.13,67.24,5077225,BA
09-03-2010,67.57,68.34,67.35,67.79,7655839,BA
10-03-2010,68.14,70.48,68.03,70.01,10616531,BA
11-03-2010,70.08,70.43,69.15,70.07,7293133,BA
12-03-2010,70.48,70.49,69.25,69.83,5302767,BA
15-03-2010,69.37,69.77,68.52,69.4,7709023,BA
16-03-2010,69.24,69.31,68.3,68.72,7495575,BA
17-03-2010,68.97,69.49,68.29,69.38,6004213,BA
18-03-2010,69.35,70.93,69.19,70.87,7435774,BA
19-03-2010,73.2,73.3,70.72,70.72,17722432,BA
22-03-2010,71.66,72.64,71.51,71.91,9014855,BA
23-03-2010,72.54,72.63,71.51,72.18,4986322,BA
24-03-2010,72.42,73.2,71.78,72.32,7699920,BA
25-03-2010,72.95,73.43,72,72.49,5431155,BA
26-03-2010,72.66,72.99,72.35,72.59,4933688,BA
29-03-2010,73.08,74.53,73,74.11,9064111,BA
30-03-2010,73.84,74.18,72.7,73.53,4381292,BA
31-03-2010,72.92,73.06,71.95,72.61,5884899,BA
01-04-2010,73.24,73.51,72.3,72.99,4412086,BA
05-04-2010,72.99,73.05,70.95,72.04,9326414,BA
06-04-2010,71.84,73.18,71.77,72.36,5194801,BA
07-04-2010,72.16,72.52,71.47,72.1,6717177,BA
08-04-2010,71.89,72.46,71.21,72.28,3743018,BA
09-04-2010,72.26,72.66,71.81,72.42,3345780,BA
12-04-2010,72.15,72.57,71.8,71.92,3666172,BA
13-04-2010,71.54,71.69,70.5,71.19,5079284,BA
14-04-2010,70.83,71.76,70.81,71.7,3496649,BA
15-04-2010,71.34,72.61,71.34,72.09,2943682,BA
16-04-2010,72.1,72.1,69.88,70.79,8075323,BA
19-04-2010,70.27,71.28,70.16,70.96,4203068,BA
20-04-2010,71.54,71.98,70.95,71.41,4760806,BA
21-04-2010,71.51,74.65,71.51,74.16,12037705,BA
22-04-2010,74.46,76,73.68,75.59,9088834,BA
23-04-2010,75.04,75.68,74.55,75.13,5198190,BA
26-04-2010,74.58,75.29,74.14,74.34,4024935,BA
27-04-2010,74.65,74.93,72.23,72.48,6054842,BA
28-04-2010,72.95,72.99,71.34,72.37,5699477,BA
29-04-2010,73,74,72.67,73.79,5203310,BA
30-04-2010,73.8,74.48,72.26,72.43,5601081,BA
03-05-2010,72.62,74.7,72.46,74.39,5407779,BA
04-05-2010,73.31,73.45,72.23,72.79,6230700,BA
05-05-2010,71.9,72.04,70.44,71,5509124,BA
06-05-2010,70.66,71.49,62,67.97,13771537,BA
07-05-2010,68.29,69.12,65.8,66.72,8927346,BA
10-05-2010,69.96,71.73,69.8,71,8841884,BA
11-05-2010,70.31,72.67,70.14,71.42,6551880,BA
12-05-2010,72.04,73.37,72.04,72.87,6331552,BA
13-05-2010,72.66,73.3,71.56,71.76,3953696,BA
14-05-2010,71.08,71.4,68.98,69.82,7954557,BA
17-05-2010,70.36,70.37,67.62,69.68,4814936,BA
18-05-2010,69.89,70.13,67.3,67.72,8882829,BA
19-05-2010,66.85,67.55,65.28,66.21,9974312,BA
20-05-2010,65,65.11,62.8,63,10904161,BA
21-05-2010,61.99,65,61.39,64.56,10882625,BA
24-05-2010,63.66,64.61,63.06,63.15,6168825,BA
25-05-2010,61,62.98,60.61,62.78,6903135,BA
26-05-2010,63.6,65.41,63,63.26,7386008,BA
27-05-2010,64.86,65.23,63.91,65.13,7444591,BA
28-05-2010,65.15,65.26,63.51,64.18,5775552,BA
01-06-2010,64.27,65.2,62.86,62.95,6318443,BA
02-06-2010,63.39,64.37,62.06,64.34,4588144,BA
03-06-2010,64.84,64.84,63.51,64.31,3775793,BA
04-06-2010,63.25,63.41,60.93,61.15,8228715,BA
07-06-2010,61.69,61.7,60.07,60.11,5918574,BA
08-06-2010,60.33,61.1,59.84,61.02,7192623,BA
09-06-2010,61.48,63.18,61.17,61.71,7729414,BA
10-06-2010,62.81,64.01,62.3,63.89,5682835,BA
11-06-2010,63.16,65.7,63.15,65.38,8462575,BA
14-06-2010,66.22,66.55,64.71,64.82,6000064,BA
15-06-2010,65.67,67.57,65.47,67.48,6400775,BA
16-06-2010,66.93,67.56,66.6,67.03,4452275,BA
17-06-2010,67.48,67.49,65.88,67.26,3637256,BA
18-06-2010,67.38,68.14,67.16,67.96,6216603,BA
21-06-2010,68.95,69.34,67.57,67.97,4109588,BA
22-06-2010,67.97,68.47,66.15,66.28,4188173,BA
23-06-2010,66.42,67.88,65.65,67.45,6098515,BA
24-06-2010,67.17,68.24,67.14,67.43,7782533,BA
25-06-2010,67.31,68.77,66.67,68.77,13325760,BA
28-06-2010,68.43,68.62,67.26,67.3,5517259,BA
29-06-2010,66.11,66.2,62.56,63.04,9212875,BA
30-06-2010,63.05,64.21,62.58,62.75,7102383,BA
01-07-2010,62.48,62.72,61.31,62.26,6465874,BA
02-07-2010,62.32,62.5,61.17,61.94,3563089,BA
06-07-2010,62.71,63.02,60.65,61.36,5444212,BA
07-07-2010,61.48,63.37,61.03,63.3,4785046,BA
08-07-2010,64.09,64.89,63.55,64.73,4489385,BA
09-07-2010,65.2,65.2,64.01,64.66,3145076,BA
12-07-2010,64.55,64.98,64.01,64.34,2299533,BA
13-07-2010,65.15,65.36,64.18,64.43,6208260,BA
14-07-2010,64.29,65.39,64.05,64.75,3822487,BA
15-07-2010,65.65,65.78,63.36,64.37,8069172,BA
16-07-2010,63.96,64.26,61.68,61.9,7016315,BA
19-07-2010,62.72,63.36,62.04,63.18,5031493,BA
20-07-2010,62.26,64,61.83,63.88,5069055,BA
21-07-2010,64.4,64.81,62.66,63.18,4459407,BA
22-07-2010,64.02,67.11,64.02,66.6,7574451,BA
23-07-2010,66.49,68.17,66.36,67.93,5029708,BA
26-07-2010,68.15,68.99,68,68.85,5836465,BA
27-07-2010,69.25,69.75,68.4,68.62,5687098,BA
28-07-2010,67.62,68,66.9,67.32,5540629,BA
29-07-2010,67.85,68.53,66.69,67.22,4460227,BA
30-07-2010,66.61,68.38,66.47,68.14,6032163,BA
02-08-2010,69.01,69.93,68.5,69.69,5430717,BA
03-08-2010,69.31,70,68.93,69.54,3778718,BA
04-08-2010,69.42,69.93,69.16,69.25,3861191,BA
05-08-2010,68.73,69.25,68.33,68.71,4318815,BA
06-08-2010,68.03,68.72,67.36,68.7,4498788,BA
09-08-2010,69.17,69.47,68.45,68.99,2907790,BA
10-08-2010,68.29,68.97,67.54,68.62,4127296,BA
11-08-2010,67.18,67.26,64.92,65.6,5230837,BA
12-08-2010,64.65,65.27,64.44,64.7,3847607,BA
13-08-2010,64.59,65.7,64.54,64.84,3667747,BA
16-08-2010,64.27,64.93,63.65,64.4,3042334,BA
17-08-2010,65.16,66.91,64.65,65.99,4303899,BA
18-08-2010,66.05,66.36,64.99,66,2816059,BA
19-08-2010,65.74,65.82,64.15,64.62,4201568,BA
20-08-2010,64.2,64.73,63.59,64.6,3865920,BA
23-08-2010,65.09,65.24,63.21,63.3,3888194,BA
24-08-2010,62.55,62.81,60.53,60.93,9983972,BA
25-08-2010,60.49,61.11,59.48,60.76,5144544,BA
26-08-2010,61.36,62.56,61.07,61.32,4889769,BA
27-08-2010,61.13,63.34,60.57,63.16,6851673,BA
30-08-2010,63,63.19,62.1,62.1,3279135,BA
31-08-2010,62,62.18,60.8,61.13,5309421,BA
01-09-2010,61.79,63.09,61.66,62.29,5688798,BA
02-09-2010,62.34,63.39,62.2,63.39,3465719,BA
03-09-2010,64.47,65.42,64.09,64.64,3471592,BA
07-09-2010,64.25,64.25,63.29,63.42,2529793,BA
08-09-2010,63.6,65,63.58,64.5,3747703,BA
09-09-2010,65.51,65.63,62.95,63.44,4190696,BA
10-09-2010,63.38,64.1,62.96,63.84,3214772,BA
13-09-2010,64.73,64.98,63.92,64.19,3126886,BA
14-09-2010,64.02,64.35,62.43,62.76,6025475,BA
15-09-2010,62.49,62.79,61.89,62.73,4929167,BA
16-09-2010,62.39,63.35,62.2,62.58,4681838,BA
17-09-2010,63.26,63.34,62,62.95,10702625,BA
20-09-2010,62.99,63.9,62.53,63.72,4187283,BA
21-09-2010,63.8,64.5,63.39,64.23,5361146,BA
22-09-2010,64.38,64.86,63.63,63.9,3635438,BA
23-09-2010,63.31,63.49,62.56,62.65,3656936,BA
24-09-2010,63.52,64.83,63.33,64.6,4626836,BA
27-09-2010,64.61,64.7,63.8,63.89,2762402,BA
28-09-2010,63.85,64.67,62.94,64.52,3583321,BA
29-09-2010,64.71,66.26,64.44,65.97,5874689,BA
30-09-2010,67.09,67.97,66.05,66.54,8214220,BA
01-10-2010,67.54,67.98,66.67,66.83,4489476,BA
04-10-2010,66.57,67.89,65.86,66.33,4073665,BA
05-10-2010,67.02,68.98,67.02,68.6,7517772,BA
06-10-2010,68.61,69.39,68.41,68.58,4719126,BA
07-10-2010,68.97,69.14,67.8,68.46,5506142,BA
08-10-2010,68.47,69.71,68.15,69.23,3335682,BA
11-10-2010,69.51,70.25,69.23,69.99,3469356,BA
12-10-2010,70.16,70.6,68.91,70.22,4381517,BA
13-10-2010,70.73,72.17,70.66,71.47,6038876,BA
14-10-2010,71.73,72,70.85,71.36,3841826,BA
15-10-2010,71.85,71.9,70.05,70.11,5641988,BA
18-10-2010,70.19,71.05,70.03,70.23,4832596,BA
19-10-2010,69.57,69.96,68.35,69.05,4493842,BA
20-10-2010,70,71.94,69.57,71.36,8067660,BA
21-10-2010,71.61,71.88,70.57,71.5,4630931,BA
22-10-2010,71.38,71.63,70.61,71.26,3062553,BA
25-10-2010,71.68,72.49,71.47,71.66,4802975,BA
26-10-2010,71.1,71.65,70.73,71.3,3547112,BA
27-10-2010,70.87,71.11,69.71,70.86,3818178,BA
28-10-2010,71.3,71.79,70.35,71.27,4128092,BA
29-10-2010,71.15,71.46,70.36,70.64,3202225,BA
01-11-2010,70.71,71.89,69.91,70.48,3324632,BA
02-11-2010,70.85,70.98,68.8,69.78,6340501,BA
03-11-2010,69.66,69.73,68.04,68.94,4676861,BA
04-11-2010,70,71.58,69.78,70.85,5758303,BA
05-11-2010,70.85,71.65,70.5,71.27,3625799,BA
08-11-2010,70.06,70.41,69.75,70.21,4171524,BA
09-11-2010,70.27,70.55,68.83,69.25,4587423,BA
10-11-2010,67.69,67.69,66.79,67.07,10494604,BA
11-11-2010,66.55,66.7,65.04,65.37,10033682,BA
12-11-2010,65.01,65.25,63.01,63.09,16721476,BA
15-11-2010,63.35,64.1,62.62,63.61,10968680,BA
16-11-2010,63.35,63.35,61.84,62.78,9636736,BA
17-11-2010,62.67,63.02,62.17,62.5,8173227,BA
18-11-2010,63.35,64.72,62.72,64.61,11579001,BA
19-11-2010,64.53,64.74,63.39,63.59,8824612,BA
22-11-2010,63.02,64.17,62.8,64.03,5917125,BA
23-11-2010,63.43,64.11,63.1,63.6,6567822,BA
24-11-2010,64.38,65.58,64.02,65.41,6225932,BA
26-11-2010,65.09,65.46,64.67,64.8,2280773,BA
29-11-2010,64.33,64.7,63.44,64.36,4385199,BA
30-11-2010,63.73,64.21,63.47,63.77,5819079,BA
01-12-2010,64.66,65.79,64.52,65.72,7515183,BA
02-12-2010,65.62,66.8,65.55,66.59,4768256,BA
03-12-2010,66.58,66.68,65.95,66.54,3357522,BA
06-12-2010,66.41,66.96,65.97,66.59,3455003,BA
07-12-2010,67.04,67.39,66.01,66.23,4739511,BA
08-12-2010,66.19,66.56,64.92,65.18,5230594,BA
09-12-2010,65.61,65.61,64.4,64.61,5188492,BA
10-12-2010,64.63,64.77,63.96,64.16,5501949,BA
13-12-2010,64.23,64.38,63.63,63.79,4823758,BA
14-12-2010,63.85,65.11,63.68,64.49,6304424,BA
15-12-2010,64.29,64.69,64.09,64.24,3439085,BA
16-12-2010,64.33,64.85,63.71,64.4,5169047,BA
17-12-2010,64.89,65.28,64.35,65.03,8884612,BA
20-12-2010,64.74,64.77,62.82,63.27,9710920,BA
21-12-2010,63.61,64.35,63.28,64.19,5092820,BA
22-12-2010,64.45,65.14,64.01,64.61,5255958,BA
23-12-2010,64.56,65.12,64.33,65.06,3331288,BA
27-12-2010,64.73,64.91,64.33,64.75,2549101,BA
28-12-2010,64.81,65,64.33,64.86,2643380,BA
29-12-2010,65,65.2,64.62,65.05,2505431,BA
30-12-2010,65.11,65.23,64.73,65.01,2343020,BA
31-12-2010,64.9,65.29,64.62,65.26,2137676,BA
03-01-2011,66.15,66.68,66,66.4,8076267,BA
04-01-2011,66.79,67.61,66.51,66.94,7979820,BA
05-01-2011,66.55,67.55,66.49,67.48,5889933,BA
06-01-2011,67.46,69.35,67.46,68.8,7507113,BA
07-01-2011,69.16,70.1,68.8,69.38,6804987,BA
10-01-2011,69.42,69.66,68.35,69.09,4407094,BA
11-01-2011,69.47,69.88,68.67,68.96,4446521,BA
12-01-2011,69.6,70.49,69.51,70.15,5936214,BA
13-01-2011,70.29,70.5,69.62,69.83,4044835,BA
14-01-2011,69.55,70.2,69.39,70.07,4558410,BA
18-01-2011,70.86,72.57,70.23,72.47,9631611,BA
19-01-2011,72.68,72.99,71.18,71.73,8594621,BA
20-01-2011,71.35,71.96,70.36,71.12,6919150,BA
21-01-2011,71.91,72.22,71.34,71.68,4448839,BA
24-01-2011,71.52,72.82,71.51,72.73,5503636,BA
25-01-2011,72.49,72.73,71.31,72.24,5186610,BA
26-01-2011,69.99,70.48,69.11,70.02,13110999,BA
27-01-2011,70.01,71,70,70.56,5752015,BA
28-01-2011,70.8,70.95,69,69.23,5376413,BA
31-01-2011,69.26,69.96,69.12,69.48,4559711,BA
01-02-2011,70,70.5,69.6,70.29,4781902,BA
02-02-2011,69.83,71.19,69.8,71,4254074,BA
03-02-2011,71,71.38,70.62,70.98,5093983,BA
04-02-2011,70.9,71.64,70.68,71.38,4080392,BA
07-02-2011,71.43,72.11,71.15,71.93,4159276,BA
08-02-2011,72.17,72.82,72.02,72.71,4089156,BA
09-02-2011,72.39,72.71,72,72.63,4566257,BA
10-02-2011,72.43,72.99,71.85,72.66,4916926,BA
11-02-2011,72.24,72.69,71.92,72.14,4077796,BA
14-02-2011,72.7,72.7,71.6,72.26,4092314,BA
15-02-2011,71.92,72.02,71.09,71.4,4388197,BA
16-02-2011,71.71,72.62,71.46,72.48,4462368,BA
17-02-2011,72.42,72.51,71.94,72.24,3046369,BA
18-02-2011,72.13,73.52,72.13,73.04,5358705,BA
22-02-2011,72.35,72.49,70.38,70.93,5561369,BA
23-02-2011,70.94,71.49,70,70.23,5553517,BA
24-02-2011,70.35,72.5,70.09,70.76,7015671,BA
25-02-2011,73.94,74.29,72.06,72.3,8127868,BA
28-02-2011,72.47,72.9,71.7,72.01,4104971,BA
01-03-2011,71.93,72.23,69.99,70.12,5186546,BA
02-03-2011,70.11,70.4,68.6,69.57,7070647,BA
03-03-2011,70.13,71.83,70.13,71.71,5457873,BA
04-03-2011,71.8,71.87,70.28,71.8,5707248,BA
07-03-2011,71.6,72.07,69.91,70.88,5133965,BA
08-03-2011,71.48,72.5,71.18,72.04,5663929,BA
09-03-2011,72.01,72.42,71.33,72.09,5381980,BA
10-03-2011,71.31,72.39,70.51,71.29,5511190,BA
11-03-2011,70.29,71.89,70.26,71.64,3865232,BA
14-03-2011,71.17,71.23,69.9,70.74,4381158,BA
15-03-2011,68.34,70.23,68.34,69.69,6253202,BA
16-03-2011,69.23,69.67,67.34,67.69,9632331,BA
17-03-2011,68.58,69.03,67.85,68.3,4412615,BA
18-03-2011,69.21,69.58,68.67,69.1,5067064,BA
21-03-2011,70.29,71.68,70.04,71.2,5298771,BA
22-03-2011,71.18,72.1,70.72,71.85,4728887,BA
23-03-2011,71.62,73.07,71.14,72.72,5334654,BA
24-03-2011,73.24,73.33,72.33,72.76,4361482,BA
25-03-2011,72.94,73.5,72.33,73.34,4699751,BA
28-03-2011,73.5,73.69,73.11,73.3,3858494,BA
29-03-2011,73.07,73.93,73.03,73.62,4784479,BA
30-03-2011,73.93,74.14,73.35,73.8,3877633,BA
31-03-2011,73.81,74.47,73.47,73.93,4200252,BA
01-04-2011,74.29,74.85,73.94,74.01,3869760,BA
04-04-2011,73.38,74.11,73.37,73.95,3699819,BA
05-04-2011,73.51,74.45,72.71,73.23,5231998,BA
06-04-2011,73.33,73.93,72.8,73.72,4804410,BA
07-04-2011,73.74,74.58,73.68,74.29,4379128,BA
08-04-2011,74.66,74.85,73.04,73.47,3104783,BA
11-04-2011,73.65,74.28,73.5,73.76,2694958,BA
12-04-2011,73.22,73.58,72.96,73.08,3444077,BA
13-04-2011,73.33,73.71,71.55,72.13,5082925,BA
14-04-2011,71.83,72.47,70.88,72.3,4092711,BA
15-04-2011,72.45,72.98,72.02,72.6,4177618,BA
18-04-2011,72.72,73.28,71.75,72.79,6228799,BA
19-04-2011,72.97,73.63,72.64,73.15,4353471,BA
20-04-2011,74.21,75.32,74.15,75.07,6365139,BA
21-04-2011,75.43,75.74,75.08,75.44,3164199,BA
25-04-2011,75.51,75.56,74.68,74.9,2524915,BA
26-04-2011,75.31,75.85,75.01,75.55,5102817,BA
27-04-2011,76.03,77.31,75.05,76.12,7464019,BA
28-04-2011,76.03,78.86,76.02,78.55,7360867,BA
29-04-2011,78.88,80.34,78.85,79.78,8050416,BA
02-05-2011,80.35,80.65,79.16,79.53,5635900,BA
03-05-2011,79.24,80.21,79.01,79.51,4729968,BA
04-05-2011,79.7,80,78.76,78.84,5738602,BA
05-05-2011,78.52,79.74,78.09,78.45,4721112,BA
06-05-2011,79.14,80.04,78.97,79.31,4569364,BA
09-05-2011,79.31,80.15,79.15,79.64,3137617,BA
10-05-2011,79.76,80.42,79.76,79.95,3855888,BA
11-05-2011,79.64,79.8,78.73,79.08,3854565,BA
12-05-2011,79.04,79.75,78.48,79.41,3710234,BA
13-05-2011,79.61,80.09,78.56,79.03,3809897,BA
16-05-2011,78.66,78.81,77.65,77.77,3801072,BA
17-05-2011,77.61,77.73,75.83,76.68,5202027,BA
18-05-2011,76.78,77.49,76.6,77.14,3637977,BA
19-05-2011,77.41,78.45,77.25,78.02,3346199,BA
20-05-2011,77.89,77.99,77.26,77.52,4002819,BA
23-05-2011,76.55,76.76,75.77,76.28,3589447,BA
24-05-2011,76.46,76.71,75.24,75.57,3784298,BA
25-05-2011,75.26,76.78,75.13,76.32,4134831,BA
26-05-2011,76.54,76.92,75.94,76.66,4378219,BA
27-05-2011,77.03,77.5,76.62,76.99,3202670,BA
31-05-2011,77.8,78.35,77.41,78.03,4708759,BA
01-06-2011,77.95,78.1,75.26,75.35,5259475,BA
02-06-2011,75.44,76.34,75.3,75.69,3606253,BA
03-06-2011,74.71,75.05,74.09,74.84,4239243,BA
06-06-2011,74.76,75.27,74.42,74.58,3310389,BA
07-06-2011,74.79,75.1,74.16,74.18,3390458,BA
08-06-2011,74.13,74.4,73.65,73.85,3772183,BA
09-06-2011,73.83,74.55,73.43,74.18,2960724,BA
10-06-2011,73.81,74,72.61,72.69,5140712,BA
13-06-2011,73.06,73.41,72.69,72.94,4087214,BA
14-06-2011,73.34,75.02,73.19,74.64,4775610,BA
15-06-2011,74.07,75.51,73.57,73.85,6532419,BA
16-06-2011,73.74,74.58,73.45,74.01,4446439,BA
17-06-2011,74.62,74.93,73.76,74.16,5539477,BA
20-06-2011,73.96,74.8,73.51,74.52,3812425,BA
21-06-2011,75.02,75.02,73.78,73.98,5494429,BA
22-06-2011,73.59,73.66,72.06,72.12,7239345,BA
23-06-2011,71.17,71.63,70.29,71.25,8040670,BA
24-06-2011,71.37,71.57,70.73,71.26,6088445,BA
27-06-2011,71.44,71.94,71.33,71.62,4028127,BA
28-06-2011,71.82,72.24,71.4,72.09,3837837,BA
29-06-2011,72.22,72.96,71.86,72.72,3913885,BA
30-06-2011,73,74.1,72.9,73.93,4245732,BA
01-07-2011,73.81,74.73,73.8,74.27,3647775,BA
05-07-2011,74.17,74.73,73.85,74.15,3128376,BA
06-07-2011,74.13,75.16,74.01,74.74,3757881,BA
07-07-2011,75.33,76.2,74.85,75.99,4977837,BA
08-07-2011,75.58,75.58,74.57,75.07,4051169,BA
11-07-2011,74.17,74.73,73,73.35,4379012,BA
12-07-2011,73.62,73.86,71.79,71.93,5772914,BA
13-07-2011,72.56,73.25,71.86,72.17,4707779,BA
14-07-2011,71.94,72.32,71,71.19,5692256,BA
15-07-2011,71.7,71.71,70.85,71.28,4058557,BA
18-07-2011,70.66,70.7,69.07,69.55,7295227,BA
19-07-2011,70.11,70.99,69.31,70.53,7434351,BA
20-07-2011,71.12,73.3,70.76,72.07,8026155,BA
21-07-2011,72.58,73.25,72,72.89,4302417,BA
22-07-2011,73.19,73.19,72.24,72.67,2921707,BA
25-07-2011,71.38,72.01,71.01,71.31,3990748,BA
26-07-2011,71.38,71.44,69.86,70.16,7070440,BA
27-07-2011,71.73,73.2,70.53,70.63,9807768,BA
28-07-2011,71,72.33,70.59,70.66,5450001,BA
29-07-2011,70,71.11,69.25,70.47,5964349,BA
01-08-2011,71.61,71.63,69.53,70.33,5558320,BA
02-08-2011,69.56,70.29,67.69,67.7,7052360,BA
03-08-2011,67.89,68.11,66.1,67.34,6750274,BA
04-08-2011,66.36,66.38,63,63.09,10709104,BA
05-08-2011,64.09,64.45,61.41,62.75,11643681,BA
08-08-2011,61.1,61.81,58.61,58.71,5094870,BA
09-08-2011,60.04,62.46,58.76,62.34,14124373,BA
10-08-2011,60.92,61.2,57.23,57.41,13551335,BA
11-08-2011,57.65,59.57,56.01,58.85,15539708,BA
12-08-2011,59.98,61.87,59.16,61.75,10083494,BA
15-08-2011,62.06,62.73,61.37,62.7,6933515,BA
16-08-2011,61.73,62.98,61.41,62.23,6841309,BA
17-08-2011,62.44,62.92,61.61,62.18,6263385,BA
18-08-2011,60.4,60.72,58.22,58.93,8110316,BA
19-08-2011,58.3,59.43,57.47,57.54,9229886,BA
22-08-2011,59.14,59.36,58.04,58.38,6863980,BA
23-08-2011,58.7,60.77,58.19,60.77,6527734,BA
24-08-2011,60.59,61.91,60.45,61.69,4853747,BA
25-08-2011,62.05,62.39,60.5,61.1,6443765,BA
26-08-2011,60.64,62.97,60.13,62.8,6201405,BA
29-08-2011,63.99,64.78,63.6,64.6,4303837,BA
30-08-2011,65.23,66.54,64.8,66.03,6984939,BA
31-08-2011,66.69,67.29,66.14,66.86,6807902,BA
01-09-2011,66.96,67.73,66,66.05,6170146,BA
02-09-2011,65.01,65.15,63.71,64.03,4735530,BA
06-09-2011,61.91,62.9,61.22,62.77,6478737,BA
07-09-2011,63.94,65.21,63.42,64.9,5533286,BA
08-09-2011,64.34,64.5,62.61,62.81,6870363,BA
09-09-2011,62.11,63.09,61.44,61.79,5415796,BA
12-09-2011,60.83,62.53,60.33,62.39,5521573,BA
13-09-2011,62.3,63.59,62.03,62.85,5283518,BA
14-09-2011,63.05,64.07,61.64,63.03,5782902,BA
15-09-2011,63.65,64.61,63.45,64.32,5263658,BA
16-09-2011,64.78,65.75,64.52,65.38,6928142,BA
19-09-2011,64.08,64.4,62.95,64.15,4837107,BA
20-09-2011,64.36,64.64,63.5,63.56,3431623,BA
21-09-2011,63.54,63.82,60.99,61.02,4524971,BA
22-09-2011,59.33,59.59,57.53,58.72,12055693,BA
23-09-2011,58.57,59.77,58.06,59.51,6239605,BA
26-09-2011,60.8,62.27,60,62.01,7033126,BA
27-09-2011,64.13,64.28,62.41,62.78,6410587,BA
28-09-2011,63.28,64.05,61.81,61.92,4695911,BA
29-09-2011,63.2,63.7,61.36,62.37,6094328,BA
30-09-2011,61.5,62.18,60.45,60.51,5467806,BA
03-10-2011,60.1,61.53,57.85,58.25,8291484,BA
04-10-2011,57.53,59.23,56.9,59.14,7840037,BA
05-10-2011,58.9,60.04,58.65,59.96,5825511,BA
06-10-2011,60.01,61.79,59.45,61.48,5565869,BA
07-10-2011,61.91,62.96,61.43,61.81,5580750,BA
10-10-2011,62.87,64.19,62.75,64.03,4605390,BA
11-10-2011,63.66,64.25,63.5,63.97,3192271,BA
12-10-2011,64.46,65.23,64.13,64.32,5136547,BA
13-10-2011,63.78,64.09,63.05,63.53,3154622,BA
14-10-2011,64,64.28,63.41,63.89,3840122,BA
17-10-2011,63.34,63.51,61.66,61.78,4873358,BA
18-10-2011,61.93,64.24,61.33,63.47,6168142,BA
19-10-2011,62.61,64.27,62.53,63.11,4849491,BA
20-10-2011,63.01,63.73,62.18,62.49,6291595,BA
21-10-2011,63.31,64.64,63.1,64.59,6256627,BA
24-10-2011,64.41,65.06,63.92,64.75,5190758,BA
25-10-2011,64.81,64.95,63.55,63.72,6529645,BA
26-10-2011,67.56,67.9,65.8,66.56,12700760,BA
27-10-2011,68.59,68.76,67.18,67.68,8606967,BA
28-10-2011,67.55,68.39,67.31,68.17,6102840,BA
31-10-2011,67.12,67.49,65.74,65.79,6879758,BA
01-11-2011,64.23,64.34,62.37,63.17,8963221,BA
02-11-2011,63.97,64.76,63.83,64.4,5783293,BA
03-11-2011,65.16,66.37,64.5,66.19,4897485,BA
04-11-2011,65.59,65.95,65,65.8,3458005,BA
07-11-2011,65.71,66.4,65.17,66.29,3624148,BA
08-11-2011,66.44,66.8,65.45,66.65,4827016,BA
09-11-2011,65.17,65.7,64.33,64.55,5753946,BA
10-11-2011,65.09,65.6,64.59,64.83,3854985,BA
11-11-2011,65.43,67.26,65.43,66.92,4398215,BA
14-11-2011,68.89,68.97,67.7,67.94,6367008,BA
15-11-2011,67.9,68.34,67.05,67.94,5112765,BA
16-11-2011,67.13,67.66,66.2,66.34,5353206,BA
17-11-2011,67.2,67.35,65.41,66.09,7125002,BA
18-11-2011,66.93,67.85,66.29,67.46,7055691,BA
21-11-2011,66.32,66.45,64,65.56,8102833,BA
22-11-2011,65.3,65.44,63.88,64.35,5001801,BA
23-11-2011,63.62,63.75,62.33,62.36,4273077,BA
25-11-2011,62.16,63.62,62.12,62.78,2122270,BA
28-11-2011,64.53,65.63,64.53,64.99,4621077,BA
29-11-2011,65.02,66,64.84,65.26,5317818,BA
30-11-2011,67.08,68.75,66.99,68.69,8602614,BA
01-12-2011,68.7,71.71,68.51,70.98,12019243,BA
02-12-2011,71.7,71.98,70.93,71.3,7252534,BA
05-12-2011,72.28,72.76,70.35,71.09,8133778,BA
06-12-2011,70.92,71.59,70.8,70.87,4624791,BA
07-12-2011,70.3,71.51,69.64,70.6,6455898,BA
08-12-2011,70.46,71.13,69.83,70.17,6035125,BA
09-12-2011,70.81,72,70.41,71.93,5545848,BA
12-12-2011,71.51,71.96,70.18,70.9,5465587,BA
13-12-2011,71.67,72.65,70.62,70.9,7560205,BA
14-12-2011,70.35,71.54,69.72,69.94,6000866,BA
15-12-2011,70.81,70.95,70.05,70.61,4076632,BA
16-12-2011,71.11,72.37,70.56,71.01,8856028,BA
19-12-2011,71.2,71.62,69.91,70.16,3572696,BA
20-12-2011,71.23,72.68,71.23,72.44,5408685,BA
21-12-2011,72.73,73.71,72.06,73.59,5471785,BA
22-12-2011,73.83,74.74,73.48,74.29,5849305,BA
23-12-2011,74.53,74.71,73.6,73.97,3579473,BA
27-12-2011,73.68,74.49,73.37,74.27,2536693,BA
28-12-2011,74.48,74.6,73.03,73.26,2568121,BA
29-12-2011,73.44,74.36,73.31,74.11,2749261,BA
30-12-2011,73.86,74.08,73.24,73.35,2811743,BA
03-01-2012,74.7,75,74.12,74.22,6859222,BA
04-01-2012,74.1,74.6,73.59,74.33,4923063,BA
05-01-2012,73.77,73.9,72.74,73.53,6798561,BA
06-01-2012,73.73,74.27,72.95,73.98,4783280,BA
09-01-2012,74.81,74.87,74.18,74.53,4469933,BA
10-01-2012,75.13,75.34,74.5,75,4622548,BA
11-01-2012,74.78,74.95,74.23,74.74,3082660,BA
12-01-2012,74.81,75.69,74.78,75.51,3934504,BA
13-01-2012,75.04,75.2,74.16,74.6,4642012,BA
17-01-2012,75.3,76,75.14,75.24,3700019,BA
18-01-2012,74.95,75.45,74.77,75.06,4189925,BA
19-01-2012,75.27,75.92,75.1,75.56,5397265,BA
20-01-2012,75.68,75.9,74.96,75.52,4552369,BA
23-01-2012,75.66,76.37,75.32,75.51,4083937,BA
24-01-2012,75.06,75.62,74.6,75.36,4945839,BA
25-01-2012,73.97,76.7,72.85,75.82,14049068,BA
26-01-2012,75.84,76.36,75,75.31,4187609,BA
27-01-2012,74.8,75.23,74.4,74.55,4754604,BA
30-01-2012,73.99,74.35,73.68,74.16,5043622,BA
31-01-2012,74.51,75.2,73.96,74.18,4777251,BA
01-02-2012,74.96,75.89,74.96,75.37,4296501,BA
02-02-2012,75.2,75.33,74.5,75.22,3528072,BA
03-02-2012,76.09,76.74,75.86,76.34,3472759,BA
06-02-2012,75.26,75.55,75.16,75.46,4163247,BA
07-02-2012,75.04,75.35,74.3,75.2,4438621,BA
08-02-2012,74.71,75.65,74.51,75.46,5350337,BA
09-02-2012,75.78,76.23,75.37,75.9,4491173,BA
10-02-2012,75.45,75.56,74.57,74.95,3362453,BA
13-02-2012,75.5,75.51,74.75,74.85,3456593,BA
14-02-2012,75.51,75.57,74.9,75.56,4652130,BA
15-02-2012,75.86,76,75,75.21,4252431,BA
16-02-2012,75.04,75.47,74.87,75.27,4993960,BA
17-02-2012,75.53,75.55,75.02,75.35,4927482,BA
21-02-2012,75.67,75.95,75.08,75.72,3978086,BA
22-02-2012,75.56,76.3,75.31,76.06,3764747,BA
23-02-2012,75.76,76.17,75.52,75.85,4187674,BA
24-02-2012,75.75,76.64,75.63,76.06,3346959,BA
27-02-2012,75.69,75.78,75.01,75.21,5379304,BA
28-02-2012,75.18,75.41,74.81,75.16,3667760,BA
29-02-2012,75.28,75.72,74.75,74.95,4633018,BA
01-03-2012,74.96,75.63,74.86,75.08,3343441,BA
02-03-2012,75.07,75.28,74.63,74.9,2806509,BA
05-03-2012,74.95,74.98,73.93,74.13,4157820,BA
06-03-2012,73.24,73.24,72.3,72.56,5456237,BA
07-03-2012,72.58,73.7,72.51,73.52,4278942,BA
08-03-2012,74.27,74.7,73.83,74.17,3881176,BA
09-03-2012,74.14,74.31,73.17,73.29,5537742,BA
12-03-2012,73.2,74.03,73.2,73.6,2833818,BA
13-03-2012,73.88,74.35,73.38,74.31,4533277,BA
14-03-2012,74.32,75.38,74.31,75.23,5297076,BA
15-03-2012,75.5,75.63,74.88,75.43,4850646,BA
16-03-2012,75.76,75.81,75,75.2,7079832,BA
19-03-2012,75,75.69,75,75.4,2683796,BA
20-03-2012,75.09,75.47,74.52,75.14,4384050,BA
21-03-2012,75.05,75.46,74.8,75.01,3644039,BA
22-03-2012,74.62,74.66,73.37,73.92,4921380,BA
23-03-2012,74.05,74.34,73.75,73.97,2518614,BA
26-03-2012,74.52,75.23,74.47,75.18,3715860,BA
27-03-2012,75.11,75.25,74.8,74.81,3510684,BA
28-03-2012,74.99,75.29,73.9,74.33,3412147,BA
29-03-2012,73.77,74.15,72.95,74.08,3587511,BA
30-03-2012,74.32,74.44,73.78,74.37,3204110,BA
02-04-2012,74,75.48,73.61,75.17,4104580,BA
03-04-2012,75,75.11,74.15,74.65,3485900,BA
04-04-2012,73.97,74.19,73.49,73.67,2490420,BA
05-04-2012,73.42,73.89,73.3,73.59,2640176,BA
09-04-2012,72.63,72.79,72.27,72.43,2443561,BA
10-04-2012,72.25,72.31,70.59,70.6,5340337,BA
11-04-2012,71.63,72.51,71.49,71.77,5100061,BA
12-04-2012,71.69,73.83,71.69,73.5,3938960,BA
13-04-2012,73.18,73.38,72.37,72.92,3329065,BA
16-04-2012,72.98,73.19,72.3,72.68,4800373,BA
17-04-2012,73.13,74.36,73.1,74.09,3345339,BA
18-04-2012,73.58,74.24,73.47,73.71,2248878,BA
19-04-2012,73.73,73.96,72.66,73.1,3729518,BA
20-04-2012,73.27,74.03,73.1,73.55,4302019,BA
23-04-2012,72.69,73.13,72.17,72.86,5022483,BA
24-04-2012,73.21,73.74,72.77,73.21,3665410,BA
25-04-2012,75.05,77.5,74.9,77.08,10622471,BA
26-04-2012,76.71,77.2,76.55,76.99,4704744,BA
27-04-2012,77.28,77.57,76.9,77.27,3756644,BA
30-04-2012,76.51,76.87,75.68,76.8,5811059,BA
01-05-2012,76.59,77.83,75.85,77.25,4287855,BA
02-05-2012,76.77,77.5,76.34,77.26,3073459,BA
03-05-2012,77.13,77.33,76.52,76.83,3305192,BA
04-05-2012,76.35,76.56,75.5,75.84,3366323,BA
07-05-2012,75.79,76.08,75.37,75.96,3551718,BA
08-05-2012,75.38,75.6,74.55,75.4,4033939,BA
09-05-2012,74.25,74.86,73.32,74.05,3926975,BA
10-05-2012,74.46,75.07,73.63,73.8,2952733,BA
11-05-2012,73.59,74.11,73.25,73.56,3188953,BA
14-05-2012,72.89,73.79,72.35,73.12,3585624,BA
15-05-2012,73,73.67,72.42,72.58,3252323,BA
16-05-2012,72.82,73.51,72.29,72.35,3648392,BA
17-05-2012,72.31,72.48,69.46,69.73,6173903,BA
18-05-2012,69.95,70.34,68.93,69.15,5597367,BA
21-05-2012,70.46,71.85,70.14,71.78,4709898,BA
22-05-2012,71.65,72.21,71.08,71.48,4269380,BA
23-05-2012,70.69,71.63,69.92,71.57,4222625,BA
24-05-2012,71.64,71.95,70.25,71.39,2942602,BA
25-05-2012,71.21,71.39,69.66,70,5163399,BA
29-05-2012,70.28,70.5,69.75,70.4,3973690,BA
30-05-2012,69.88,70.09,69.25,69.39,4677582,BA
31-05-2012,69.54,70.11,69.07,69.61,4191450,BA
01-06-2012,68.67,68.88,67.14,67.24,5594282,BA
04-06-2012,68.15,68.15,67.05,67.5,5478845,BA
05-06-2012,67.31,67.7,66.82,67.58,3747728,BA
06-06-2012,67.97,69.02,67.96,69.02,4050424,BA
07-06-2012,69.57,70.33,69.43,69.95,4004502,BA
08-06-2012,69.66,69.97,69.27,69.94,3933572,BA
11-06-2012,70.61,70.85,69.8,70.11,4369378,BA
12-06-2012,70.93,72.82,70.74,72.58,6458167,BA
13-06-2012,72.41,72.7,71.58,72.06,4720247,BA
14-06-2012,72.08,72.3,71.39,71.85,5822847,BA
15-06-2012,72.09,72.38,71.58,71.99,5312746,BA
18-06-2012,71.69,72.34,71.25,71.9,3435372,BA
19-06-2012,72.36,73.22,72.02,72.92,4167103,BA
20-06-2012,72.7,73.46,72.35,73.01,3468694,BA
21-06-2012,73.35,73.62,71.25,71.37,3660254,BA
22-06-2012,71.55,72.1,71.07,71.96,3278260,BA
25-06-2012,71.81,71.92,71.03,71.05,4116613,BA
26-06-2012,71.3,71.63,70.48,70.93,2757976,BA
27-06-2012,70.98,72.04,70.95,71.87,2514547,BA
28-06-2012,71.15,71.74,70.63,71.58,3144751,BA
29-06-2012,73.06,74.37,72.89,74.3,4419908,BA
02-07-2012,74.21,74.74,72.45,73.18,4893337,BA
03-07-2012,73.08,74.27,73.08,74.27,2166183,BA
05-07-2012,74.38,74.74,73.85,74.44,2539193,BA
06-07-2012,73.78,73.81,72.9,73.69,3579766,BA
09-07-2012,74.27,74.85,73.8,74.03,4357834,BA
10-07-2012,74.63,75.05,72.89,73.22,4756701,BA
11-07-2012,72.69,72.76,71.23,71.52,6073803,BA
12-07-2012,71.2,72.02,70.85,71.71,5799745,BA
13-07-2012,71.93,73.56,71.85,73.51,3616090,BA
16-07-2012,73.13,73.19,72.25,72.97,3538397,BA
17-07-2012,73.25,73.51,72.04,73.11,2775615,BA
18-07-2012,72.71,74.44,72.71,73.89,3756167,BA
19-07-2012,73.99,75.1,73.7,74.86,4543120,BA
20-07-2012,74.5,74.8,73.61,73.89,3148117,BA
23-07-2012,72.31,73.08,71.58,72.91,3433911,BA
24-07-2012,72.87,73.17,71.35,72.03,3866628,BA
25-07-2012,74.2,74.48,72.7,74.03,6131400,BA
26-07-2012,75.13,75.96,74.27,74.91,4949365,BA
27-07-2012,75.58,75.94,75.08,75.51,4066995,BA
30-07-2012,74.6,75.59,74.43,74.86,4999974,BA
31-07-2012,74.82,75.06,73.88,73.91,3978771,BA
01-08-2012,74.32,74.48,72.64,72.77,4696302,BA
02-08-2012,72.39,72.52,71.16,71.99,4430747,BA
03-08-2012,73.13,73.34,72.68,72.81,4589413,BA
06-08-2012,73.21,73.33,72.71,72.89,3758848,BA
07-08-2012,73.27,74.55,72.93,74.46,4717134,BA
08-08-2012,74.03,74.69,74.01,74.6,3410688,BA
09-08-2012,74.61,74.61,73.91,74.28,2388271,BA
10-08-2012,73.87,74.31,73.76,74.21,2843560,BA
13-08-2012,73.71,74.43,73.6,74.19,2379856,BA
14-08-2012,74.3,74.44,73.6,73.81,2617880,BA
15-08-2012,73.34,73.65,72.75,73.07,3278123,BA
16-08-2012,73.1,73.75,73.02,73.64,2802732,BA
17-08-2012,73.69,73.98,73.4,73.91,3235758,BA
20-08-2012,73.61,74,73.34,73.83,2481972,BA
21-08-2012,74.09,74.36,73.12,73.27,3136740,BA
22-08-2012,73.34,73.6,72.55,72.8,4245048,BA
23-08-2012,72.09,72.15,70.02,70.36,9433833,BA
24-08-2012,70.32,71.17,70.05,71.09,5351394,BA
27-08-2012,70.95,71.78,70.88,71.38,3538075,BA
28-08-2012,71.18,71.85,71.05,71.52,3029274,BA
29-08-2012,71.64,71.99,71.13,71.44,2687111,BA
30-08-2012,71.05,71.13,70.5,70.82,3393096,BA
31-08-2012,71.27,71.75,70.61,71.4,3171737,BA
04-09-2012,70.7,71.5,70.4,70.87,3916796,BA
05-09-2012,71.38,72.05,71.11,71.92,4946887,BA
06-09-2012,72.37,73.27,72.37,72.82,4358906,BA
07-09-2012,72.87,73.03,72.55,72.89,3080445,BA
10-09-2012,72.31,72.32,70.81,71.08,8354695,BA
11-09-2012,71.19,71.67,71.15,71.27,3951692,BA
12-09-2012,71.43,71.68,70.8,70.96,4400715,BA
13-09-2012,70.68,71.99,70.44,71.58,5320329,BA
14-09-2012,72.02,72.43,71,71.28,6530818,BA
17-09-2012,70.77,70.82,69.89,69.92,6918255,BA
18-09-2012,69.86,70.46,69.56,70.45,5490414,BA
19-09-2012,70.74,70.74,69.88,69.9,5194477,BA
20-09-2012,69.35,69.86,69.03,69.85,4875211,BA
21-09-2012,70.09,70.15,69.47,69.97,13164383,BA
24-09-2012,69.45,70.18,69.21,70.03,5037975,BA
25-09-2012,70.29,70.49,69.38,69.38,4086826,BA
26-09-2012,69.34,70.51,69.31,70.25,5256491,BA
27-09-2012,70.4,70.55,69.71,70.1,4147748,BA
28-09-2012,69.75,70.05,69.18,69.6,4057939,BA
01-10-2012,69.86,70.66,69.8,70.01,4012594,BA
02-10-2012,70.11,70.3,69.2,69.53,3077829,BA
03-10-2012,69.9,70,69.36,69.86,3106358,BA
04-10-2012,70.24,70.38,69.72,69.94,2818315,BA
05-10-2012,70.26,71.25,70.21,70.89,3741887,BA
08-10-2012,70.72,71.19,70.55,70.57,2838886,BA
09-10-2012,70.7,71.21,70.36,70.64,4116678,BA
10-10-2012,70.8,71.3,70.23,70.34,3642987,BA
11-10-2012,70.9,71.55,70.8,70.83,3183197,BA
12-10-2012,71.08,72.24,71,71.85,4345945,BA
15-10-2012,71.85,72.28,71.68,72.25,3858161,BA
16-10-2012,72.76,73.71,72.5,73.48,4799328,BA
17-10-2012,73.74,73.9,72.63,73.63,6061830,BA
18-10-2012,73.52,74.26,73.24,74.26,3414174,BA
19-10-2012,74.03,74.23,73.59,74.01,5407949,BA
22-10-2012,73.8,74.15,73.25,73.7,4420288,BA
23-10-2012,72.99,73.23,72.61,72.82,4545053,BA
24-10-2012,74.95,75,72.25,72.71,8346715,BA
25-10-2012,73.05,73.09,70.65,71.54,8193720,BA
26-10-2012,71.16,71.58,70.55,71.11,4390017,BA
31-10-2012,71.35,71.45,70.27,70.44,3778634,BA
01-11-2012,70.59,71.56,70.44,70.79,3993286,BA
02-11-2012,71,71.36,69.96,70.05,4400678,BA
05-11-2012,69.87,70.6,69.85,70.41,3832980,BA
06-11-2012,70.47,72.44,70.47,72.02,4923787,BA
07-11-2012,70.69,70.77,69.3,70.11,6675666,BA
08-11-2012,70.13,71.32,70.09,70.98,7364606,BA
09-11-2012,70.76,73.3,70.6,73.25,10270019,BA
12-11-2012,73.41,74.18,73.28,73.69,6497530,BA
13-11-2012,73.02,74.25,72.84,73.36,7294774,BA
14-11-2012,73.34,73.65,71.12,71.29,6064152,BA
15-11-2012,71.22,71.99,70.78,71.04,3928498,BA
16-11-2012,71.19,71.22,70.29,70.77,4858096,BA
19-11-2012,71.49,72.08,71.08,71.96,3475812,BA
20-11-2012,71.87,72.8,71.79,72.54,3160944,BA
21-11-2012,72.54,73.86,72.39,73.15,3119793,BA
23-11-2012,73.35,73.75,73.08,73.74,1579122,BA
26-11-2012,73.4,74.3,73.2,74.27,3709199,BA
27-11-2012,74.12,74.54,73.6,74.49,5355769,BA
28-11-2012,74,74.24,73.15,74.09,4245866,BA
29-11-2012,74.36,74.86,73.84,74.12,2999447,BA
30-11-2012,74.36,74.66,73.86,74.28,3865796,BA
03-12-2012,74.41,74.49,73.57,74.02,3723899,BA
04-12-2012,73.89,74.71,73.73,74.05,3827693,BA
05-12-2012,73.94,74.45,73.18,73.87,3818731,BA
06-12-2012,73.8,73.99,72.93,73.98,3895332,BA
07-12-2012,74.09,74.66,73.62,74.64,3717989,BA
10-12-2012,74.62,75.58,74.43,75.53,5323756,BA
11-12-2012,75.62,76.05,75.5,75.82,5960259,BA
12-12-2012,75.84,76.04,75.26,75.47,5191360,BA
13-12-2012,75.42,75.49,74.1,74.32,4977514,BA
14-12-2012,74.33,74.66,73.87,74.02,4209711,BA
17-12-2012,74.2,74.66,73.53,74.65,5539593,BA
18-12-2012,74.3,75.7,74.14,75.52,5767414,BA
19-12-2012,75.61,76.19,75.3,75.51,6075784,BA
20-12-2012,75.75,76.24,75.51,76.2,4600235,BA
21-12-2012,75.08,76.22,74.58,76.17,6831412,BA
24-12-2012,75.89,76.56,75.53,75.97,1931863,BA
26-12-2012,75.97,76.3,75.75,76.02,2710298,BA
27-12-2012,76.01,76.3,75.01,75.83,4041378,BA
28-12-2012,75.21,75.74,74.56,74.69,2970631,BA
31-12-2012,74.61,75.41,74,75.36,4938977,BA
02-01-2013,76.55,77.33,76.45,77.07,5036483,BA
03-01-2013,76.99,77.98,76.37,77.47,3987181,BA
04-01-2013,77.79,78.02,77.44,77.69,3431684,BA
07-01-2013,77.54,77.69,75.34,76.13,7173813,BA
08-01-2013,75.24,75.81,73.11,74.13,20273061,BA
09-01-2013,74.92,76.81,74.91,76.76,10916299,BA
10-01-2013,76.93,77.12,76.16,77.09,5026550,BA
11-01-2013,75.71,76.1,74.6,75.16,9811413,BA
14-01-2013,75.23,76.59,74.9,76.55,6221379,BA
15-01-2013,76.21,76.98,76.18,76.94,3900576,BA
16-01-2013,73.85,74.64,73.56,74.34,18211993,BA
17-01-2013,72.78,75.63,72.68,75.26,21867122,BA
18-01-2013,75.16,75.16,74.29,75.04,10830844,BA
22-01-2013,74.12,74.27,73.77,74.16,9162114,BA
23-01-2013,73.99,74.59,73.45,74.29,7784976,BA
24-01-2013,74.41,75.54,74.41,75.32,7293860,BA
25-01-2013,75.29,75.42,74.79,75.03,6165671,BA
28-01-2013,73.9,74.65,73.89,74,7759785,BA
29-01-2013,74.24,74.24,73,73.65,9297972,BA
30-01-2013,74.42,74.75,73.73,74.59,10048671,BA
31-01-2013,74.5,74.62,73.76,73.87,7640885,BA
01-02-2013,74.49,75.07,74.23,74.87,6749743,BA
04-02-2013,74.29,75.53,74.25,75.21,5802301,BA
05-02-2013,75.69,76.98,75.61,75.89,6831394,BA
06-02-2013,75.47,76.3,75.4,76.29,4717680,BA
07-02-2013,76.32,77.54,76.28,77.43,7773199,BA
08-02-2013,77.24,77.4,76.28,76.56,5100624,BA
11-02-2013,76.42,76.44,75.85,75.87,3677236,BA
12-02-2013,76.06,76.25,75.83,75.99,3597563,BA
13-02-2013,75.67,75.83,74.62,74.78,4313560,BA
14-02-2013,74.69,75.31,74.54,74.93,3830920,BA
15-02-2013,75.26,75.26,74.72,75.03,3650898,BA
19-02-2013,74.99,75.19,74.27,74.65,3882711,BA
20-02-2013,75.64,76.25,74.75,74.78,7553910,BA
21-02-2013,74.96,76.18,74.91,76.01,7443272,BA
22-02-2013,76.7,77.03,76.48,76.66,5391246,BA
25-02-2013,76.83,76.9,75.03,75.03,4936331,BA
26-02-2013,75.43,75.91,75.14,75.65,3442825,BA
27-02-2013,75.53,77.92,75.53,77.36,7162597,BA
28-02-2013,77.24,77.73,76.4,76.9,5594624,BA
01-03-2013,76.7,77.59,76.58,77.28,6024212,BA
04-03-2013,76.95,77.4,76.17,77.09,4750623,BA
05-03-2013,77.45,78.85,77.11,78.66,5694533,BA
06-03-2013,78.67,79.28,78.49,79.08,3830404,BA
07-03-2013,79.37,81.95,79.37,81.05,10030550,BA
08-03-2013,81.16,81.7,80.72,81.23,5232626,BA
11-03-2013,81.01,83.03,80.96,82.94,5088509,BA
12-03-2013,83.1,84.62,83,84.16,6604787,BA
13-03-2013,84.38,84.85,83.52,84.75,7752163,BA
14-03-2013,84.62,85.1,84.12,84.62,5031187,BA
15-03-2013,84.75,86.49,84.5,86.43,8211037,BA
18-03-2013,85.07,85.77,85.04,85.18,4804372,BA
19-03-2013,85.53,86,85.24,85.51,5381154,BA
20-03-2013,85.85,86.14,85.18,85.37,3783484,BA
21-03-2013,85.2,85.83,84.18,84.33,3672315,BA
22-03-2013,84.52,85.1,84.52,84.82,2850589,BA
25-03-2013,85.03,85.48,84.34,84.85,3528393,BA
26-03-2013,85.43,86.84,85.41,86.62,5085200,BA
27-03-2013,85.75,86.42,85.05,86.2,3187158,BA
28-03-2013,86.41,86.5,85.42,85.85,4884493,BA
01-04-2013,85.6,86.19,85.03,85.25,2867848,BA
02-04-2013,85.39,85.5,83.8,84.09,4764894,BA
03-04-2013,84.3,85.35,84.07,84.36,3885015,BA
04-04-2013,84.79,85.02,84.21,84.95,3353966,BA
05-04-2013,84.07,86.3,83.91,86.17,6113106,BA
08-04-2013,86.01,86.81,85.38,86.75,5004996,BA
09-04-2013,87.12,87.49,86.19,87.21,6058380,BA
10-04-2013,87.34,88.56,87.06,87.82,4635530,BA
11-04-2013,87.96,89.46,87.84,88.53,5394606,BA
12-04-2013,88.29,88.93,88,88.89,2588749,BA
15-04-2013,88.44,88.77,86.77,86.77,4325217,BA
16-04-2013,87.45,88.35,86.43,86.89,5234308,BA
17-04-2013,86.47,87,85.78,86.69,3781040,BA
18-04-2013,87.06,87.16,85.75,86.12,2792751,BA
19-04-2013,87.57,88.08,86.57,87.96,6323820,BA
22-04-2013,88.08,88.08,86.44,86.94,4248652,BA
23-04-2013,87.35,88.51,87.2,88.18,3131828,BA
24-04-2013,91.95,92.65,90.42,90.83,9231699,BA
25-04-2013,91.35,92.62,90.07,91.67,5767232,BA
26-04-2013,91.89,93.38,91.67,92.85,5912789,BA
29-04-2013,91.4,92.41,91.19,91.9,6267434,BA
30-04-2013,91.35,91.99,90.82,91.41,4715213,BA
01-05-2013,91.08,91.75,90.72,91.18,4567249,BA
02-05-2013,91.24,92.82,91.2,92.21,4515255,BA
03-05-2013,92.85,93.95,92.67,93.74,4700594,BA
06-05-2013,93.44,94.78,93.36,94.19,5504729,BA
07-05-2013,94.31,95.04,94.06,94.79,3859164,BA
08-05-2013,94.31,94.44,93.77,94.04,3204852,BA
09-05-2013,94.07,95.15,94.04,94.61,3677474,BA
10-05-2013,94.75,94.99,93.82,94.24,3919015,BA
13-05-2013,94.12,95.16,94.1,94.76,3492288,BA
14-05-2013,94.92,96.19,94.7,96.11,4646855,BA
15-05-2013,95.69,97.47,95.6,97.02,4876645,BA
16-05-2013,96.89,97.2,96.3,96.58,5038181,BA
17-05-2013,97.02,99.04,97,98.92,7409276,BA
20-05-2013,99.12,99.33,98.52,98.72,6535532,BA
21-05-2013,98.59,99.05,97.9,98.75,4415942,BA
22-05-2013,98.86,99.48,97.86,97.93,8400254,BA
23-05-2013,97.18,99.99,97.06,99.75,6975739,BA
24-05-2013,99.75,100.58,98.85,100,6746242,BA
28-05-2013,100.85,101.47,100.11,100.11,5736168,BA
29-05-2013,99.56,100.03,98.9,99.09,4405998,BA
30-05-2013,99.29,100.99,99.06,100.54,4784702,BA
31-05-2013,100.21,100.95,99.02,99.02,4221344,BA
03-06-2013,99.36,100.9,99.3,100.74,6473978,BA
04-06-2013,100.48,100.92,99.08,99.61,3769792,BA
05-06-2013,99.34,99.71,98.05,98.49,5151728,BA
06-06-2013,98.65,99.81,98.42,99.76,4131945,BA
07-06-2013,100.25,102.59,100.06,102.49,5733850,BA
10-06-2013,102.51,102.95,101.51,102.24,4047589,BA
11-06-2013,101.61,102.78,100.9,101.75,3142597,BA
12-06-2013,102.19,102.42,100.61,100.88,2936428,BA
13-06-2013,100.96,102.34,100.85,102.16,4079190,BA
14-06-2013,102.16,103.22,101.5,101.83,3944064,BA
17-06-2013,102.69,103.52,102.52,103.03,4217338,BA
18-06-2013,103.22,104.15,102.65,104.08,4040148,BA
19-06-2013,103.83,104.15,102.24,102.25,4187442,BA
20-06-2013,101.46,101.86,99.38,99.64,7117353,BA
21-06-2013,100.08,100.14,97.42,99.98,10330539,BA
24-06-2013,99.06,99.46,96.31,97.85,5585833,BA
25-06-2013,99.2,99.66,98.18,98.67,3558674,BA
26-06-2013,99.65,101.39,99.57,100.75,5273416,BA
27-06-2013,102.41,103.52,102.01,103.15,6579618,BA
28-06-2013,102.86,103.49,102.32,102.44,5434514,BA
01-07-2013,102.93,104.02,102.93,103.24,4091377,BA
02-07-2013,103.22,103.25,100.82,101.47,4147030,BA
03-07-2013,101.01,103.04,100.78,102.89,2897289,BA
05-07-2013,103.7,104.2,102.75,104.2,3673655,BA
08-07-2013,104,105.1,103.44,104.37,4222625,BA
09-07-2013,105.27,105.75,104.46,104.68,3992758,BA
10-07-2013,104.5,105.6,104.41,105.5,3872796,BA
11-07-2013,106.43,107.46,106.29,106.88,4530630,BA
12-07-2013,106.86,108.15,98.99,101.87,44397607,BA
15-07-2013,103.83,105.87,103.1,105.66,13172393,BA
16-07-2013,105.69,105.8,103.78,104.23,5839917,BA
17-07-2013,104.45,105.43,104.42,104.79,3931771,BA
18-07-2013,104.96,107.98,104.8,107.63,8056273,BA
19-07-2013,107.13,107.13,105.61,106.96,5997661,BA
22-07-2013,107.27,107.32,106.45,106.86,4169200,BA
23-07-2013,107.18,107.98,106.34,107.79,5087766,BA
24-07-2013,109.24,109.49,106.26,106.95,7725459,BA
25-07-2013,106.36,107.12,105.85,106.7,5267679,BA
26-07-2013,106.22,106.22,105.31,105.6,4219612,BA
29-07-2013,103.52,105.12,103.5,104.81,4042709,BA
30-07-2013,104.94,106.01,104.8,105.73,5022852,BA
31-07-2013,105.92,106.28,104.99,105.1,4488246,BA
01-08-2013,105.99,107,105.78,106.7,4911611,BA
02-08-2013,106,107.95,106,107.9,4226284,BA
05-08-2013,107.14,107.8,107.14,107.5,3559539,BA
06-08-2013,107.35,107.71,106.62,107.04,5201401,BA
07-08-2013,106.21,106.68,105.52,106.42,3158622,BA
08-08-2013,106.68,107.24,105.83,105.84,3741933,BA
09-08-2013,105.37,106.15,104.88,105.33,3326608,BA
12-08-2013,104.86,105.07,104.05,104.24,3831189,BA
13-08-2013,104.31,106.55,104.27,106.23,3578667,BA
14-08-2013,106.16,106.16,104.07,104.16,4483471,BA
15-08-2013,103.19,103.29,101.77,102.73,4360462,BA
16-08-2013,102.82,103.94,102.7,103.47,3469146,BA
19-08-2013,103,105.2,102.88,104.72,3512246,BA
20-08-2013,104.69,105.08,104.55,104.63,3452518,BA
21-08-2013,104.47,104.76,103.6,103.91,3645966,BA
22-08-2013,103.88,105.5,103.88,105.14,2857798,BA
23-08-2013,105.5,105.5,104.8,105.48,3017610,BA
26-08-2013,105.75,106.52,105.21,105.53,2481846,BA
27-08-2013,104.4,105.14,103.06,103.21,4376994,BA
28-08-2013,103.1,103.82,102.57,103.27,2816450,BA
29-08-2013,103.28,105.44,103,104.93,3096082,BA
30-08-2013,104.92,104.96,103.6,103.92,2724025,BA
03-09-2013,105.13,105.83,104.66,105.01,3661615,BA
04-09-2013,105.05,107.12,104.62,106.37,3838278,BA
05-09-2013,106.16,106.98,105.67,106.65,2590735,BA
06-09-2013,107,107.38,105.11,106.07,3265329,BA
09-09-2013,106.58,107.38,106.56,107.19,2908929,BA
10-09-2013,107.64,108.45,107.4,108.17,3847983,BA
11-09-2013,108.25,109.23,107.8,109.23,3300907,BA
12-09-2013,109.19,110.22,109.14,109.8,4766993,BA
13-09-2013,109.93,111.33,109.56,111.33,3506330,BA
16-09-2013,113.73,115.89,113.26,115.67,7733172,BA
17-09-2013,115.78,117.48,115.59,117.11,5309565,BA
18-09-2013,117.28,119.52,116.55,118.4,6324978,BA
19-09-2013,119.22,120.38,118.81,119.04,5766757,BA
20-09-2013,119.15,119.22,116.63,116.63,8753867,BA
23-09-2013,117.15,118.37,115.8,117.51,5450676,BA
24-09-2013,117.19,119.89,116.8,119,5019971,BA
25-09-2013,119.32,119.61,118.16,118.51,3567130,BA
26-09-2013,118.71,119.5,118.51,119.38,2822340,BA
27-09-2013,118.51,119.17,117.79,118.74,2848897,BA
30-09-2013,117.35,117.9,116.37,117.5,4034108,BA
01-10-2013,117.97,118.3,117.08,117.75,2884661,BA
02-10-2013,117.38,117.84,116.28,117.84,2873420,BA
03-10-2013,117.35,117.49,114.73,115.24,4456126,BA
04-10-2013,115.27,117.26,115.25,117.2,3998636,BA
07-10-2013,115.51,117.17,115.4,116.69,3822780,BA
08-10-2013,116.67,117.32,115.42,115.44,4575837,BA
09-10-2013,115.4,115.4,113.34,114.47,4723998,BA
10-10-2013,116.1,119,115.91,118.9,5636664,BA
11-10-2013,118.6,119.4,117.83,117.98,4505457,BA
14-10-2013,117.42,119.55,116.69,119.46,3617844,BA
15-10-2013,119.42,119.59,118.14,118.18,2750359,BA
16-10-2013,118.78,120.66,118.75,120.34,4036883,BA
17-10-2013,119.81,122.39,119.81,122.29,4114422,BA
18-10-2013,122.5,122.86,121.25,122.52,3926045,BA
21-10-2013,122.69,122.74,121.06,121.47,3207874,BA
22-10-2013,122,123.8,121.88,122.48,4439091,BA
23-10-2013,126,129.99,125.9,129.02,10768024,BA
24-10-2013,129.01,129.57,127.94,128.98,4976759,BA
25-10-2013,129.25,131.43,128.22,131.19,5470358,BA
28-10-2013,128.75,130.46,128.64,129.88,4660646,BA
29-10-2013,129.35,129.88,128.76,129.66,3608650,BA
30-10-2013,129.56,131.43,129.02,129.68,4122685,BA
31-10-2013,129.84,131.88,129.55,130.5,4932332,BA
01-11-2013,130.9,133.5,130.9,133.03,4582823,BA
04-11-2013,133.75,133.99,132.46,132.79,3916422,BA
05-11-2013,132.03,133.74,130.59,133.57,4077522,BA
06-11-2013,134.02,134.58,132.68,133.09,3752871,BA
07-11-2013,133.44,133.93,131.35,131.51,3827360,BA
08-11-2013,131.28,133.9,130.95,133.49,4790874,BA
11-11-2013,133.14,133.33,132.12,132.53,2962158,BA
12-11-2013,132.4,133.08,131.97,132.33,2852933,BA
13-11-2013,131.92,133.49,131.1,133.17,3578750,BA
14-11-2013,133.7,135.38,133.17,135.09,3279679,BA
15-11-2013,135.36,136.56,134.54,136.08,4498336,BA
18-11-2013,140.25,142,137.77,138.36,8163759,BA
19-11-2013,138.5,138.79,136.7,136.98,3953986,BA
20-11-2013,135.8,135.89,132.29,132.45,8636721,BA
21-11-2013,132.45,133.29,131.2,132.93,4700982,BA
22-11-2013,133.49,136.12,133.43,135.97,4290226,BA
25-11-2013,134.01,134.86,130.58,133,7181987,BA
26-11-2013,133,135.44,132.56,134.78,4200762,BA
27-11-2013,135.05,136.3,134.17,134.72,3350895,BA
29-11-2013,134.82,135.23,134.18,134.25,1680858,BA
02-12-2013,134.99,135.46,133.62,134.16,3378700,BA
03-12-2013,133.93,133.93,131.92,132,5172852,BA
04-12-2013,131.73,132.15,130.55,131.5,5137557,BA
05-12-2013,131.26,133.1,131.25,132.73,3665121,BA
06-12-2013,134.58,135.75,134,135.18,5342218,BA
09-12-2013,135.49,135.95,134.57,134.68,3799094,BA
10-12-2013,133.65,135.04,132.18,133.7,4062666,BA
11-12-2013,133.7,133.81,132.44,132.56,3358282,BA
12-12-2013,132.11,133.65,131.9,132.96,3617676,BA
13-12-2013,133.51,134.25,133.14,133.83,3140252,BA
16-12-2013,134.3,135.2,133.94,134.72,3979454,BA
17-12-2013,138.1,138.1,135.36,135.88,6753016,BA
18-12-2013,135.86,136.44,132.84,135.49,5635083,BA
19-12-2013,135.12,136.23,133.94,135.17,3177232,BA
20-12-2013,135.49,137.85,135.49,136.67,5459719,BA
23-12-2013,137.69,138.09,136.32,136.4,2951938,BA
24-12-2013,136.4,136.98,136.14,136.83,1203194,BA
26-12-2013,137.18,138.59,137.17,138.27,2161373,BA
27-12-2013,138.69,138.88,136.79,136.9,2205373,BA
30-12-2013,137.16,137.37,135.54,135.92,2404111,BA
31-12-2013,136.16,137.05,135.74,136.49,2096204,BA
02-01-2014,136.01,137.25,135.51,136.67,3368009,BA
03-01-2014,137.06,138.5,137.05,137.62,3177498,BA
06-01-2014,139.4,139.76,137.8,138.41,4197039,BA
07-01-2014,138.58,141.1,138.5,140.51,4242072,BA
08-01-2014,140.69,141.4,139.36,140.82,4237122,BA
09-01-2014,141.51,142.52,140.54,142.13,4053185,BA
10-01-2014,142.79,142.8,140.9,141.9,4549806,BA
13-01-2014,141.55,142.14,140.38,140.7,4463037,BA
14-01-2014,140.85,141.7,137.8,140.01,8443317,BA
15-01-2014,140.3,141.08,140.14,140.62,3033652,BA
16-01-2014,140.33,141.45,140.08,140.21,3062987,BA
17-01-2014,140.08,141,139.75,140.46,3382785,BA
21-01-2014,141.46,142.46,140.81,141.67,3240664,BA
22-01-2014,142.31,144.57,141.87,144.37,4390389,BA
23-01-2014,143.1,143.89,141.1,141.31,4494777,BA
24-01-2014,140.4,140.47,136.32,136.65,5873453,BA
27-01-2014,136.7,138.46,135.65,137.36,5279775,BA
28-01-2014,137.61,138.09,136.44,137.09,4611453,BA
29-01-2014,131.7,131.76,128.07,129.78,16000895,BA
30-01-2014,131.7,131.7,125.2,126.53,10419713,BA
31-01-2014,124.46,126.87,123.08,125.26,9736049,BA
03-02-2014,124.24,126.52,122.75,123.08,9342365,BA
04-02-2014,123.07,123.8,120.53,122.04,9307592,BA
05-02-2014,121,121.94,118.77,121.4,9691926,BA
06-02-2014,121.79,122.72,121.51,122.67,6740580,BA
07-02-2014,123.75,127.21,123.65,127.02,8928435,BA
10-02-2014,128.96,128.97,126.35,127.16,8174510,BA
11-02-2014,127.65,130.69,127.46,130.16,7878823,BA
12-02-2014,130.29,130.55,128,128.13,5802666,BA
13-02-2014,127.06,129.94,127.06,129.5,4204248,BA
14-02-2014,129.09,130.41,128.02,130.16,4813870,BA
18-02-2014,130.13,130.94,129.6,130.63,4653262,BA
19-02-2014,130.11,130.5,128.37,128.39,5149154,BA
20-02-2014,128.48,129.99,127.51,129.56,4470511,BA
21-02-2014,129.8,129.8,128.11,128.28,5170064,BA
24-02-2014,128.38,130.8,128.36,129.59,4638248,BA
25-02-2014,129.3,129.75,126.21,126.78,7317397,BA
26-02-2014,127.24,127.94,126.36,126.61,4804395,BA
27-02-2014,126.47,128.56,126.26,128.56,4649978,BA
28-02-2014,128.75,129.95,128.06,128.92,4365211,BA
03-03-2014,127.18,128.44,126.52,128.22,4848044,BA
04-03-2014,129.38,131,129.33,130.23,5423308,BA
05-03-2014,130.4,130.8,128.69,128.79,4097125,BA
06-03-2014,129.01,129.37,128.03,128.86,3599923,BA
07-03-2014,129.75,130.16,128.07,128.54,4301861,BA
10-03-2014,126.51,127.28,124.76,126.89,7039871,BA
11-03-2014,127.03,127.27,125.62,125.67,4190977,BA
12-03-2014,125,125.2,123.81,124.43,5041992,BA
13-03-2014,124.65,125.61,121.63,121.89,6071160,BA
14-03-2014,122.12,124.28,121.95,123.11,5702757,BA
17-03-2014,123.97,125.82,123.92,125.42,4381634,BA
18-03-2014,125.59,125.82,123.66,124.04,4151560,BA
19-03-2014,124.32,125.2,121.37,122.24,6672961,BA
20-03-2014,122.59,123.9,121.38,123.73,4601670,BA
21-03-2014,124.06,124.45,122.5,122.58,7975403,BA
24-03-2014,123.53,123.95,122.08,123.42,4476014,BA
25-03-2014,124.46,125,123.56,124.02,3229412,BA
26-03-2014,124.61,125.32,123.32,123.53,3091527,BA
27-03-2014,123.01,124.3,121.8,123.21,3116046,BA
28-03-2014,123.78,125.19,123.52,124.46,2863453,BA
31-03-2014,125.36,126.04,124.8,125.49,2962010,BA
01-04-2014,126.24,128.4,126.17,128.21,3953038,BA
02-04-2014,128.63,128.77,127.4,128.31,2935170,BA
03-04-2014,129.17,129.17,128.28,128.78,3305277,BA
04-04-2014,129.33,129.92,127.23,127.38,4157463,BA
07-04-2014,127.19,128.18,124.95,125.59,3753854,BA
08-04-2014,125.28,125.73,124.06,124.15,4122171,BA
09-04-2014,124.99,127.02,124.05,126.88,3691406,BA
10-04-2014,126.82,126.86,123.64,123.64,3959932,BA
11-04-2014,123.05,123.45,121.92,122.07,3855303,BA
14-04-2014,123.08,123.77,122.18,123.25,3086264,BA
15-04-2014,123.35,124.55,122.13,124.27,2747116,BA
16-04-2014,125,126.04,124.73,126.04,2826242,BA
17-04-2014,126.44,128.37,125.83,127.92,3449510,BA
21-04-2014,128.05,128.44,127.37,127.82,2368601,BA
22-04-2014,128.25,129.13,127.48,127.55,5022752,BA
23-04-2014,130.67,131.5,129.33,130.63,7123426,BA
24-04-2014,130.41,130.62,128.43,129.86,4177695,BA
25-04-2014,129.84,130,128.37,128.66,2978970,BA
28-04-2014,128.2,128.87,125.8,127.04,4354586,BA
29-04-2014,127.2,128.57,126.53,128.37,3344129,BA
30-04-2014,128.05,129.5,127.8,129.02,2775093,BA
01-05-2014,128.74,129.6,128.27,128.46,2807335,BA
02-05-2014,128.7,130.4,128.61,129.94,3763984,BA
05-05-2014,129,132.38,128.95,131.96,4026799,BA
06-05-2014,131.75,131.92,130.7,130.83,4032030,BA
07-05-2014,130.77,131.1,129.2,130.35,2900669,BA
08-05-2014,130.17,131.27,130.17,130.57,2988854,BA
09-05-2014,130.26,131.33,129.88,131.1,2544165,BA
12-05-2014,131.82,132.99,131.64,132.6,3288554,BA
13-05-2014,133.01,133.83,132.86,133.45,3132290,BA
14-05-2014,133.8,133.97,132.69,132.99,2884647,BA
15-05-2014,132.7,132.86,130.56,131.21,3597638,BA
16-05-2014,131.31,131.71,130.03,130.81,2964672,BA
19-05-2014,130.42,132.07,130.35,131.35,2103213,BA
20-05-2014,130.94,131.6,129.07,129.58,2996348,BA
21-05-2014,130.43,131.43,130.04,130.96,2476186,BA
22-05-2014,131.66,132.48,131.27,131.84,2370809,BA
23-05-2014,132,132.58,131.93,132.41,1956559,BA
27-05-2014,133.09,134.21,132.87,134.17,3086912,BA
28-05-2014,134.17,135.15,134.17,134.33,2609712,BA
29-05-2014,134.71,135.2,134.43,135.14,2234120,BA
30-05-2014,134.67,135.44,134.04,135.25,2762624,BA
02-06-2014,135.5,136.03,134.77,135.9,2630152,BA
03-06-2014,135.8,136.53,135.62,135.88,2468882,BA
04-06-2014,135.54,135.55,134.59,135.33,2601922,BA
05-06-2014,135.65,137.38,135.65,136.82,3493276,BA
06-06-2014,137.39,138.25,137.12,138.25,2711659,BA
09-06-2014,138.25,138.39,137.5,137.96,2585342,BA
10-06-2014,137.59,137.75,136.29,137.25,2370554,BA
11-06-2014,135.25,135.53,133.82,134.1,5558856,BA
12-06-2014,133.86,134.17,131.64,132.19,3831603,BA
13-06-2014,132.53,132.95,131.55,132.29,2376911,BA
16-06-2014,132.2,133.13,131.65,132.54,2169076,BA
17-06-2014,132.1,133.05,131.72,132.45,2223350,BA
18-06-2014,132.61,132.67,131.03,132.48,2865125,BA
19-06-2014,132.48,132.93,131.8,132.82,2795278,BA
20-06-2014,133.48,134.08,132.09,132.1,8086238,BA
23-06-2014,132.32,132.53,130.65,130.85,4436368,BA
24-06-2014,130.5,131.24,129,129.15,4322064,BA
25-06-2014,129.04,129.14,126.28,127.06,7930180,BA
26-06-2014,127.41,128.44,126.36,128.02,3929845,BA
27-06-2014,128.07,128.78,127.56,128.54,3688198,BA
30-06-2014,127.91,127.91,126.2,127.23,5714756,BA
01-07-2014,127.66,128.33,127.36,128.15,3776278,BA
02-07-2014,128.15,128.5,127.34,127.62,2859242,BA
03-07-2014,127.99,128.62,127.7,128.51,1997530,BA
07-07-2014,128.1,129.5,127.77,129.09,3161772,BA
08-07-2014,128.89,128.97,125.92,126.79,5725199,BA
09-07-2014,128.31,128.32,125.91,126.79,8025001,BA
10-07-2014,125.54,127.63,125.12,126.79,3936933,BA
11-07-2014,127.18,128.24,126.36,128.09,3194698,BA
14-07-2014,128.91,130.58,128.76,129.52,5271166,BA
15-07-2014,130.31,130.31,128.34,129.1,4916677,BA
16-07-2014,129.56,129.56,127.14,127.42,5265197,BA
17-07-2014,127.21,128.18,125.79,125.88,5296017,BA
18-07-2014,126.38,127.82,126.25,127.64,3107465,BA
21-07-2014,127.3,128.42,126.77,128.3,2742998,BA
22-07-2014,128.99,130.01,128.58,129.74,5107214,BA
23-07-2014,127.79,128.4,126.02,126.71,12326310,BA
24-07-2014,125.92,126.05,124,124.4,10307154,BA
25-07-2014,124.48,124.53,122.41,123.2,6124206,BA
28-07-2014,123.44,124.56,122.16,123.06,4982485,BA
29-07-2014,123.31,123.63,122.2,122.32,4101880,BA
30-07-2014,123.2,123.8,121.76,122.29,4049024,BA
31-07-2014,121.47,122.05,120.41,120.48,5591290,BA
01-08-2014,120.45,121.71,119.64,120.38,5852726,BA
04-08-2014,120.8,121.19,119.77,119.93,4671123,BA
05-08-2014,119.67,121.98,119.66,121.27,6098103,BA
06-08-2014,119.32,119.36,117.87,118.34,6239710,BA
07-08-2014,119,120.22,118.87,119.84,4650601,BA
08-08-2014,119.8,120.65,119.28,120.63,4349725,BA
11-08-2014,121.15,121.76,120.75,120.8,2811028,BA
12-08-2014,120.51,120.94,120.01,120.47,2304913,BA
13-08-2014,120.67,122.23,120.63,121.98,2645808,BA
14-08-2014,122.2,124.69,122.16,124.11,4825075,BA
15-08-2014,124.5,124.5,122.15,123.16,4573022,BA
18-08-2014,123.58,125.24,123.57,124.98,4201803,BA
19-08-2014,125.22,125.79,125.11,125.58,2991557,BA
20-08-2014,125.89,127.71,125.58,127.35,4335358,BA
21-08-2014,127.54,127.78,126.74,127.5,2524057,BA
22-08-2014,127.33,127.8,126.96,127.46,2400949,BA
25-08-2014,128.08,128.49,127.78,128.33,2314353,BA
26-08-2014,128.69,129.13,128.31,128.6,2334219,BA
27-08-2014,128.77,128.99,127.95,128.2,3079182,BA
28-08-2014,127.34,127.75,126.72,127.11,3079399,BA
29-08-2014,127.35,127.35,126.05,126.8,3032810,BA
02-09-2014,125.62,126.26,124.57,125.48,4584780,BA
03-09-2014,125.46,126.24,125.2,125.94,3966666,BA
04-09-2014,126.38,126.75,125.26,125.46,2984001,BA
05-09-2014,125.43,125.55,124.1,124.69,4917882,BA
08-09-2014,125.9,128.25,125.9,127.98,6103489,BA
09-09-2014,127.81,128.68,127.62,128.21,4866412,BA
10-09-2014,128.47,128.47,127.48,128.22,3070267,BA
11-09-2014,127.82,127.99,127.2,127.64,1988616,BA
12-09-2014,127.49,127.56,126.61,126.95,3109244,BA
15-09-2014,126.92,126.95,125.69,126.31,3265859,BA
16-09-2014,126.2,127.7,125.72,127.32,3379618,BA
17-09-2014,128.25,128.38,127.2,127.76,3139781,BA
18-09-2014,128,128.9,128,128.58,2722296,BA
19-09-2014,129.27,129.7,128.92,129.35,5635667,BA
22-09-2014,129.37,129.87,128.46,128.61,2890261,BA
23-09-2014,128.28,128.54,127.03,127.38,2963455,BA
24-09-2014,127.46,128.8,127.23,128.58,2891440,BA
25-09-2014,128.31,128.49,127.01,127.14,2913091,BA
26-09-2014,127.19,129,126.96,128.69,2524326,BA
29-09-2014,127.21,129.53,127,128.77,3490832,BA
30-09-2014,128.57,129.39,127.31,127.38,4009907,BA
01-10-2014,127.37,127.37,124.31,124.67,5272526,BA
02-10-2014,124.4,125.55,123.84,124.17,3207500,BA
03-10-2014,124.66,126.87,124.66,126.36,3081354,BA
06-10-2014,127.09,127.19,125.38,126.26,2680998,BA
07-10-2014,125.52,125.52,123.29,123.32,3564807,BA
08-10-2014,123.47,125.09,122.15,124.98,3613817,BA
09-10-2014,124.72,124.75,122.31,122.76,4874923,BA
10-10-2014,122.87,123.36,121.5,121.5,4220241,BA
13-10-2014,122.05,123.19,120.26,120.45,3883441,BA
14-10-2014,121.84,123.37,120.72,122.29,3768207,BA
15-10-2014,121.06,121.12,116.32,120.19,7819029,BA
16-10-2014,118.91,121.3,118.39,120.29,4492603,BA
17-10-2014,122.05,123.87,121.78,123.24,4872389,BA
20-10-2014,123.39,124.72,123,124.31,3676264,BA
21-10-2014,125.21,127.24,124.93,127.12,5209474,BA
22-10-2014,127.99,128,121.34,121.45,13844400,BA
23-10-2014,121.27,122.88,121.06,122.03,7806465,BA
24-10-2014,122.2,122.84,121.26,122.24,4016436,BA
27-10-2014,122.13,122.23,121.26,122.12,2944389,BA
28-10-2014,122.5,123.79,121.96,123.61,4163622,BA
29-10-2014,124.48,124.48,122.56,123.08,3246309,BA
30-10-2014,122.52,124.12,122.01,123.82,2569875,BA
31-10-2014,125.03,125.89,124.73,124.91,4668628,BA
03-11-2014,125.35,126.25,124.88,126.03,3907297,BA
04-11-2014,125.91,126.71,125.26,125.84,3684838,BA
05-11-2014,126.01,126.25,124.2,124.22,3334000,BA
06-11-2014,124.48,124.8,123.37,124.58,2341850,BA
07-11-2014,124.93,124.94,124.17,124.45,2366682,BA
10-11-2014,124.87,124.99,123.8,124.64,2622734,BA
11-11-2014,124.58,125.73,124.45,125.36,3056237,BA
12-11-2014,124.51,126.18,124.47,125.87,3075041,BA
13-11-2014,125.74,128.96,125.74,128.53,5813870,BA
14-11-2014,128.53,129.78,127.85,128.86,6235584,BA
17-11-2014,128.7,129.17,127.55,128.42,3752879,BA
18-11-2014,128.55,131.33,128.04,130.66,5701297,BA
19-11-2014,130.59,132.74,130.25,131.61,5037575,BA
20-11-2014,130.94,132.4,130.71,131.7,4052829,BA
21-11-2014,132.72,133.36,132.51,132.78,4227147,BA
24-11-2014,133.45,134.74,133.44,134.61,4161488,BA
25-11-2014,134.74,135.6,134.74,134.81,4301649,BA
26-11-2014,134.95,135.3,134.39,134.78,2660270,BA
28-11-2014,135.51,135.78,134.04,134.36,2089964,BA
01-12-2014,134.31,134.4,132.2,132.39,3473742,BA
02-12-2014,132.5,132.96,131.75,132.28,2904938,BA
03-12-2014,132.65,133.28,131.43,131.97,4627532,BA
04-12-2014,131.97,132.52,130.92,131.32,2805880,BA
05-12-2014,131.72,132.62,131.53,132.21,2580216,BA
08-12-2014,132.02,132.07,129.87,130.28,2862356,BA
09-12-2014,128.56,129.72,127.74,129.66,3085085,BA
10-12-2014,128.81,128.98,124.54,124.64,6651721,BA
11-12-2014,125.22,125.65,123,123.37,6702054,BA
12-12-2014,122.24,122.27,120.58,120.77,6661058,BA
15-12-2014,121.4,122.88,120.6,122.08,6238775,BA
16-12-2014,125.04,125.54,123.91,124.25,7919932,BA
17-12-2014,124.28,125.38,123.42,125.06,6726507,BA
18-12-2014,127.13,127.35,124.77,125.67,6485926,BA
19-12-2014,125.63,127.42,125.5,126.23,7680805,BA
22-12-2014,126.73,128.54,126.73,128.22,3189253,BA
23-12-2014,129.04,130.65,128.65,130.03,4028939,BA
24-12-2014,130.3,132.33,130.17,131.24,2125345,BA
26-12-2014,131.29,131.93,130.23,131.63,2242857,BA
29-12-2014,131.72,132.73,131.17,132.29,2718379,BA
30-12-2014,132,132.28,131.52,131.83,2447665,BA
31-12-2014,132.25,132.3,129.86,129.98,2712384,BA
02-01-2015,131.07,131.84,129.09,129.95,4294241,BA
05-01-2015,129.66,129.92,128.61,129.05,5024782,BA
06-01-2015,129.05,129.62,126.18,127.53,4992814,BA
07-01-2015,128.74,129.97,128.72,129.51,3573197,BA
08-01-2015,130.6,131.98,130.4,131.8,4503399,BA
09-01-2015,131.59,132.26,130.93,131.54,3056368,BA
12-01-2015,132.24,132.26,129.95,130.87,3552653,BA
13-01-2015,132,133.91,130.17,131.17,3441654,BA
14-01-2015,129.03,131.29,128.95,130.38,3559535,BA
15-01-2015,130.25,131.83,129.7,130.14,3901990,BA
16-01-2015,129.75,131.02,129.11,130.78,4425638,BA
20-01-2015,131.45,132,129.45,131.22,3143746,BA
21-01-2015,130.87,132.87,130.57,132.41,2898621,BA
22-01-2015,133.38,136.21,133.05,135.64,4971293,BA
23-01-2015,135.57,135.78,134.6,134.62,3828329,BA
26-01-2015,135,135.25,133.53,134.07,3900544,BA
27-01-2015,132.4,132.99,130.74,132.48,5243868,BA
28-01-2015,136.3,141.88,135.92,139.64,14355109,BA
29-01-2015,139.69,148.25,139.63,147.78,15161711,BA
30-01-2015,146.22,146.85,144.37,145.37,11271116,BA
02-02-2015,143.72,146.59,143.05,146.26,6790894,BA
03-02-2015,146.37,148,146.18,147.34,5978190,BA
04-02-2015,145.97,148.39,145.93,147.22,4766204,BA
05-02-2015,147.26,148.87,146.46,148.6,4252602,BA
06-02-2015,148.62,148.89,147.7,148,4398762,BA
09-02-2015,146.16,148.16,145.63,147.58,4203329,BA
10-02-2015,148.2,148.71,147.5,148.04,4034851,BA
11-02-2015,147.51,148.38,147.09,147.92,3272669,BA
12-02-2015,148.26,148.57,147.68,148.09,2998941,BA
13-02-2015,147.98,149.84,147.64,149.73,3418587,BA
17-02-2015,148.72,149.96,148.52,149.92,3622369,BA
18-02-2015,149.7,151.62,149.37,151.17,3722117,BA
19-02-2015,151.05,154.24,151,153.75,4384014,BA
20-02-2015,153.8,158.83,153.8,158.31,9365978,BA
23-02-2015,155,155.92,153.36,154.74,8653655,BA
24-02-2015,153.5,154.78,153.21,154.38,4391701,BA
25-02-2015,154.3,154.74,152.14,153.01,4800528,BA
26-02-2015,152.31,152.38,150.81,151.73,5149342,BA
27-02-2015,151,151.89,150.45,150.85,4330678,BA
02-03-2015,150.75,154.15,150.75,153.8,4622793,BA
03-03-2015,154.71,156.91,154.17,155.57,8656618,BA
04-03-2015,154.62,155.22,154,154.35,4476188,BA
05-03-2015,154.86,155.98,154.31,154.47,3327492,BA
06-03-2015,153.92,155.03,152.81,153.12,3556216,BA
09-03-2015,153.3,155.61,153.15,154.75,3432956,BA
10-03-2015,153.3,154.13,152.42,152.42,3839572,BA
11-03-2015,152.51,152.69,151.17,151.17,3395401,BA
12-03-2015,151.28,152.92,151.28,152.04,2965067,BA
13-03-2015,151.89,152.39,149.79,151.57,3569581,BA
16-03-2015,152.39,154.19,152.27,153.67,2742901,BA
17-03-2015,152.88,155,152.73,154.51,2927179,BA
18-03-2015,154.04,155.99,152.11,155.73,4053609,BA
19-03-2015,154.91,155.33,153.66,154.11,2539041,BA
20-03-2015,155.04,155.49,154.48,154.5,4464270,BA
23-03-2015,154.98,154.98,152.81,152.81,3029723,BA
24-03-2015,151.96,152.62,151.35,151.65,3319274,BA
25-03-2015,151.4,152.04,148.13,148.23,3747926,BA
26-03-2015,147.83,148.85,145.96,148.17,3627403,BA
27-03-2015,148.59,149.31,147.49,148.85,2600252,BA
30-03-2015,150.08,153.17,149.98,152.7,3738731,BA
31-03-2015,152.23,152.25,149.94,150.08,2975622,BA
01-04-2015,149.97,150.02,146.82,148.64,4167631,BA
02-04-2015,149.14,150.5,148.31,149.28,2934194,BA
06-04-2015,148.15,151.45,148,150.93,3371457,BA
07-04-2015,151.27,153.5,151.14,152.32,4299482,BA
08-04-2015,152.19,153.5,152.19,153.36,2763398,BA
09-04-2015,152.62,153.67,151.63,153.42,3966815,BA
10-04-2015,153.55,154.96,153.25,154.38,3182990,BA
13-04-2015,153.79,155.5,152.96,153.24,3034047,BA
14-04-2015,152.93,153.54,151.59,153.21,2845971,BA
15-04-2015,154.37,154.37,152.21,152.43,3687428,BA
16-04-2015,151.66,152.53,151.05,151.97,2559883,BA
17-04-2015,150.88,151.43,149.44,149.6,4671622,BA
20-04-2015,151.06,153.55,151.01,152.67,3169131,BA
21-04-2015,153.51,154.09,152,153.33,3772879,BA
22-04-2015,152.36,153,148.85,151.19,8468924,BA
23-04-2015,150.83,150.83,149.73,149.87,4080811,BA
24-04-2015,149.54,149.86,148.02,148.4,4889228,BA
27-04-2015,148.59,149,147.71,147.8,4603511,BA
28-04-2015,147.9,148.37,146.01,147.51,4352892,BA
29-04-2015,147.07,147.45,145.9,146.15,4761676,BA
30-04-2015,145.25,145.94,142.75,143.34,4925252,BA
01-05-2015,144.41,145.07,143.84,144.67,3556817,BA
04-05-2015,143.85,144.79,143.18,144.02,8977535,BA
05-05-2015,143.76,144.7,142.27,142.91,3670396,BA
06-05-2015,143.01,143.15,140.43,141.04,5313484,BA
07-05-2015,140.56,142.18,140.48,141.49,4868673,BA
08-05-2015,143,145.94,142.98,145.46,7068011,BA
11-05-2015,145.55,146.79,145.13,145.89,3969023,BA
12-05-2015,144.94,146.08,144.01,145.43,3543850,BA
13-05-2015,145.41,146.53,145.1,145.62,2680190,BA
14-05-2015,146.88,148.25,146.65,147.96,3495827,BA
15-05-2015,148.05,148.3,146.34,146.88,3368855,BA
18-05-2015,146.88,147.24,146.3,146.71,2153190,BA
19-05-2015,147.18,147.77,146.73,147.05,2366375,BA
20-05-2015,147.14,147.34,146.1,146.42,2104019,BA
21-05-2015,146.56,147.71,146.1,147.35,2676437,BA
22-05-2015,147.26,147.27,144.8,144.81,3877994,BA
26-05-2015,144.34,144.43,142.16,142.8,3476752,BA
27-05-2015,143.42,143.75,142.58,143,2837146,BA
28-05-2015,142.51,145.29,141.58,142.33,3103154,BA
29-05-2015,142.26,142.26,140.32,140.52,6199220,BA
01-06-2015,141.45,142.05,140.27,141.25,3897020,BA
02-06-2015,141.44,144.46,140.63,143.25,4986500,BA
03-06-2015,143.78,145.06,142.89,143.81,3755788,BA
04-06-2015,143.22,143.23,140.95,141.19,3239507,BA
05-06-2015,141.04,141.37,140.05,140.73,3215636,BA
08-06-2015,140.24,141.35,140.2,140.64,2756645,BA
09-06-2015,140.5,140.99,139.9,140.1,2647571,BA
10-06-2015,140.68,142.6,140.29,141.62,2784396,BA
11-06-2015,142.01,143.98,141.75,142.96,2924468,BA
12-06-2015,142.62,142.86,141.09,142.8,2395238,BA
15-06-2015,142.04,142.59,141.28,142.29,2631428,BA
16-06-2015,141.42,143.58,141.42,142.34,2450557,BA
17-06-2015,142.87,144,141.9,143.43,2775397,BA
18-06-2015,143.91,146.53,143.91,145.38,3728900,BA
19-06-2015,145.19,146.1,144.95,145.13,4837280,BA
22-06-2015,146.07,146.21,145.09,145.7,2086105,BA
23-06-2015,146.33,146.45,143.8,144.43,2864424,BA
24-06-2015,143.76,144.8,142.51,143,3989088,BA
25-06-2015,143.27,143.76,142.34,142.45,2153754,BA
26-06-2015,143.03,143.04,141.89,142.48,3153251,BA
29-06-2015,140.96,141.32,138.58,138.73,3755500,BA
30-06-2015,140.06,140.06,138.44,138.72,3434761,BA
01-07-2015,140.48,141.14,140.02,140.73,3260868,BA
02-07-2015,141.29,141.52,139.88,140.21,2116516,BA
06-07-2015,139.02,140.73,139,140.52,2093398,BA
07-07-2015,140.8,143.44,140.14,143.15,3712024,BA
08-07-2015,142.5,143.15,141.52,141.92,3386472,BA
09-07-2015,143.89,144.2,142.73,142.8,2486829,BA
10-07-2015,144.14,145.19,143.87,144.48,2192062,BA
13-07-2015,145.96,146.75,145.6,146.62,2194245,BA
14-07-2015,146.76,148.3,146.44,147.75,3388765,BA
15-07-2015,147.75,147.75,146.48,146.89,2653911,BA
16-07-2015,147.79,148.8,147.77,148.49,2509591,BA
17-07-2015,147.25,147.44,146.02,146.84,3127129,BA
20-07-2015,147.11,147.2,145.91,146.72,3016807,BA
21-07-2015,146.59,146.59,144.22,145,4452562,BA
22-07-2015,148.9,149.18,145.11,146.47,6238400,BA
23-07-2015,147,147.95,145.79,146.11,4116025,BA
24-07-2015,145.81,146.47,143.98,144.06,2454976,BA
27-07-2015,143.22,143.35,140.8,141.03,3532068,BA
28-07-2015,141.61,142.17,139.51,141.81,4138151,BA
29-07-2015,142.48,144.61,142.37,144.14,3260403,BA
30-07-2015,143.35,143.92,142.21,143.01,2643990,BA
31-07-2015,143.76,144.92,143.29,144.17,3163496,BA
03-08-2015,144.44,144.75,142.59,143.69,3087956,BA
04-08-2015,143.55,144.87,143.04,143.54,1972989,BA
05-08-2015,143.9,145.6,143.77,144.95,2926094,BA
06-08-2015,144.7,145.25,143.42,143.82,2457029,BA
07-08-2015,143.22,143.84,141.7,142.42,2953194,BA
10-08-2015,143.79,146.77,143.78,145.86,3432610,BA
11-08-2015,144.14,144.93,143.28,144.05,2816679,BA
12-08-2015,142.55,143.01,139.86,142.43,4405521,BA
13-08-2015,142.03,145.45,141.53,144.81,5129524,BA
14-08-2015,144.61,145.47,143.76,145.09,2927085,BA
17-08-2015,144.6,144.86,142.93,144.44,3745958,BA
18-08-2015,144.39,145.21,143.82,144.6,1955511,BA
19-08-2015,143.42,144.48,142.32,142.72,2967691,BA
20-08-2015,141.62,141.9,136.9,137.02,6578220,BA
21-08-2015,134.88,135.09,131.46,131.71,7888130,BA
24-08-2015,123.64,135.5,115.14,127.19,9367054,BA
25-08-2015,130,130.72,125.43,125.49,7136648,BA
26-08-2015,129.34,129.76,125.23,129.34,6346570,BA
27-08-2015,131.08,132.36,129.46,131.87,5721523,BA
28-08-2015,131.43,133.72,130.86,133.24,4502112,BA
31-08-2015,132.37,132.7,130.39,130.68,4191922,BA
01-09-2015,128.16,128.99,126.94,127.44,5813736,BA
02-09-2015,128.71,130.67,127.74,130.63,4766841,BA
03-09-2015,132.31,132.35,130.48,131.02,3343868,BA
04-09-2015,129.55,130.49,128.66,129.76,3714986,BA
08-09-2015,132.27,133.99,132,133.82,3474899,BA
09-09-2015,135.59,136.25,132.21,132.65,4695181,BA
10-09-2015,132.34,134.57,132.27,133.55,2932075,BA
11-09-2015,133.16,134.86,132.88,134.67,2621816,BA
14-09-2015,134.72,135.13,133.72,134.43,2386792,BA
15-09-2015,134.52,137,134.52,136.3,3752452,BA
16-09-2015,136.26,137.43,136.01,137.2,2500604,BA
17-09-2015,137.36,139.91,136.94,137.45,3365856,BA
18-09-2015,135.75,137.69,134.4,136.09,7262600,BA
21-09-2015,136.42,137.45,134.94,136.02,2457960,BA
22-09-2015,134.49,134.49,132.52,133.99,3440062,BA
23-09-2015,134.66,135,131.61,131.67,4891289,BA
24-09-2015,130.72,130.77,127.18,129.75,5268527,BA
25-09-2015,131.57,131.73,129.28,131.01,4138718,BA
28-09-2015,130.44,130.48,128.03,128.13,4137519,BA
29-09-2015,128.11,129.14,127.47,128.75,2926773,BA
30-09-2015,130.27,131.41,129.62,130.95,3048760,BA
01-10-2015,131.32,131.79,128.98,130.61,2847081,BA
02-10-2015,129,132.59,128.56,132.56,3004210,BA
05-10-2015,132.28,134.15,131.35,134.02,4545387,BA
06-10-2015,134.1,135.54,133.67,134.63,3035398,BA
07-10-2015,135.69,137.73,135.26,137.02,3264936,BA
08-10-2015,136.66,139.35,136.07,139.04,2823641,BA
09-10-2015,139.07,140.24,138.36,139.7,3052758,BA
12-10-2015,139.93,141.07,139.32,140.68,1935802,BA
13-10-2015,139.44,140.5,139.43,140.29,2327425,BA
14-10-2015,139.75,140.89,133.58,134.22,8699477,BA
15-10-2015,135.16,137.67,135,137.39,6361976,BA
16-10-2015,137.43,138.73,136.52,137.6,3167476,BA
19-10-2015,137.6,138.61,136.39,138.42,4017997,BA
20-10-2015,137.94,139.93,137.58,138.88,4196208,BA
21-10-2015,141.7,142.15,136.61,141.19,8927233,BA
22-10-2015,142,147.36,141.93,146.31,6965575,BA
23-10-2015,147.37,147.75,144.91,146.7,4685858,BA
26-10-2015,146.21,147.23,145.55,146.7,3143315,BA
27-10-2015,146.22,148.99,146.01,148.46,3373317,BA
28-10-2015,147.99,148.81,145.14,147.88,4386160,BA
29-10-2015,147.54,147.87,145.83,147.18,3058933,BA
30-10-2015,147.4,149.6,147.09,148.07,3932049,BA
02-11-2015,148.38,149.47,147.56,148.4,2514470,BA
03-11-2015,148.03,148.46,147.14,148.09,2462420,BA
04-11-2015,147.26,148.76,147.18,148.19,2765572,BA
05-11-2015,148.19,148.84,146.49,147.97,2540651,BA
06-11-2015,146.58,148.17,146.01,147.94,2294015,BA
09-11-2015,146.9,147.48,145.18,145.98,2979356,BA
10-11-2015,145.28,146.14,144.03,145.15,2523258,BA
11-11-2015,145.2,145.83,144.52,144.99,1585173,BA
12-11-2015,143,144.4,141.59,142.54,3774561,BA
13-11-2015,142.33,143.89,141.86,142.59,3049811,BA
16-11-2015,142.58,144.5,142.33,144.42,2373024,BA
17-11-2015,145.29,146.59,144.64,146.08,3022517,BA
18-11-2015,146.24,148.38,146.23,148.28,3090513,BA
19-11-2015,148.79,149.48,148.26,149.24,2490118,BA
20-11-2015,149.84,150.58,149.12,149.4,3209165,BA
23-11-2015,149.39,149.7,147.71,148.34,3182390,BA
24-11-2015,147.49,149.59,147.22,148.65,2623910,BA
25-11-2015,149.04,149.15,147.38,147.43,1852242,BA
27-11-2015,147.5,147.97,146.68,146.95,1282131,BA
30-11-2015,146.97,147.26,145.36,145.45,3004871,BA
01-12-2015,146.54,149.4,146.47,147.74,3435237,BA
02-12-2015,147.55,148.03,146.38,146.96,2644725,BA
03-12-2015,147.05,147.63,144.28,145.56,3008659,BA
04-12-2015,146.35,148.78,146.09,148.5,3892856,BA
07-12-2015,148.3,149.5,147.32,148.45,3417715,BA
08-12-2015,146.82,147.23,144.65,144.99,5021095,BA
09-12-2015,144.6,145.69,142.27,144.24,5124573,BA
10-12-2015,144.62,147.46,144.16,146.41,3278542,BA
11-12-2015,145,145.7,143.72,144.62,3684667,BA
14-12-2015,144.5,144.5,141.46,143,4816106,BA
15-12-2015,145.66,147.1,144.12,146.53,4705329,BA
16-12-2015,147.98,148.61,146.23,148.11,3316048,BA
17-12-2015,148.85,149.8,145.5,145.56,3448810,BA
18-12-2015,144.41,144.41,138.89,139.58,9951965,BA
21-12-2015,140.21,141.94,139.7,140.9,3746389,BA
22-12-2015,141.72,142.79,140.5,142.38,2791715,BA
23-12-2015,143.08,144.07,142.81,144.06,3353868,BA
24-12-2015,143.6,143.93,143.36,143.53,1184981,BA
28-12-2015,143.26,144.67,142.84,144.54,1980017,BA
29-12-2015,145.06,147.56,145,147.35,3133578,BA
30-12-2015,147.22,148,146.01,146.41,1618958,BA
31-12-2015,145.96,145.96,144.5,144.59,2105228,BA
04-01-2016,141.38,141.7,139.43,140.5,5706607,BA
05-01-2016,140.99,141.7,139.77,141.07,3356951,BA
06-01-2016,138.83,139.35,137.26,138.83,4254056,BA
07-01-2016,136.38,136.67,132.51,133.01,7013671,BA
08-01-2016,133.7,135.1,129.8,129.99,5776933,BA
11-01-2016,130.85,131,128.92,130.21,5551464,BA
12-01-2016,131.58,132.17,129.64,131.92,4171513,BA
13-01-2016,132.7,132.88,127.75,128.12,4959085,BA
14-01-2016,129.59,130.07,125.81,129.2,6513812,BA
15-01-2016,125.8,127.14,124.51,125.63,6456557,BA
19-01-2016,127.06,127.22,125.11,126.06,5272367,BA
20-01-2016,124,124.94,119.82,122.14,7593583,BA
21-01-2016,122.77,125.98,121.54,123.4,5515154,BA
22-01-2016,124.42,125.68,123.32,124.61,5257564,BA
25-01-2016,124.6,125.24,123.4,124.01,4537219,BA
26-01-2016,124.98,128.15,124.5,128.01,5411725,BA
27-01-2016,119.9,120.11,115.02,116.58,27877143,BA
28-01-2016,117.1,118.03,115.06,118.01,10700454,BA
29-01-2016,118.14,120.18,118.02,120.13,9181713,BA
01-02-2016,119.64,122.29,118.65,121.56,6806250,BA
02-02-2016,119.69,120.28,117.37,117.52,8626013,BA
03-02-2016,118.8,122.13,117.15,121.87,7344102,BA
04-02-2016,121.12,124.91,121.12,123.61,5814878,BA
05-02-2016,123.63,124.17,121.03,122.56,6171947,BA
08-02-2016,120.67,121.33,117.25,119.47,6437693,BA
09-02-2016,117.98,119.98,117.42,118.88,4106949,BA
10-02-2016,118.16,119.46,116.27,116.36,4870672,BA
11-02-2016,113.18,113.4,102.1,108.44,33695573,BA
12-02-2016,105.12,109.84,105,108.63,12947330,BA
16-02-2016,109.73,112.76,109,112.6,7458125,BA
17-02-2016,114.03,116.83,113.99,116.34,6598170,BA
18-02-2016,116.91,118.23,116.68,117.57,6481209,BA
19-02-2016,117.31,117.33,114.42,115.16,6768118,BA
22-02-2016,116.55,118.97,116.03,117.39,4920162,BA
23-02-2016,116.97,118.5,115.93,116.9,3746649,BA
24-02-2016,115.37,115.96,112.51,115.59,6849649,BA
25-02-2016,116.35,117.6,115.78,116.82,4661728,BA
26-02-2016,117.75,119.45,117.5,118.16,3753954,BA
29-02-2016,118.12,119.46,117.5,118.18,4187571,BA
01-03-2016,119.01,120.99,118.25,119.96,4591975,BA
02-03-2016,119.63,120.75,118.5,119.65,4209264,BA
03-03-2016,118.84,119.73,118.25,119.61,3404498,BA
04-03-2016,120.17,122.23,119.85,121.07,4416493,BA
07-03-2016,120.8,123.32,120.57,122.9,4491670,BA
08-03-2016,121.98,122.97,121.31,122.35,5245967,BA
09-03-2016,122.38,123.26,122.03,122.86,3379291,BA
10-03-2016,123.14,123.82,121.43,122.94,4109139,BA
11-03-2016,124.13,125.5,123.86,124.63,3210495,BA
14-03-2016,123.93,127,123.86,126.34,4276973,BA
15-03-2016,125.55,126.37,124.21,126.36,3717494,BA
16-03-2016,126.24,128.13,125.75,127.57,5148924,BA
17-03-2016,128.07,131.6,127.42,130.7,5792681,BA
18-03-2016,131.24,134.68,131.01,133.96,9032764,BA
21-03-2016,133.46,136.78,133.39,135.86,5661782,BA
22-03-2016,135.14,136.1,134.78,135.12,4983687,BA
23-03-2016,134.99,135,132.74,132.86,4345553,BA
24-03-2016,131.61,132.23,130.03,132.12,4569898,BA
28-03-2016,132.53,132.62,130.55,131.29,3345173,BA
29-03-2016,129.83,130.93,128.18,130.88,4883359,BA
30-03-2016,131.48,132.73,128.02,128.58,5921572,BA
31-03-2016,128.09,128.38,125.25,126.94,8737723,BA
01-04-2016,126.23,127.09,125.11,126.96,5281473,BA
04-04-2016,126.54,127.97,125.88,126.34,5034317,BA
05-04-2016,126.15,128.59,125.58,127.03,4660141,BA
06-04-2016,127.16,128.04,125.75,127.93,3994877,BA
07-04-2016,127,128.94,126.56,127,4585031,BA
08-04-2016,128.04,130.02,127.61,127.88,3794746,BA
11-04-2016,128.25,129.9,127.68,127.91,3604565,BA
12-04-2016,127.62,130.38,126.68,129.47,4223555,BA
13-04-2016,130.49,131.5,129.81,131.14,3488271,BA
14-04-2016,131.5,131.95,130.53,130.85,4527339,BA
15-04-2016,130.95,131.6,130.68,131.13,5004912,BA
18-04-2016,130.64,132.25,130.32,131.97,3056013,BA
19-04-2016,132.57,133.85,132.21,132.68,2917287,BA
20-04-2016,128.55,131.36,128.49,130.57,6792151,BA
21-04-2016,130.98,132.64,130.3,130.74,4798826,BA
22-04-2016,131.09,131.83,130.5,131.05,3854987,BA
25-04-2016,130.45,131,129.31,130.75,4599526,BA
26-04-2016,131.25,133.27,131.06,133.24,6092674,BA
27-04-2016,133.2,137.89,131.94,137.08,6887144,BA
28-04-2016,136.29,137.72,134.5,134.8,4926931,BA
29-04-2016,134.42,135.23,132.81,134.8,3716213,BA
02-05-2016,134.38,135,133.23,134.01,3701946,BA
03-05-2016,132.7,133.31,131.46,132.49,4007000,BA
04-05-2016,131.59,132.31,130.53,130.89,3335457,BA
05-05-2016,131.73,132.64,131.12,132.08,4196450,BA
06-05-2016,132.11,133.63,131.76,133.26,2459886,BA
09-05-2016,132.8,133.81,131.82,132.1,3427411,BA
10-05-2016,133.18,135.24,132.79,134.72,3350326,BA
11-05-2016,133.81,134.99,132.94,133,3277690,BA
12-05-2016,133.49,135.04,133.49,134.42,4585542,BA
13-05-2016,133.74,134.94,131.91,132.12,3939979,BA
16-05-2016,131.63,134.41,131.55,134.14,3156923,BA
17-05-2016,133.62,134.49,131.96,132.56,4029342,BA
18-05-2016,132.45,133.18,130.34,130.99,4051204,BA
19-05-2016,130.24,130.43,127.08,128.08,5054448,BA
20-05-2016,129.13,129.25,127.21,127.39,3269212,BA
23-05-2016,127.4,128.41,125.88,127.58,3973505,BA
24-05-2016,127.76,128.81,126.32,127.5,5101015,BA
25-05-2016,128,129.78,127.37,128.86,4656510,BA
26-05-2016,128.48,129.9,128.32,129.31,2584318,BA
27-05-2016,128.96,129.7,128.83,129.22,3043405,BA
31-05-2016,129.88,129.98,126.04,126.15,6894401,BA
01-06-2016,126,126.5,124.78,126.41,4679640,BA
02-06-2016,126.65,127.03,125.32,126.85,4802106,BA
03-06-2016,126.42,127.58,125.95,127.38,5485569,BA
06-06-2016,127.6,132.08,127.45,131.9,6996226,BA
07-06-2016,132.41,133.39,131.82,131.93,4423983,BA
08-06-2016,132.52,133.53,132.04,133,3883726,BA
09-06-2016,132.1,133.82,131.92,133.1,3811169,BA
10-06-2016,131.76,132.12,130.37,131.14,3828593,BA
13-06-2016,130.79,131.51,129.88,129.92,3645025,BA
14-06-2016,129.63,130.6,128.5,130.5,3716959,BA
15-06-2016,130.88,131.76,129.97,130.16,3324752,BA
16-06-2016,129.32,129.89,126.9,129.37,4066106,BA
17-06-2016,129.83,129.99,128.81,129.82,6739624,BA
20-06-2016,131.36,133.9,131.21,132.75,4331887,BA
21-06-2016,133.19,133.28,131.48,131.52,2841092,BA
22-06-2016,132.1,133.16,131.58,131.77,2641444,BA
23-06-2016,133.91,134.55,132.73,133.55,4113903,BA
24-06-2016,128.14,129.39,126.21,126.52,9707256,BA
27-06-2016,125.68,125.75,122.35,122.7,6251280,BA
28-06-2016,124.5,124.76,122.7,123.89,4438083,BA
29-06-2016,125.49,127.32,124.16,126.99,4916718,BA
30-06-2016,127.08,129.87,127.08,129.87,4110845,BA
01-07-2016,129.54,130.34,129.16,129.69,3247946,BA
05-07-2016,128.43,129,126.63,126.97,4829391,BA
06-07-2016,127.25,127.31,123.96,126.96,3981674,BA
07-07-2016,126.92,128.17,126.26,127.17,3050067,BA
08-07-2016,128.6,130.46,127.66,130.09,3597822,BA
11-07-2016,130.84,133.25,130.8,132.04,3929870,BA
12-07-2016,132.8,133,130.33,130.81,4318419,BA
13-07-2016,131.28,131.39,129.37,130.11,3061397,BA
14-07-2016,131.63,131.92,130.2,131.55,3984053,BA
15-07-2016,131.8,132.75,131.45,132.39,2944890,BA
18-07-2016,132.38,133.89,131.95,133.43,3338403,BA
19-07-2016,132.91,135.67,132.83,134.66,3390031,BA
20-07-2016,134.55,135.18,134.04,134.72,2669692,BA
21-07-2016,134.76,134.98,133.03,133.53,2853738,BA
22-07-2016,131.75,133.49,130.57,133.47,4844935,BA
25-07-2016,133.18,133.3,132.38,132.94,3078599,BA
26-07-2016,132.9,134.97,132.51,134.85,4667327,BA
27-07-2016,136.14,139.45,135.71,135.96,5661668,BA
28-07-2016,135.4,135.86,132.55,133.01,5142388,BA
29-07-2016,133.05,133.8,132.3,133.66,3559058,BA
01-08-2016,133.21,134.23,132.7,133.21,3067258,BA
02-08-2016,132.95,133.4,131.35,131.6,3156760,BA
03-08-2016,131.77,132.45,131.62,131.87,2359275,BA
04-08-2016,132,132.55,130.96,131.21,3009006,BA
05-08-2016,132.21,132.44,131.01,131.73,3120136,BA
08-08-2016,132.14,132.95,131.75,132.19,2443769,BA
09-08-2016,132.73,132.99,132.23,132.62,3013939,BA
10-08-2016,132.1,133.53,131.71,132.28,2642249,BA
11-08-2016,132.85,133.56,132.3,133,2275674,BA
12-08-2016,132.9,133.78,132.63,133.1,2522553,BA
15-08-2016,133.7,135,133.55,134.66,2812634,BA
16-08-2016,134.15,135.21,133.4,135,2759206,BA
17-08-2016,134.85,134.99,134.11,134.72,2854630,BA
18-08-2016,134.72,135.96,134.53,135,2030826,BA
19-08-2016,134.5,135,133.84,134.44,1922645,BA
22-08-2016,134.3,135.67,133.84,134.99,2520722,BA
23-08-2016,135.32,136.37,133.64,134.14,3481863,BA
24-08-2016,134.01,134.65,133.07,133.29,2135910,BA
25-08-2016,133.3,133.3,132.42,132.98,1921352,BA
26-08-2016,133.5,134.08,131.82,132.23,1973740,BA
29-08-2016,132.72,133.58,132.32,132.9,2380035,BA
30-08-2016,133.19,133.44,130.68,130.81,3437290,BA
31-08-2016,130.83,130.83,129.14,129.45,3639176,BA
01-09-2016,130.03,130.03,128.36,129.9,2807237,BA
02-09-2016,130.89,131.96,130.58,131.16,2619944,BA
06-09-2016,131.63,132.99,131.27,132.99,4151796,BA
07-09-2016,132.48,133.08,132,132.64,2198686,BA
08-09-2016,132.32,132.91,131.51,132.9,2618307,BA
09-09-2016,131.94,131.94,128.52,128.53,4892944,BA
12-09-2016,126.88,130.68,126.31,130.12,6381112,BA
13-09-2016,129.22,130.02,128.26,128.76,4552399,BA
14-09-2016,128.91,129.31,127.34,127.67,3955402,BA
15-09-2016,127.57,128.46,126.94,127.77,3476794,BA
16-09-2016,127.71,127.71,126.34,126.7,8035616,BA
19-09-2016,127.5,128.3,127.27,127.48,3168098,BA
20-09-2016,127.95,128.5,127.57,127.79,2639279,BA
21-09-2016,128.18,130.63,128.18,130.56,3227758,BA
22-09-2016,131.45,132.48,131.17,131.87,3253143,BA
23-09-2016,131.25,132.29,131.01,131.78,2330720,BA
26-09-2016,131.07,131.58,130.43,130.57,2219885,BA
27-09-2016,130.29,131.74,129.86,131.32,1939020,BA
28-09-2016,131.59,132.36,130.59,132.23,1772965,BA
29-09-2016,131.8,132.78,130.68,131.03,2199395,BA
30-09-2016,132.09,132.63,131.27,131.74,3118877,BA
03-10-2016,131.28,132.72,130.74,132.38,2439410,BA
04-10-2016,132.77,133.23,131.69,132.25,2829188,BA
05-10-2016,132.93,134.9,132.55,134.66,3137532,BA
06-10-2016,134.83,135,133.68,134.42,3614860,BA
07-10-2016,133.93,134.66,132.54,133.85,4302031,BA
10-10-2016,134.59,136.87,134.59,135.84,3343271,BA
11-10-2016,134.94,135.69,133.27,133.74,3607330,BA
12-10-2016,133.76,134.28,133,133.16,2264188,BA
13-10-2016,132.42,133.93,131.39,133.38,3544190,BA
14-10-2016,134.56,135.25,133.48,133.5,2317429,BA
17-10-2016,133.5,135.38,133.33,134,2435134,BA
18-10-2016,135.03,135.74,134.92,135.1,2271047,BA
19-10-2016,135.42,136.95,135.33,136.18,2265864,BA
20-10-2016,135.92,136.75,135.37,135.84,2539711,BA
21-10-2016,134.72,136.19,134.25,135.63,2205772,BA
24-10-2016,136.41,138.88,136.41,137.45,3814247,BA
25-10-2016,137.53,139.42,137.35,139.02,5209103,BA
26-10-2016,138.43,146.19,136.72,145.54,13272044,BA
27-10-2016,145.83,146.23,141.78,143.31,7857081,BA
28-10-2016,143.72,144,142.17,143.01,4636070,BA
31-10-2016,143.05,143.35,142.15,142.43,3075889,BA
01-11-2016,142.95,143.9,141.81,142.41,3245017,BA
02-11-2016,142,142.87,140.59,140.75,2782065,BA
03-11-2016,140.76,140.9,139.35,140.02,2280825,BA
04-11-2016,139.11,140.85,138.8,139.54,2951457,BA
07-11-2016,141.5,143.1,141.49,143.03,3228202,BA
08-11-2016,141.92,143.31,141.29,142.2,2823805,BA
09-11-2016,141.6,145.85,141.54,145.09,5494382,BA
10-11-2016,146.51,149.34,146.39,147.69,6508251,BA
11-11-2016,147.12,148.6,146.56,148.52,3585163,BA
14-11-2016,148.21,150.09,148.21,149.99,4490877,BA
15-11-2016,148.44,149.45,147.19,148.11,3856601,BA
16-11-2016,147.3,148.41,146.14,146.44,3559655,BA
17-11-2016,146.83,147.12,145,145.33,3639049,BA
18-11-2016,145.18,146.6,144.46,146.35,2214419,BA
21-11-2016,147.21,148.49,146.52,147.02,2825906,BA
22-11-2016,147.9,149.76,147.88,149.52,3770004,BA
23-11-2016,149.61,150.81,149.03,149.74,3071074,BA
25-11-2016,150,150.15,149.03,150.04,962387,BA
28-11-2016,149,150.09,148.32,149.77,4728764,BA
29-11-2016,149.83,152.11,149.11,151.64,3945635,BA
30-11-2016,151.59,153.08,150.56,150.56,3990972,BA
01-12-2016,150.74,152.69,150.39,152.39,2843930,BA
02-12-2016,152.45,152.49,151.12,152.25,2105577,BA
05-12-2016,153.24,153.75,151.85,152.16,2855946,BA
06-12-2016,150.84,152.64,150.02,152.24,3476254,BA
07-12-2016,151.67,154.31,151.07,154.14,2955753,BA
08-12-2016,154.6,155.97,154.14,155.39,2928370,BA
09-12-2016,155.65,156.88,155.42,156.49,2707872,BA
12-12-2016,156,158,154.3,157.16,4250580,BA
13-12-2016,159.1,160.07,154.88,156.66,5650374,BA
14-12-2016,156.23,156.37,154.18,154.47,3640207,BA
15-12-2016,153.93,155.24,153.06,153.77,2889324,BA
16-12-2016,153.88,156,153.14,154.5,5888293,BA
19-12-2016,155.16,157.1,155.07,156.18,3002782,BA
20-12-2016,156.96,157.89,155.95,156.39,2270137,BA
21-12-2016,156.69,158.5,156.65,157.48,2326366,BA
22-12-2016,158.5,158.99,156.25,157.46,3958475,BA
23-12-2016,158.27,158.27,156.51,157.81,2135828,BA
27-12-2016,158.41,158.48,156.91,157.48,1858667,BA
28-12-2016,157.12,157.35,156.01,156.1,1810430,BA
29-12-2016,156,156.75,155.16,155.69,1803955,BA
30-12-2016,156.49,156.79,154.96,155.68,2028432,BA
03-01-2017,156.3,157.14,155.21,156.97,3426113,BA
04-01-2017,157.81,159.23,157.81,158.62,3189810,BA
05-01-2017,158.41,159.7,157.4,158.71,2795984,BA
06-01-2017,158.98,159.66,157.89,159.1,2426662,BA
09-01-2017,159,159.24,158.17,158.32,2839400,BA
10-01-2017,158.96,159.94,158.57,159.07,2988302,BA
11-01-2017,159.54,159.7,158.28,159.4,2416487,BA
12-01-2017,159.15,159.16,156.67,158.29,3020486,BA
13-01-2017,158.74,159.58,158.34,158.83,2435391,BA
17-01-2017,158.2,159.04,157.23,157.67,2758788,BA
18-01-2017,157.55,159.05,156.75,158.32,2087283,BA
19-01-2017,158.87,159.87,157.91,159,3143963,BA
20-01-2017,159.81,160.3,158.23,159.53,3384525,BA
23-01-2017,158.94,159.5,157.29,157.84,3931185,BA
24-01-2017,158.58,160.93,157.84,160.55,3927536,BA
25-01-2017,163.59,168.65,163.24,167.36,7480039,BA
26-01-2017,167.25,170,167.25,169.12,5436834,BA
27-01-2017,169.21,169.8,167.01,167.7,4883230,BA
30-01-2017,165.92,165.99,163.82,165.57,5456316,BA
31-01-2017,164.96,165.1,163.22,163.42,5350680,BA
01-02-2017,164.25,165.81,163.12,163.97,3138026,BA
02-02-2017,163.22,163.97,160.82,162.26,3791669,BA
03-02-2017,162.99,163.56,162.31,162.4,2981662,BA
06-02-2017,162.42,164.08,162.38,163.98,3110494,BA
07-02-2017,165,167.42,164.87,166.5,4243239,BA
08-02-2017,165,165.24,163.69,163.81,3041595,BA
09-02-2017,164.67,165.09,164.06,164.28,3451132,BA
10-02-2017,165.25,166.45,164.47,166.23,2689719,BA
13-02-2017,166.45,169.07,166.35,168.03,3765027,BA
14-02-2017,167.7,168.8,167.22,168.5,2580278,BA
15-02-2017,168.42,169.95,168.35,169.3,4033198,BA
16-02-2017,169.74,170.81,168.75,170.81,3070147,BA
17-02-2017,170.41,173.25,170.4,172.71,4982894,BA
21-02-2017,173.92,176.17,173.68,175.56,4231706,BA
22-02-2017,174.98,175.75,174.01,175.36,2832136,BA
23-02-2017,175.97,177,175.7,176.86,3502645,BA
24-02-2017,176.75,178.8,176.1,177.44,4197152,BA
27-02-2017,178,179.88,177.55,179.43,2892626,BA
28-02-2017,180.34,181.93,179.67,180.23,4785145,BA
01-03-2017,181.85,184.8,181.82,183.91,5461751,BA
02-03-2017,184,185.71,182.97,182.99,4909023,BA
03-03-2017,183.04,183.58,181.45,182.18,3940363,BA
06-03-2017,181.4,182.3,180.43,180.93,4244029,BA
07-03-2017,180.64,182.84,180.62,182.02,2451990,BA
08-03-2017,182.4,182.69,181.49,181.74,2321738,BA
09-03-2017,181.43,182.59,179.58,180.57,3100466,BA
10-03-2017,181.9,181.97,177.92,178.7,4595621,BA
13-03-2017,177.16,179.19,177.07,179.05,3499021,BA
14-03-2017,178.54,179.69,177.71,178.73,2346666,BA
15-03-2017,179,179.24,177.97,178.71,3569047,BA
16-03-2017,179.82,180,177.64,178.19,3100744,BA
17-03-2017,178.31,180.38,178.17,180.1,5037385,BA
20-03-2017,180.1,180.15,179.14,179.39,2062211,BA
21-03-2017,179.99,180.25,175.5,175.96,3239579,BA
22-03-2017,175.96,177.1,175.5,176.98,2505738,BA
23-03-2017,177.34,177.85,176.59,177.26,2006383,BA
24-03-2017,176.85,177.53,174.77,175.82,2386809,BA
27-03-2017,174.37,176.44,173.75,176.1,2750685,BA
28-03-2017,176.29,177.68,175,177.36,2412559,BA
29-03-2017,177.4,177.99,176.97,177.63,1640601,BA
30-03-2017,177.25,178.49,177.22,177.98,1737221,BA
31-03-2017,178.02,178.18,176.81,176.86,2032749,BA
03-04-2017,177.08,177.73,175.5,176.65,2934818,BA
04-04-2017,176.88,178.79,176.76,178.7,2326494,BA
05-04-2017,179,180.18,176.89,177.08,2567212,BA
06-04-2017,177.56,178.22,177.12,177.37,2343873,BA
07-04-2017,178.39,179.09,177.26,178.85,2806866,BA
10-04-2017,179,179.97,177.48,177.56,2309273,BA
11-04-2017,177.5,178.6,176.96,178.57,2266280,BA
12-04-2017,178.25,178.25,175.94,176.05,2922725,BA
13-04-2017,175.74,176.88,175.56,175.62,2024086,BA
17-04-2017,175.84,179.08,175.65,179.02,2450222,BA
18-04-2017,178.59,179.97,177.12,177.85,2960165,BA
19-04-2017,178.47,179.9,178.16,178.4,2124533,BA
20-04-2017,178.74,179.82,178.35,179.3,2335176,BA
21-04-2017,179.42,180.93,179.42,180.38,3146556,BA
24-04-2017,181.75,182.46,181.61,182.06,3141913,BA
25-04-2017,182.53,183.85,182.53,183.51,3735370,BA
26-04-2017,182.31,183,180.11,181.71,4471593,BA
27-04-2017,182.59,183.76,182.59,183.22,3129075,BA
28-04-2017,183.42,184.93,183.02,184.83,2181592,BA
01-05-2017,184.23,184.48,181.8,182.39,3516749,BA
02-05-2017,182.54,183.91,182.53,183.44,1979787,BA
03-05-2017,183.45,183.75,182.25,183.39,2983245,BA
04-05-2017,183.33,184.25,182.18,183.07,2289326,BA
05-05-2017,183.16,185.07,183.16,185.01,2636917,BA
08-05-2017,185.38,186.39,185,186.02,1963569,BA
09-05-2017,186.11,187.2,186.05,186.91,3003956,BA
10-05-2017,185.14,185.65,178.18,183.18,7060056,BA
11-05-2017,182.9,184.33,182.17,183.94,2883815,BA
12-05-2017,183.71,183.98,182.63,183.25,3479223,BA
15-05-2017,183.3,184.11,182.28,182.39,3364967,BA
16-05-2017,182.73,183.15,182.04,182.7,2156147,BA
17-05-2017,181.39,181.52,178.68,178.78,2535741,BA
18-05-2017,178.48,178.5,175.47,177.4,3118075,BA
19-05-2017,177.73,181.42,176.77,180.76,4038909,BA
22-05-2017,183.78,185.32,182.52,183.67,2946750,BA
23-05-2017,184,184.46,182.86,183.49,2123758,BA
24-05-2017,183.46,185.4,183.46,185.25,2425330,BA
25-05-2017,185.63,187.42,185.59,187.07,2363329,BA
26-05-2017,186.73,187.6,186.27,186.59,1735778,BA
30-05-2017,186.76,187.42,186.19,186.88,2231571,BA
31-05-2017,187.37,188.26,186.72,187.63,5186677,BA
01-06-2017,187.41,187.91,184.53,187.32,2870243,BA
02-06-2017,187.82,191.7,187.65,190.23,3034272,BA
05-06-2017,190.07,190.74,188.81,188.95,2522113,BA
06-06-2017,188.41,188.86,186.68,186.75,2724995,BA
07-06-2017,186.85,188.54,186.39,188.1,2383954,BA
08-06-2017,188.1,191.07,187.7,189.93,2340325,BA
09-06-2017,190,190.99,189.25,190.03,3344896,BA
12-06-2017,190.3,190.53,188.05,190,2730111,BA
13-06-2017,190.05,191.56,189.35,191.09,1882684,BA
14-06-2017,191.05,193.38,190.82,192.38,2210039,BA
15-06-2017,191.43,195.55,191.37,195.45,2894081,BA
16-06-2017,196.01,197.95,195.81,196.44,6939081,BA
19-06-2017,197.88,199.47,197,199.08,2726416,BA
20-06-2017,198.75,201.24,198.31,198.33,3077408,BA
21-06-2017,199.58,199.71,197.56,199.17,3151125,BA
22-06-2017,199.25,200.41,199.18,199.44,3339255,BA
23-06-2017,199.26,202.35,198.68,202.23,4310050,BA
26-06-2017,202.77,204.39,199.94,199.98,3077632,BA
27-06-2017,199.8,200.92,198.89,198.89,2296887,BA
28-06-2017,199.5,200.95,199.3,199.62,2096774,BA
29-06-2017,199.62,199.76,196.45,197.46,2428873,BA
30-06-2017,198.5,199.44,197.39,197.75,2225564,BA
03-07-2017,198.07,199.44,197.75,198.59,1511163,BA
05-07-2017,199.3,202.14,198.86,201.81,2716674,BA
06-07-2017,201.64,202.49,200.78,201.48,2737400,BA
07-07-2017,202.24,203.28,201.26,202.37,3090441,BA
10-07-2017,202.32,204.58,202.19,203.96,2701928,BA
11-07-2017,204,206.66,204,206.27,2815790,BA
12-07-2017,206.95,208.61,206.32,206.44,2817350,BA
13-07-2017,206.8,207,205.35,206.23,1943575,BA
14-07-2017,206.8,208.73,206.74,208.51,3229034,BA
17-07-2017,208.73,209.72,208.56,209,2415956,BA
18-07-2017,209.11,209.19,207.53,208.24,1943144,BA
19-07-2017,209.43,210.93,208.99,210.88,2258363,BA
20-07-2017,211.1,211.25,209.92,210.28,2235082,BA
21-07-2017,209.99,212.2,209.41,212.14,2098402,BA
24-07-2017,212,212.64,211.4,212.18,2392741,BA
25-07-2017,213.22,214,211.95,212.46,2889035,BA
26-07-2017,223.48,233.98,223.02,233.45,14139955,BA
27-07-2017,237.13,242.68,236.7,241,10860578,BA
28-07-2017,240.82,242,238.55,241.27,4602406,BA
31-07-2017,240.82,242,238.55,242.46,5777271,BA
01-08-2017,243.38,243.99,239.16,239.44,5018396,BA
02-08-2017,239.06,241.56,237.88,237.95,5119876,BA
03-08-2017,237.06,239.59,236.04,238.25,5112697,BA
04-08-2017,238.58,239.73,236.38,237.71,5590535,BA
07-08-2017,237.6,241.43,237.21,240.23,3674677,BA
08-08-2017,239.91,240.52,238.93,239.5,4871451,BA
09-08-2017,238.01,238.7,234.1,234.31,5680369,BA
10-08-2017,234.03,236.16,231.91,232.88,6817655,BA
11-08-2017,232.76,235.4,230.94,234.88,3461663,BA
14-08-2017,236.01,237.48,235.72,237.15,2953549,BA
15-08-2017,237.21,239.64,236.01,239.17,2851082,BA
16-08-2017,239.7,240.26,237.41,237.59,3012660,BA
17-08-2017,237.38,237.6,235.25,235.59,2810933,BA
18-08-2017,235,237.26,234.57,235.77,2939494,BA
21-08-2017,235.77,236.94,234.35,235.68,2545355,BA
22-08-2017,236.16,239.89,236.11,239.75,2915687,BA
23-08-2017,239.36,239.36,237.19,238.09,2518274,BA
24-08-2017,238.52,238.9,236.6,238.74,2553084,BA
25-08-2017,239,239.09,235.6,235.89,2270276,BA
28-08-2017,236.22,237.55,234.61,237.18,2394983,BA
29-08-2017,237.21,241.17,236.08,240.49,3535465,BA
30-08-2017,240.99,241.44,239,240.46,2801097,BA
31-08-2017,241,241.1,238.41,239.66,3075798,BA
01-09-2017,239.66,242.53,239.17,240.33,3271270,BA
05-09-2017,240.3,240.36,236.23,237,3869251,BA
06-09-2017,237.53,237.86,234.34,234.62,4252704,BA
07-09-2017,234.75,236.54,234.29,236.31,2994514,BA
08-09-2017,235.75,239.39,235.21,238.78,3404151,BA
11-09-2017,239.5,241.85,239.31,240.59,3628146,BA
12-09-2017,240.59,241.71,238.95,240.58,2702732,BA
13-09-2017,240,243.48,237.09,241.93,4529090,BA
14-09-2017,243,245.61,242.5,245.23,4995155,BA
15-09-2017,247.36,249.95,246.21,249,9033301,BA
18-09-2017,249.97,253.79,248.91,253.08,5192959,BA
19-09-2017,253.08,255.17,251.63,252.46,4124716,BA
20-09-2017,253.26,256.69,252.25,255.46,3853153,BA
21-09-2017,256.13,256.99,254.42,256.04,2809374,BA
22-09-2017,256.31,259.3,256.13,256.45,3475566,BA
25-09-2017,256.97,256.97,251.5,254.32,3479166,BA
26-09-2017,254.6,256.48,253.54,253.7,2173606,BA
27-09-2017,255.27,258.77,253.97,255.28,3812914,BA
28-09-2017,254.11,255.8,251.17,254.27,2586076,BA
29-09-2017,253.85,255.26,252.59,254.21,2531131,BA
02-10-2017,254.65,255.99,253.53,255.99,2685053,BA
03-10-2017,255.99,258.26,254.69,255.46,3163415,BA
04-10-2017,256.12,257.13,254.07,255.76,3030983,BA
05-10-2017,255.28,258.99,254.78,258.89,3940198,BA
06-10-2017,258,258.9,257.06,258.58,2736358,BA
09-10-2017,259,259,257.11,258.39,2146782,BA
10-10-2017,259.74,261.06,257.2,260.93,2740651,BA
11-10-2017,261.32,261.32,259.02,260.39,361602,BA
12-10-2017,260.95,262.98,260,261.91,2577900,BA
13-10-2017,262.9,263.79,260.74,260.74,2243903,BA
16-10-2017,261.5,262,259.69,259.75,1818869,BA
17-10-2017,256.49,259.05,256.26,258.62,2515865,BA
18-10-2017,258.47,260.73,256.66,260.04,2051651,BA
19-10-2017,258.98,259.1,256.03,259.04,2589203,BA
20-10-2017,260.36,264.83,259.44,264.75,3955922,BA
23-10-2017,265.13,265.98,262.14,262.32,3302395,BA
24-10-2017,263.24,267.21,263.24,266,4401597,BA
25-10-2017,264.78,266,254.5,258.42,7895318,BA
26-10-2017,259.72,261.44,257.31,259.27,3419137,BA
27-10-2017,258.26,259.5,255.8,256.46,2899168,BA
30-10-2017,255.45,260.41,255.33,259.25,3025919,BA
31-10-2017,259.34,259.93,257.47,257.98,2742775,BA
01-11-2017,258.29,259.41,256.24,258.5,2929490,BA
02-11-2017,258.31,263.24,258,262.63,2529912,BA
03-11-2017,262.42,263.79,260.08,261.75,2610784,BA
06-11-2017,262.62,265.84,262.53,264.07,2911598,BA
07-11-2017,264.07,267.28,264.07,266.13,3205378,BA
08-11-2017,266.14,267.62,265.29,265.57,2841807,BA
09-11-2017,265.01,266.75,259.56,262.7,3215865,BA
10-11-2017,262.11,262.5,259.6,260.85,1740621,BA
13-11-2017,261.67,263.36,260.49,262.42,2604867,BA
14-11-2017,262,262.4,260.2,261.76,2358169,BA
15-11-2017,261.42,264.77,260.15,262.86,2510533,BA
16-11-2017,263.76,265.04,263.34,263.7,2710174,BA
17-11-2017,262.82,263.74,262.03,262.26,1724790,BA
20-11-2017,263,265.62,262.76,264.63,2447398,BA
21-11-2017,266.24,267,264.71,266.99,2267052,BA
22-11-2017,267,267.48,264.53,265.15,1471390,BA
24-11-2017,265.26,266.57,264.53,265.88,788957,BA
27-11-2017,265.38,266.84,264.72,265.58,1772196,BA
28-11-2017,267,268.01,265.23,267.99,2262052,BA
29-11-2017,269.48,269.68,266.15,269.3,3029095,BA
30-11-2017,269.91,277.04,269.43,276.8,4820313,BA
01-12-2017,277.51,278.73,270.6,271.38,4592483,BA
04-12-2017,276.16,281.83,276,277.97,5523013,BA
05-12-2017,279.01,279.44,274.86,275.54,2806075,BA
06-12-2017,276.58,279.14,274,278.27,2538083,BA
07-12-2017,282.81,284.79,277.8,281.97,4264354,BA
08-12-2017,285.01,287.32,283.56,285.9,4440528,BA
11-12-2017,286.21,286.49,279.9,283.16,4065242,BA
12-12-2017,289.94,292.8,287.72,289.94,5517550,BA
13-12-2017,290.5,295.85,289.7,291.84,5003328,BA
14-12-2017,293.35,296.82,292.6,293.88,3913444,BA
15-12-2017,295.87,297.37,293.02,293.94,6933490,BA
18-12-2017,296,297.14,294.52,296.14,2901644,BA
19-12-2017,296.5,297.58,294.18,297.25,2728367,BA
20-12-2017,298.7,299.33,297.11,297.9,2533689,BA
21-12-2017,298.05,298.39,294.13,295.03,5398275,BA
22-12-2017,296.33,296.52,293.01,295.1,2257350,BA
26-12-2017,295.54,297.44,294.65,295.36,1394737,BA
27-12-2017,296.41,296.8,294.8,295.62,1447837,BA
28-12-2017,295.81,296.99,294.74,296.35,1436751,BA
04-01-2006,39.78,40.14,39.42,39.62,13491800,JPM
05-01-2006,39.61,39.81,39.5,39.74,8109400,JPM
06-01-2006,39.92,40.24,39.55,40.02,7966900,JPM
09-01-2006,39.88,40.72,39.88,40.67,16575200,JPM
10-01-2006,40.5,40.75,40.07,40.73,16614900,JPM
11-01-2006,40.73,40.87,40.61,40.7,12333100,JPM
12-01-2006,40.25,40.42,39.9,39.95,12230400,JPM
13-01-2006,39.78,40.03,39.65,39.92,10961200,JPM
17-01-2006,39.48,39.82,39.41,39.71,9941400,JPM
18-01-2006,39.11,39.71,38.95,39.35,17908500,JPM
19-01-2006,39.34,39.47,38.8,39.06,12092300,JPM
20-01-2006,38.81,38.82,37.88,38.05,20907200,JPM
23-01-2006,38.14,38.7,37.97,38.27,13172400,JPM
24-01-2006,38.27,38.53,38.09,38.11,9781500,JPM
25-01-2006,38.16,38.68,38.06,38.48,14248700,JPM
26-01-2006,38.71,39.81,38.71,39.59,16187900,JPM
27-01-2006,39.25,40.04,39.17,39.75,12929400,JPM
30-01-2006,39.52,39.97,39.42,39.85,8701700,JPM
31-01-2006,40.03,40.19,39.74,39.75,15582500,JPM
01-02-2006,39.88,40.22,39.67,39.88,11429800,JPM
02-02-2006,39.88,40.16,39.59,39.99,10309100,JPM
03-02-2006,39.45,40.1,39.4,39.53,10440700,JPM
06-02-2006,39.4,39.6,39.31,39.44,6591900,JPM
07-02-2006,39.2,39.6,39.05,39.26,8592600,JPM
08-02-2006,39.28,39.62,39.25,39.6,10065400,JPM
09-02-2006,39.53,40.03,39.44,39.77,8496300,JPM
10-02-2006,39.62,39.98,39.29,39.92,8790500,JPM
13-02-2006,39.77,40.31,39.61,39.77,7791600,JPM
14-02-2006,39.66,40.33,39.65,40.1,12904100,JPM
15-02-2006,39.97,40.5,39.97,40.32,12686700,JPM
16-02-2006,40.45,40.82,40.24,40.82,11572000,JPM
17-02-2006,40.66,40.82,40.4,40.78,11518600,JPM
21-02-2006,40.63,40.95,40.55,40.7,7324600,JPM
22-02-2006,40.89,41.55,40.74,41.41,13168400,JPM
23-02-2006,41.26,41.57,41,41.11,8739500,JPM
24-02-2006,40.94,41.83,40.87,41.66,9294300,JPM
27-02-2006,41.55,41.95,41.55,41.58,8542000,JPM
28-02-2006,41.59,41.6,40.97,41.14,11716200,JPM
01-03-2006,41.16,41.94,41.13,41.63,10547700,JPM
02-03-2006,41.63,41.84,41.37,41.66,10939800,JPM
03-03-2006,41.5,42.09,41.43,41.59,12290600,JPM
06-03-2006,41.48,41.81,41.14,41.43,9877500,JPM
07-03-2006,41.02,41.66,41.02,41.48,9441300,JPM
08-03-2006,41.49,41.74,41.2,41.6,9147100,JPM
09-03-2006,41.5,41.74,40.96,41.05,9767500,JPM
10-03-2006,41.06,41.4,40.87,41.13,11175700,JPM
13-03-2006,41.45,41.48,40.98,41.06,10626100,JPM
14-03-2006,41.26,41.5,41.25,41.38,16237100,JPM
15-03-2006,41.16,41.34,40.99,41.22,14017900,JPM
16-03-2006,41.42,41.53,41.26,41.32,10045600,JPM
17-03-2006,41.35,41.5,41.25,41.4,13042400,JPM
20-03-2006,41.31,41.55,41.15,41.45,9418000,JPM
21-03-2006,41.27,41.71,41.04,41.2,13473600,JPM
22-03-2006,41.19,42.2,41,42.05,13516100,JPM
23-03-2006,42.05,42.2,41.82,42.04,12986800,JPM
24-03-2006,41.99,42.43,41.91,42.1,7213400,JPM
27-03-2006,41.86,42.2,41.78,42.11,7836200,JPM
28-03-2006,41.93,42.21,41.5,41.56,15562700,JPM
29-03-2006,41.73,42.08,41.31,41.68,7822900,JPM
30-03-2006,41.54,42.04,41.12,41.53,9324800,JPM
31-03-2006,41.78,41.94,41.5,41.64,10371400,JPM
03-04-2006,41.95,42.46,41.88,41.93,10872900,JPM
04-04-2006,41.6,42.46,41.5,42.27,14010100,JPM
05-04-2006,42.17,42.66,42.04,42.54,9554600,JPM
06-04-2006,42.39,42.47,42.02,42.29,6226600,JPM
07-04-2006,42.25,42.44,41.63,41.7,10754100,JPM
10-04-2006,41.93,42.26,41.69,41.88,7409300,JPM
11-04-2006,42,42.35,41.48,41.61,8828400,JPM
12-04-2006,41.83,41.98,41.7,41.9,5873900,JPM
13-04-2006,41.96,42.42,41.91,42.19,6554700,JPM
17-04-2006,42.28,42.38,41.83,42,7986200,JPM
18-04-2006,42.22,42.75,42.07,42.6,11079700,JPM
19-04-2006,42.4,42.99,42.3,42.62,9448100,JPM
20-04-2006,42.5,42.95,42.38,42.6,8435900,JPM
21-04-2006,42.88,42.88,42.4,42.5,13733100,JPM
24-04-2006,42.51,42.78,42.16,42.68,9475900,JPM
25-04-2006,42.53,42.82,42.11,42.22,11649000,JPM
26-04-2006,42.39,42.74,42.16,42.66,10647800,JPM
27-04-2006,42.66,44.06,42.53,43.95,17465000,JPM
28-04-2006,44.1,45.9,44.1,45.38,28262300,JPM
01-05-2006,45.38,45.59,44.73,44.78,16235400,JPM
02-05-2006,45,45.51,44.91,45.5,12964600,JPM
03-05-2006,45.59,45.7,45.22,45.46,15589700,JPM
04-05-2006,45.51,45.81,45.5,45.69,10550700,JPM
05-05-2006,45.91,46.8,45.69,46.65,17342800,JPM
08-05-2006,46.6,46.65,46.04,46.1,10284000,JPM
09-05-2006,45.94,46.35,45.85,46.02,7931000,JPM
10-05-2006,45.74,46.12,45.51,45.92,7215600,JPM
11-05-2006,45.92,45.96,44.96,45.15,10533100,JPM
12-05-2006,44.95,44.96,44.26,44.32,18205000,JPM
15-05-2006,44.33,44.75,44.25,44.54,11232300,JPM
16-05-2006,44.6,44.8,44.13,44.32,8265300,JPM
17-05-2006,43.8,44.05,43.09,43.25,13005300,JPM
18-05-2006,43.29,43.41,42.69,42.74,10905200,JPM
19-05-2006,42.9,43.05,42.5,42.75,13343200,JPM
22-05-2006,42.75,42.95,42.34,42.64,14817200,JPM
23-05-2006,42.74,42.89,42.12,42.17,13258500,JPM
24-05-2006,42.1,42.48,41.59,42.15,14155700,JPM
25-05-2006,42.65,42.9,42.32,42.85,9902400,JPM
26-05-2006,43.1,43.38,42.95,43.23,7918100,JPM
30-05-2006,42.9,42.99,42.44,42.44,8680900,JPM
31-05-2006,42.66,42.97,42.17,42.64,11348000,JPM
01-06-2006,42.75,43.68,42.74,43.58,9034900,JPM
02-06-2006,43.8,44.2,43.53,43.81,9637700,JPM
05-06-2006,43.66,43.93,42.91,42.97,7868800,JPM
06-06-2006,42.97,43.18,42.01,42.38,12679200,JPM
07-06-2006,42.37,42.77,42.13,42.25,9958000,JPM
08-06-2006,42,42.5,41.25,42.35,14402700,JPM
09-06-2006,42.35,42.59,42.02,42.1,8106100,JPM
12-06-2006,42.1,42.23,41.59,41.6,9059600,JPM
13-06-2006,41.35,41.88,40.34,40.53,16537400,JPM
14-06-2006,40.64,40.85,39.33,39.97,16880100,JPM
15-06-2006,40.1,40.82,40,40.6,18481500,JPM
16-06-2006,40.6,40.7,40.01,40.16,15754500,JPM
19-06-2006,40.17,40.46,39.75,39.95,9090100,JPM
20-06-2006,40.14,40.78,40.04,40.49,11206400,JPM
21-06-2006,40.13,41.46,40.1,41.21,15242300,JPM
22-06-2006,41.12,41.67,41,41.07,10497000,JPM
23-06-2006,40.83,41.3,39.85,40.87,9954700,JPM
26-06-2006,40.67,41.5,40.61,41.5,11183300,JPM
27-06-2006,40.69,41.57,40.69,40.84,14116000,JPM
28-06-2006,41.17,41.31,40.94,41.27,8540400,JPM
29-06-2006,41.68,42.86,41.61,42.68,17320800,JPM
30-06-2006,42.93,42.99,42,42,16256700,JPM
03-07-2006,42.05,42.87,42,42.87,6828300,JPM
05-07-2006,42.87,42.87,42.04,42.41,10452000,JPM
06-07-2006,42.4,42.67,42.27,42.45,10906500,JPM
07-07-2006,42.45,42.75,42.29,42.41,6736400,JPM
10-07-2006,42.54,42.69,42.43,42.58,5332200,JPM
11-07-2006,42.36,42.99,42.15,42.87,8814500,JPM
12-07-2006,42.88,43.23,42.22,42.25,7025400,JPM
13-07-2006,41.95,41.96,41.21,41.39,11099000,JPM
14-07-2006,41.25,41.51,40.61,40.89,10439300,JPM
17-07-2006,40.81,40.94,40.4,40.73,10806600,JPM
18-07-2006,40.95,41.11,40.52,40.71,10760900,JPM
19-07-2006,41.9,43.06,41.74,43.05,27046900,JPM
20-07-2006,43.05,43.37,42.75,42.98,16368000,JPM
21-07-2006,43.17,43.47,42.79,43.15,15203300,JPM
24-07-2006,43.4,44.35,43.35,44.2,12629200,JPM
25-07-2006,44.15,44.86,44.01,44.63,12536000,JPM
26-07-2006,44.5,44.84,44.37,44.65,14170000,JPM
27-07-2006,44.68,44.97,44.2,44.7,13841100,JPM
28-07-2006,44.88,45.54,44.8,45.48,14011100,JPM
31-07-2006,45.1,45.71,45.04,45.62,14647100,JPM
01-08-2006,45.79,45.79,45.25,45.51,13403400,JPM
02-08-2006,45.9,45.91,45.2,45.49,11051900,JPM
03-08-2006,45.15,45.8,45.1,45.66,9045600,JPM
04-08-2006,45.96,46.1,44.12,45.12,14113100,JPM
07-08-2006,45,45.33,44.84,45.27,5934000,JPM
08-08-2006,45.48,45.72,44.94,44.99,11026100,JPM
09-08-2006,45.12,45.38,44.33,44.35,10454500,JPM
10-08-2006,44.25,44.35,43.67,44.05,10392300,JPM
11-08-2006,44.05,44.15,43.5,43.93,6868600,JPM
14-08-2006,44.3,44.5,43.71,43.89,6985600,JPM
15-08-2006,44.15,45.11,44.15,45.04,11078300,JPM
16-08-2006,45.44,45.65,45.12,45.47,8814800,JPM
17-08-2006,45.28,45.68,45.25,45.46,6163700,JPM
18-08-2006,45.68,45.71,45.27,45.71,9213600,JPM
21-08-2006,45.41,45.6,45.33,45.46,5649000,JPM
22-08-2006,45.27,45.59,45.11,45.35,6252400,JPM
23-08-2006,45.2,45.64,45.16,45.52,9684600,JPM
24-08-2006,45.7,45.97,45.63,45.68,8682800,JPM
25-08-2006,45.68,45.69,45.3,45.52,4450900,JPM
28-08-2006,45.4,46.04,45.31,46.02,7324900,JPM
29-08-2006,45.88,46.02,45.42,45.97,8050800,JPM
30-08-2006,45.89,46.07,45.7,45.73,8596400,JPM
31-08-2006,45.7,45.87,45.58,45.66,6245400,JPM
01-09-2006,45.85,45.9,45.32,45.73,6703300,JPM
05-09-2006,45.64,45.94,45.44,45.8,6134400,JPM
06-09-2006,45.65,46.05,45.48,45.88,7126800,JPM
07-09-2006,45.89,45.91,45.13,45.2,7278500,JPM
08-09-2006,45,45.44,44.68,45.26,7728200,JPM
11-09-2006,45.59,45.59,45.12,45.39,7174900,JPM
12-09-2006,45.39,46.02,45.29,46.01,11557700,JPM
13-09-2006,46.01,46.73,45.73,46.4,11745800,JPM
14-09-2006,46.41,46.56,46.1,46.5,7642400,JPM
15-09-2006,46.86,47.35,46.76,46.95,15421000,JPM
18-09-2006,46.7,46.95,46.47,46.58,11125300,JPM
19-09-2006,46.73,46.85,46.22,46.8,6768700,JPM
20-09-2006,46.95,47.49,46.95,47.22,9084200,JPM
21-09-2006,47.08,47.35,46.67,46.81,7782700,JPM
22-09-2006,46.7,46.94,46.51,46.82,6046700,JPM
25-09-2006,47.11,47.3,46.75,46.91,15331300,JPM
26-09-2006,46.91,46.95,46.39,46.9,12381400,JPM
27-09-2006,46.79,47.21,46.62,46.84,8886700,JPM
28-09-2006,47,47.32,46.9,47.15,6167400,JPM
29-09-2006,47.15,47.46,46.84,46.96,10115300,JPM
02-10-2006,46.96,47.33,46.74,46.87,7383000,JPM
03-10-2006,46.95,47.92,46.94,47.75,11801200,JPM
04-10-2006,47.05,47.54,46.95,47.49,20650900,JPM
05-10-2006,47.29,47.46,47,47.41,12915500,JPM
06-10-2006,47.1,47.2,46.78,46.86,10748900,JPM
09-10-2006,46.86,47.21,46.69,47.11,7252800,JPM
10-10-2006,47.29,47.66,47.09,47.53,14165100,JPM
11-10-2006,47.3,47.7,47.17,47.64,10288100,JPM
12-10-2006,47.7,48.57,47.55,48.26,14995200,JPM
13-10-2006,48.02,48.46,47.74,48.16,7298100,JPM
16-10-2006,47.98,48.1,47.5,47.73,7330800,JPM
17-10-2006,47.05,48.21,47,47.99,8882000,JPM
18-10-2006,47.84,48,46.61,47.21,21532700,JPM
19-10-2006,47.21,47.21,46.37,46.87,11988900,JPM
20-10-2006,46.88,47.13,46.54,47.12,10979200,JPM
23-10-2006,46.83,47.47,46.82,47.39,9344500,JPM
24-10-2006,47.07,47.21,46.75,47.14,13432000,JPM
25-10-2006,47.3,47.5,46.92,47.27,9021900,JPM
26-10-2006,47.35,47.95,47.31,47.77,7644300,JPM
27-10-2006,47.57,47.71,47.16,47.29,7112500,JPM
30-10-2006,47.34,47.67,47.08,47.45,10223000,JPM
31-10-2006,47.78,48.08,47.43,47.44,12564200,JPM
01-11-2006,47.75,47.82,46.71,46.93,11492200,JPM
02-11-2006,46.93,47.08,46.69,46.9,7059000,JPM
03-11-2006,47.15,47.25,46.5,46.89,7989000,JPM
06-11-2006,47.18,47.72,47.05,47.65,8633700,JPM
07-11-2006,47.5,48,47.47,47.49,8535500,JPM
08-11-2006,47.49,47.9,47.2,47.64,7511200,JPM
09-11-2006,47.65,47.75,47.18,47.24,6836700,JPM
10-11-2006,47.45,47.61,47.31,47.61,5849900,JPM
13-11-2006,47.4,47.89,47.36,47.66,7664600,JPM
14-11-2006,47.49,47.81,47.06,47.75,8276800,JPM
15-11-2006,47.57,47.67,46.99,47.45,11340800,JPM
16-11-2006,47.5,47.98,47.37,47.85,8192500,JPM
17-11-2006,47.99,47.99,47.59,47.66,12991600,JPM
20-11-2006,47.66,48.05,47.55,47.9,8614500,JPM
21-11-2006,47.78,47.94,47.4,47.75,7423800,JPM
22-11-2006,47.6,47.89,47.38,47.59,7003800,JPM
24-11-2006,47.22,47.53,47.18,47.27,2927000,JPM
27-11-2006,47.14,47.26,46.45,46.63,11109800,JPM
28-11-2006,46.46,46.59,45.78,46.2,13417200,JPM
29-11-2006,46.21,46.87,46.21,46.67,9414600,JPM
30-11-2006,46.72,46.74,46.05,46.28,13058500,JPM
01-12-2006,46.5,46.51,45.51,46.01,14731400,JPM
04-12-2006,46.28,47.13,46.16,46.84,13152400,JPM
05-12-2006,46.9,47.5,46.77,47.2,10747700,JPM
06-12-2006,47.07,47.25,46.76,46.83,14164500,JPM
07-12-2006,47.08,47.08,46.56,46.63,7397100,JPM
08-12-2006,46.66,47.14,46.35,46.76,9120200,JPM
11-12-2006,46.7,47.84,46.7,47.55,11240800,JPM
12-12-2006,47.56,47.97,47.35,47.63,16021000,JPM
13-12-2006,47.78,47.9,47.5,47.6,11353700,JPM
14-12-2006,47.61,48.04,47.3,47.95,10053100,JPM
15-12-2006,48.2,48.65,48,48.3,16172300,JPM
18-12-2006,48.3,48.6,48.03,48.23,8538200,JPM
19-12-2006,48.03,48.48,47.95,48.27,9291400,JPM
20-12-2006,48.33,48.37,48.14,48.22,6046000,JPM
21-12-2006,48.42,48.97,48.33,48.65,10946200,JPM
22-12-2006,48.64,48.8,47.62,47.89,8342000,JPM
26-12-2006,47.98,48.37,47.95,48.31,4101200,JPM
27-12-2006,48.54,49,47.82,48.95,7716600,JPM
28-12-2006,48.8,49,48.64,48.92,6526200,JPM
29-12-2006,48.75,48.91,48.27,48.3,9601700,JPM
03-01-2007,48,48.37,47.59,48.07,14245200,JPM
04-01-2007,48.05,48.55,47.75,48.19,9507000,JPM
05-01-2007,48.17,48.25,47.63,47.79,10761000,JPM
08-01-2007,47.57,48.06,47.32,47.95,8239200,JPM
09-01-2007,47.9,48.11,47.36,47.75,9279600,JPM
10-01-2007,47.47,48.12,47.44,48.1,15597000,JPM
11-01-2007,48,48.42,47.94,48.31,8049400,JPM
12-01-2007,48.1,48.26,47.9,47.99,10646900,JPM
16-01-2007,48.16,48.46,48.1,48.39,8696900,JPM
17-01-2007,48.65,48.89,48.12,48.43,16292200,JPM
18-01-2007,48.05,48.58,47.92,48.15,12654500,JPM
19-01-2007,48.3,48.83,48.14,48.76,14650600,JPM
22-01-2007,48.87,49.86,48.7,49.66,18325900,JPM
23-01-2007,49.57,49.86,49.28,49.83,12845900,JPM
24-01-2007,49.68,50.4,49.51,50.36,13869200,JPM
25-01-2007,50.24,50.68,49.93,50.21,14899400,JPM
26-01-2007,50,50.25,49.5,49.7,13990300,JPM
29-01-2007,49.57,49.65,49.11,49.47,12085000,JPM
30-01-2007,49.7,50.25,49.37,50.18,12325700,JPM
31-01-2007,50.07,51.16,49.85,50.93,18462300,JPM
01-02-2007,50.96,51.24,50.86,51.21,13420400,JPM
02-02-2007,51.22,51.33,50.73,50.93,15443400,JPM
05-02-2007,50.81,51.15,50.54,50.96,8079900,JPM
06-02-2007,50.85,51.32,50.76,51,9849200,JPM
07-02-2007,50.84,51.22,50.8,51.21,7537400,JPM
08-02-2007,51.06,51.06,50.52,50.93,10312300,JPM
09-02-2007,51.02,51.19,50.08,50.42,9489000,JPM
12-02-2007,50.59,50.65,50.25,50.44,7889200,JPM
13-02-2007,50.35,51.02,50.33,50.95,8374510,JPM
14-02-2007,51.09,51.55,51,51.42,10745969,JPM
15-02-2007,51.05,51.47,50.89,51.21,13339600,JPM
16-02-2007,51.16,51.35,51.01,51.25,11292700,JPM
20-02-2007,51.15,51.75,51.12,51.63,9171500,JPM
21-02-2007,51.45,51.85,51.27,51.65,9337100,JPM
22-02-2007,51.8,51.95,51.38,51.64,9112100,JPM
23-02-2007,51.55,51.75,50.72,51.03,10044900,JPM
26-02-2007,51.17,51.42,50.43,50.81,13342781,JPM
27-02-2007,50.61,50.61,47.6,49.22,21444900,JPM
28-02-2007,49.07,49.89,48.89,49.39,19189200,JPM
01-03-2007,48.98,49.44,48.3,49.2,22632849,JPM
02-03-2007,48.95,49,48.11,48.19,16924500,JPM
05-03-2007,47.6,48.16,47.2,47.54,20231800,JPM
06-03-2007,47.54,48.68,47.43,48.52,17752140,JPM
07-03-2007,48.69,48.87,48.26,48.36,13664700,JPM
08-03-2007,48.79,49.35,48.62,48.74,11979700,JPM
09-03-2007,49.12,49.35,48.53,48.82,9452900,JPM
12-03-2007,48.67,48.98,48.6,48.84,10445700,JPM
13-03-2007,48.45,48.5,46.56,46.7,25294400,JPM
14-03-2007,48.84,47.55,45.91,47.3,25044000,JPM
15-03-2007,47.3,48.19,47.14,47.7,15828700,JPM
16-03-2007,47.62,47.83,46.98,47.03,24762832,JPM
19-03-2007,47.2,47.8,47.16,47.58,14448195,JPM
20-03-2007,47.51,47.88,47.33,47.75,14507366,JPM
21-03-2007,47.81,49.65,47.81,49.05,20747687,JPM
22-03-2007,49.05,49.1,48.36,48.47,19609809,JPM
23-03-2007,48.59,48.89,48.43,48.52,11748300,JPM
26-03-2007,48.55,48.78,47.94,48.7,11851000,JPM
27-03-2007,48.59,48.82,48.35,48.57,11183670,JPM
28-03-2007,48.57,48.48,47.79,47.99,13176750,JPM
29-03-2007,47.99,48.64,48.02,48.5,10837095,JPM
30-03-2007,48.61,49.02,47.95,48.38,12674716,JPM
02-04-2007,48.38,48.49,47.7,48.24,13834475,JPM
03-04-2007,48.25,48.59,48.09,48.56,13572155,JPM
04-04-2007,48.56,48.71,48.27,48.56,9165227,JPM
05-04-2007,48.35,48.89,48.34,48.77,7991639,JPM
09-04-2007,48.78,49.13,48.66,49,7509461,JPM
10-04-2007,49.01,49.34,48.98,49.24,8200099,JPM
11-04-2007,49.1,49.34,48.98,49.15,12046120,JPM
12-04-2007,49.52,49.52,48.73,49.2,9472504,JPM
13-04-2007,49.45,49.45,48.66,49.09,11266319,JPM
16-04-2007,49.47,50.25,49.32,49.97,15764982,JPM
17-04-2007,49.97,50.42,49.71,50.18,12238991,JPM
18-04-2007,51.6,52.67,51.43,52.07,39200025,JPM
19-04-2007,52.03,52.23,51.35,52.09,20708638,JPM
20-04-2007,52.65,52.71,52.1,52.54,21168919,JPM
23-04-2007,52.35,52.7,52.05,52.28,12675506,JPM
24-04-2007,52.06,52.28,51.65,52.16,10860748,JPM
25-04-2007,52.24,52.94,52.18,52.82,18088439,JPM
26-04-2007,52.82,53,52.56,52.94,14440456,JPM
27-04-2007,52.77,52.8,52.14,52.55,14428558,JPM
30-04-2007,52.46,53.06,51.99,52.1,29900156,JPM
01-05-2007,52.4,52.5,51.6,52.26,13857416,JPM
02-05-2007,52.26,52.77,52,52.55,13194737,JPM
03-05-2007,52.83,52.92,52.37,52.7,9755189,JPM
04-05-2007,52.8,53.05,52.59,52.63,11976896,JPM
07-05-2007,52.81,52.95,52.55,52.73,7375343,JPM
08-05-2007,52.48,52.65,52.23,52.45,9028148,JPM
09-05-2007,52.55,53.25,52.43,53.2,12563653,JPM
10-05-2007,52.79,53.03,51.95,52,13478659,JPM
11-05-2007,52.12,52.38,51.72,52.15,12419349,JPM
14-05-2007,52,52.16,51.55,51.83,9342827,JPM
15-05-2007,52.09,52.71,52,52.03,11105002,JPM
16-05-2007,52.37,53.07,52.2,52.98,12925711,JPM
17-05-2007,52.78,53,52.5,52.56,9049968,JPM
18-05-2007,52.62,52.93,52.45,52.54,11115016,JPM
21-05-2007,52.38,52.81,52.31,52.56,10408224,JPM
22-05-2007,52.56,52.68,52.09,52.29,9665750,JPM
23-05-2007,52.33,52.64,51.93,51.99,11454241,JPM
24-05-2007,52,52.24,51.45,51.59,13105950,JPM
25-05-2007,51.53,51.85,51.26,51.64,10761416,JPM
29-05-2007,51.65,51.92,51.45,51.82,9552263,JPM
30-05-2007,51.43,52.06,51.35,52.06,10243379,JPM
31-05-2007,52.25,52.31,51.67,51.83,11024061,JPM
01-06-2007,51.83,52.08,51.66,51.9,12104746,JPM
04-06-2007,51.56,51.8,51.54,51.57,11122478,JPM
05-06-2007,51.24,51.49,51.19,51.22,13617278,JPM
06-06-2007,51.22,51.23,50.26,50.56,13885374,JPM
07-06-2007,50.3,50.65,49.74,49.82,17412969,JPM
08-06-2007,49.83,50.48,49.54,50.41,13564675,JPM
11-06-2007,50.41,50.84,50.03,50.43,11251980,JPM
12-06-2007,50.22,50.4,49.34,49.35,15389880,JPM
13-06-2007,49.63,50.39,49.52,50.29,14508000,JPM
14-06-2007,50.29,50.83,49.93,50.32,12440636,JPM
15-06-2007,50.64,50.99,50.42,50.56,18354200,JPM
18-06-2007,50.83,50.85,50.33,50.43,9293861,JPM
19-06-2007,50.44,50.88,50.29,50.85,12251872,JPM
20-06-2007,50.85,50.99,49.42,49.46,14921249,JPM
21-06-2007,49.69,49.88,48.68,49.84,20101918,JPM
22-06-2007,49.56,49.75,48.58,48.72,25110463,JPM
25-06-2007,48.72,49.21,48.06,48.36,17240147,JPM
26-06-2007,48.45,49.05,48.3,48.6,18965379,JPM
27-06-2007,48.6,49.3,48.08,49.24,16354111,JPM
28-06-2007,49.25,49.48,48.56,48.96,14430872,JPM
29-06-2007,49.23,49.3,48.1,48.45,21768160,JPM
02-07-2007,48.9,49.25,48.57,49.15,15735507,JPM
03-07-2007,49.19,49.58,49.04,49.34,7443990,JPM
05-07-2007,49.1,49.35,48.65,48.79,11612922,JPM
06-07-2007,48.62,49.16,48.45,48.97,10792303,JPM
09-07-2007,49.21,49.28,48.53,48.79,10577992,JPM
10-07-2007,48.3,48.57,47.46,47.51,21881922,JPM
11-07-2007,47.52,48.44,47.12,48.13,27237437,JPM
12-07-2007,48.69,49.63,48.13,49.53,19172919,JPM
13-07-2007,49.68,50.22,49.27,50.05,16393761,JPM
16-07-2007,49.91,50.46,49.73,49.83,12264636,JPM
17-07-2007,49.95,50.48,49.83,49.92,18302139,JPM
18-07-2007,48.81,49.29,47.83,48.88,35536900,JPM
19-07-2007,49.5,49.69,47.84,48.62,26199900,JPM
20-07-2007,48.81,48.81,47.38,47.56,30678200,JPM
23-07-2007,47.75,47.87,47.06,47.15,20521300,JPM
24-07-2007,46.63,46.95,45.12,45.34,35706800,JPM
25-07-2007,45.67,46.21,44.29,45.27,40176500,JPM
26-07-2007,44.3,44.55,43.5,44.08,51335731,JPM
27-07-2007,44.08,45.24,43.7,44.23,40020600,JPM
30-07-2007,44.75,45.14,43.61,44.75,32318300,JPM
31-07-2007,45.07,45.97,43.94,44.01,34080842,JPM
01-08-2007,43.7,44.44,43.2,44.38,44504483,JPM
02-08-2007,44.41,44.76,44,44.59,28322100,JPM
03-08-2007,44.6,44.95,43.39,43.65,36628800,JPM
06-08-2007,43.76,45.11,43.28,45.11,34200000,JPM
07-08-2007,44.99,46.05,44.15,45.34,30567500,JPM
08-08-2007,45.75,47.23,45.27,46.51,27477200,JPM
09-08-2007,45.04,45.94,44.17,44.17,39309000,JPM
10-08-2007,43.36,44.8,42.51,44.25,32549000,JPM
13-08-2007,45.23,45.43,43.68,43.83,21359500,JPM
14-08-2007,43.94,44.02,43.13,43.3,25217200,JPM
15-08-2007,43.13,44.42,42.81,43,27726695,JPM
16-08-2007,42.75,45.9,42.16,45.47,51421000,JPM
17-08-2007,48.08,48.29,46.15,47.01,57869823,JPM
20-08-2007,47.17,47.51,45.07,46.49,32691700,JPM
21-08-2007,46.12,47.08,45.75,46.2,23582204,JPM
22-08-2007,46.67,46.83,45.03,46,30846800,JPM
23-08-2007,46.45,46.58,45.15,45.67,21476600,JPM
24-08-2007,45.5,46,45.03,45.95,13248500,JPM
27-08-2007,45.75,45.9,44.89,44.91,13527102,JPM
28-08-2007,44.48,44.48,43.46,43.6,23517300,JPM
29-08-2007,43.88,44.23,43.15,44.13,21605600,JPM
30-08-2007,43.64,44.36,43.34,43.97,15581500,JPM
31-08-2007,45,45.13,44.27,44.52,16937800,JPM
04-09-2007,44.4,45.62,44.26,45.3,15416718,JPM
05-09-2007,44.83,44.97,44.07,44.17,15557000,JPM
06-09-2007,44.24,44.55,43.83,44.21,18994400,JPM
07-09-2007,43.27,43.99,43.2,43.52,21526200,JPM
10-09-2007,43.75,44.45,43.35,43.93,17187500,JPM
11-09-2007,43.96,44.84,43.67,44.54,15148000,JPM
12-09-2007,44.5,44.74,44.15,44.47,13903005,JPM
13-09-2007,44.42,45.78,44.38,45.6,20263027,JPM
14-09-2007,45.6,45.64,45.01,45.54,12482470,JPM
17-09-2007,45.39,45.63,44.89,45.29,17958300,JPM
18-09-2007,45.68,47.86,45.12,47.82,27267718,JPM
19-09-2007,47.97,48.06,47.17,47.57,31807739,JPM
20-09-2007,47.62,47.75,46.73,46.96,19553500,JPM
21-09-2007,47.5,47.54,46.63,47.13,20535000,JPM
24-09-2007,47.2,47.2,46.17,46.34,17346900,JPM
25-09-2007,46.25,46.25,45.65,46.1,16405154,JPM
26-09-2007,46.26,46.69,45.74,46.13,17485400,JPM
27-09-2007,46.2,46.28,45.68,46.21,12846300,JPM
28-09-2007,46.05,46.21,45.58,45.82,15587900,JPM
01-10-2007,45.47,47.04,45.42,46.81,17276202,JPM
02-10-2007,46.99,47.35,46.82,47.16,16003197,JPM
03-10-2007,46.71,47.46,46.65,47,12675700,JPM
04-10-2007,47.2,47.43,46.98,47.25,11141000,JPM
05-10-2007,47.45,47.88,47.28,47.58,13443200,JPM
08-10-2007,47.31,47.58,47.05,47.44,8310200,JPM
09-10-2007,47.59,47.7,46.99,47.57,12967407,JPM
10-10-2007,47.47,47.47,46.55,46.91,18858500,JPM
11-10-2007,47.01,47.62,46.53,46.66,27920700,JPM
12-10-2007,46.67,47.1,46.54,46.82,12506902,JPM
15-10-2007,46.77,46.82,45.79,46.27,16575300,JPM
16-10-2007,46,46.4,44.6,45.11,22510200,JPM
17-10-2007,47.04,47.12,45.75,46.37,34659600,JPM
18-10-2007,46.1,46.13,45.45,45.9,19400264,JPM
19-10-2007,45.79,46.6,44.96,45.02,29500900,JPM
22-10-2007,44.9,45.93,44.66,45.37,18094024,JPM
23-10-2007,45.92,45.99,45.13,45.94,13519045,JPM
24-10-2007,45.73,46.44,44.74,46.27,27352826,JPM
25-10-2007,46.1,46.55,45.15,46.05,20076379,JPM
26-10-2007,46.96,47.45,45.93,47.32,18852454,JPM
29-10-2007,47.39,47.5,46.51,46.67,18863100,JPM
30-10-2007,46.4,46.89,46.05,46.56,13131400,JPM
31-10-2007,46.95,47.55,46.04,47,23899100,JPM
01-11-2007,45.65,46.32,44.2,44.32,31730700,JPM
02-11-2007,44.45,44.48,42.06,43.15,39570300,JPM
05-11-2007,42.69,43.2,41.67,42.77,28852720,JPM
06-11-2007,42.69,44.34,42.69,44.11,28757366,JPM
07-11-2007,42.93,43.81,42.15,42.24,28982634,JPM
08-11-2007,42.51,42.92,40.68,42.61,37343357,JPM
09-11-2007,41.4,43.29,41.17,42.31,43587231,JPM
12-11-2007,42.11,43.68,41.86,42.39,27693578,JPM
13-11-2007,43.3,45.5,42.63,45.05,35966729,JPM
14-11-2007,45.9,46.02,44.44,45.15,25367380,JPM
15-11-2007,44.6,45.19,43.08,43.53,23434162,JPM
16-11-2007,43.74,44.11,42.48,43.09,29023947,JPM
19-11-2007,42.7,42.84,41.19,41.37,29656654,JPM
20-11-2007,41.37,42.35,40.28,41.63,33277745,JPM
21-11-2007,40.81,42,40.15,40.68,26759276,JPM
23-11-2007,41.5,42.2,40.96,41.95,10808359,JPM
26-11-2007,41.87,42.49,40.33,40.46,27132253,JPM
27-11-2007,40.92,42.48,40.57,42.35,28501541,JPM
28-11-2007,42.73,44.13,42.56,43.96,32246483,JPM
29-11-2007,43.38,44.09,43.01,43.65,23553931,JPM
30-11-2007,45.38,46.09,45.01,45.62,40113440,JPM
03-12-2007,45.9,45.92,44.95,45.21,21417200,JPM
04-12-2007,44.32,45.09,44,44.15,19315164,JPM
05-12-2007,44.54,45.19,43.93,44.9,20629364,JPM
06-12-2007,44.88,46.25,44.53,46.21,19131980,JPM
07-12-2007,46.21,46.81,45.85,46.08,15286546,JPM
10-12-2007,46.8,47.87,46.55,47.42,23391493,JPM
11-12-2007,47.11,48.02,45.5,45.94,38456367,JPM
12-12-2007,47.03,47.79,45.18,46.15,44364992,JPM
13-12-2007,45.83,46.26,44.73,45.76,41273001,JPM
14-12-2007,45.24,45.79,44.68,45.2,27651846,JPM
17-12-2007,44.82,45.5,44.36,44.53,19965649,JPM
18-12-2007,44.77,44.95,43.13,43.9,25224981,JPM
19-12-2007,43.9,45.1,43.66,43.98,21298489,JPM
20-12-2007,44.33,44.54,43.05,43.33,27147434,JPM
21-12-2007,43.92,44.18,43.33,44.11,26418091,JPM
24-12-2007,44.14,45.11,44.14,44.83,7679621,JPM
26-12-2007,44.72,44.99,44.24,44.94,14578604,JPM
27-12-2007,44.6,44.7,43.51,43.64,16533263,JPM
28-12-2007,44.19,44.27,42.82,43.26,16852162,JPM
31-12-2007,43.07,44.14,42.79,43.65,16361231,JPM
02-01-2008,43.55,43.79,42,42.17,22125565,JPM
03-01-2008,42.34,42.65,41.76,41.88,17151723,JPM
04-01-2008,41.41,41.8,40.63,40.93,25873807,JPM
07-01-2008,41.1,41.58,40.16,41.34,25650562,JPM
08-01-2008,41.46,41.58,39.42,39.7,33647847,JPM
09-01-2008,39.59,40.34,38.54,40.26,33546825,JPM
10-01-2008,39.77,42.14,39.3,41.33,41864265,JPM
11-01-2008,40.88,42.1,40.39,40.86,37520426,JPM
14-01-2008,41.27,41.75,40.6,41.36,22816918,JPM
15-01-2008,40.73,40.73,38.85,39.17,45254794,JPM
16-01-2008,40.46,42.65,40.21,41.43,63183651,JPM
17-01-2008,41.57,41.68,39.8,40.04,39653309,JPM
18-01-2008,40.24,40.67,38.52,39.59,51919063,JPM
22-01-2008,37.66,42,37.66,40.86,57178514,JPM
23-01-2008,40.4,46.15,40,45.72,77138502,JPM
24-01-2008,45.83,46.01,44.26,44.96,52062970,JPM
25-01-2008,45.67,45.84,43.21,43.64,38410888,JPM
28-01-2008,43.79,45.61,43.4,45.57,29739012,JPM
29-01-2008,45.94,47.8,44.75,47.45,56116750,JPM
30-01-2008,47.1,49.29,46.32,47.35,68346890,JPM
31-01-2008,46.41,48.19,45.85,47.4,55504631,JPM
01-02-2008,47.26,48.7,46.9,48.25,48839012,JPM
04-02-2008,47.83,48.14,46.03,46.22,28310182,JPM
05-02-2008,45.05,45.48,43.85,43.89,39046676,JPM
06-02-2008,44.27,44.74,43.27,43.72,27274782,JPM
07-02-2008,43.39,45.58,43.25,45.11,36819422,JPM
08-02-2008,44.96,44.96,43.26,43.82,26058426,JPM
11-02-2008,43.89,44,42.82,43.35,25873943,JPM
12-02-2008,43.66,44.45,42.75,43.31,27193377,JPM
13-02-2008,43.55,44.17,43.01,44.1,26533355,JPM
14-02-2008,44.05,44.1,42.47,42.61,31179952,JPM
15-02-2008,42.41,43.25,42.01,43.25,29037010,JPM
19-02-2008,43.54,44.05,42.17,42.83,25812146,JPM
20-02-2008,42.37,43.34,41.85,43.15,30150921,JPM
21-02-2008,43.14,43.69,42.22,43.07,32883925,JPM
22-02-2008,43.06,44.02,41.91,43.93,30453056,JPM
25-02-2008,43.43,44.46,42.76,44.03,27917259,JPM
26-02-2008,43.73,44.54,43.41,43.72,24989230,JPM
27-02-2008,43.07,44.49,42.62,44.41,38566939,JPM
28-02-2008,44,44.02,42.39,42.44,36608387,JPM
29-02-2008,41.88,41.97,40.38,40.65,36856972,JPM
03-03-2008,40.55,40.63,39.43,39.82,31482144,JPM
04-03-2008,39.37,39.58,38.22,39.19,56449288,JPM
05-03-2008,39.36,39.58,38.11,38.74,36325514,JPM
06-03-2008,38.18,38.23,37.15,37.37,44358883,JPM
07-03-2008,36.89,39.08,36.61,37.56,43263954,JPM
10-03-2008,37.73,38.26,36.31,36.48,41282906,JPM
11-03-2008,38.48,39.26,37.16,38.84,58410916,JPM
12-03-2008,38.85,40.23,38.4,38.61,44573337,JPM
13-03-2008,37.84,38.95,36.63,38.11,45538291,JPM
14-03-2008,38.8,38.8,36.01,36.54,77779621,JPM
17-03-2008,37,41.09,37,40.31,125322123,JPM
18-03-2008,42.19,42.88,41.25,42.71,76994238,JPM
19-03-2008,43.26,44.89,42.44,42.47,70596937,JPM
20-03-2008,42.91,46.45,42.47,45.97,72777140,JPM
24-03-2008,45.42,48.16,45.02,46.55,66013717,JPM
25-03-2008,46.02,46.65,44.91,46.06,54490422,JPM
26-03-2008,45.27,45.37,43.97,44.11,41132183,JPM
27-03-2008,44.22,44.49,42.86,42.86,32155487,JPM
28-03-2008,43.2,43.84,42.65,42.71,29012695,JPM
31-03-2008,42.71,44.25,42.61,42.95,28926478,JPM
01-04-2008,45.13,47,44.66,47,54562519,JPM
02-04-2008,47.08,47.56,45.94,46.24,36599963,JPM
03-04-2008,45.37,47.03,45.32,46.28,30315612,JPM
04-04-2008,45.85,46.44,45.12,45.57,29876733,JPM
07-04-2008,46.43,46.74,45.06,45.54,24069396,JPM
08-04-2008,45.24,45.61,44.43,44.86,29197621,JPM
09-04-2008,45.18,45.18,44.08,44.3,28477121,JPM
10-04-2008,44.2,44.81,43.58,43.86,32270157,JPM
11-04-2008,43.32,43.9,42.43,42.53,41961843,JPM
14-04-2008,42.4,42.8,41.17,41.5,33774804,JPM
15-04-2008,42.18,42.7,41.28,42.12,37273599,JPM
16-04-2008,43.53,44.96,43.1,44.96,52572556,JPM
17-04-2008,44.34,45.32,44.17,45.12,30305258,JPM
18-04-2008,46.33,46.86,45.42,45.76,31398108,JPM
21-04-2008,45.29,45.48,44.6,45.23,23514890,JPM
22-04-2008,44.96,45.8,44.75,45.65,23704171,JPM
23-04-2008,45.41,46.04,44.69,45.15,23260941,JPM
24-04-2008,45.37,47.34,45.34,46.97,37771535,JPM
25-04-2008,47.29,47.87,46.54,47.79,24266582,JPM
28-04-2008,47.56,48.09,46.81,47.34,27177926,JPM
29-04-2008,47.34,47.74,46.62,47.08,20738790,JPM
30-04-2008,47.25,48.64,46.73,47.65,36286660,JPM
01-05-2008,47.68,49.48,47.68,49.25,31724188,JPM
02-05-2008,49.9,49.95,48.03,48.66,27945332,JPM
05-05-2008,48.32,48.64,47.85,48,19276936,JPM
06-05-2008,47.34,48.7,47.25,48.2,25447829,JPM
07-05-2008,48.22,48.43,46.39,46.57,27638963,JPM
08-05-2008,46.98,47,45.31,46.05,26109747,JPM
09-05-2008,45.75,46.93,45.52,46.57,21722541,JPM
12-05-2008,46.82,47.29,46.51,47.24,20300926,JPM
13-05-2008,47.04,47.24,45.22,45.48,27487245,JPM
14-05-2008,46,46.37,45.3,45.91,24139414,JPM
15-05-2008,46.05,47.04,45.58,47.02,27289909,JPM
16-05-2008,47.32,47.32,46.05,46.53,20881101,JPM
19-05-2008,46.55,47.22,45.87,45.99,19402352,JPM
20-05-2008,45.66,45.66,43.5,43.7,48998310,JPM
21-05-2008,43.8,44.05,42.33,42.42,40615912,JPM
22-05-2008,42.4,43.73,42.1,43.05,28883557,JPM
23-05-2008,42.72,42.9,42.12,42.32,21441760,JPM
27-05-2008,42.4,43.4,42.3,43.01,28457910,JPM
28-05-2008,43.39,43.43,41.9,42.86,31689864,JPM
29-05-2008,42.69,44.06,42.29,43.57,22791079,JPM
30-05-2008,43.96,43.99,42.87,43,21394978,JPM
02-06-2008,42.63,42.77,41.66,42.15,30621114,JPM
03-06-2008,42.53,42.69,41.19,41.89,28906215,JPM
04-06-2008,41.74,42.35,41.16,41.63,30800252,JPM
05-06-2008,41.9,42.32,41.4,42.1,27756501,JPM
06-06-2008,41.79,41.79,39.95,40.09,39895257,JPM
09-06-2008,40.32,40.33,36.42,37.51,74860396,JPM
10-06-2008,37.23,39.23,37.16,38.29,54419385,JPM
11-06-2008,38.5,38.75,37.07,37.13,50971029,JPM
12-06-2008,37.71,38.75,37.63,38.01,53248442,JPM
13-06-2008,38.39,39.59,37.8,39.58,40469788,JPM
16-06-2008,39.48,40.65,39.1,39.94,34860163,JPM
17-06-2008,40.36,40.75,38.95,39.04,32510863,JPM
18-06-2008,38.53,39.25,37.93,38.74,35514472,JPM
19-06-2008,38.79,39.03,36.82,38.65,59945379,JPM
20-06-2008,37.69,39.19,36.95,37.86,55377221,JPM
23-06-2008,37.99,37.99,36.51,36.87,37742040,JPM
24-06-2008,36.81,38.26,36.25,37.72,43526293,JPM
25-06-2008,37.94,39.32,37.5,37.91,42317925,JPM
26-06-2008,37.16,37.58,36.2,36.32,45714251,JPM
27-06-2008,36.45,36.89,34.2,35.05,69316697,JPM
30-06-2008,34.86,35.5,33.96,34.31,50821599,JPM
01-07-2008,33.69,34.34,32.33,34.02,74621599,JPM
02-07-2008,34.36,35.75,34.23,34.6,51752983,JPM
03-07-2008,35.12,36.09,34.49,35.31,33060198,JPM
07-07-2008,35.5,35.95,33.56,34.04,48884383,JPM
08-07-2008,34.3,36.05,33.42,35.77,62289507,JPM
09-07-2008,35.74,36.74,34.09,34.28,50976763,JPM
10-07-2008,34,35.8,33.55,34.51,47812190,JPM
11-07-2008,33.38,34.45,32.09,33.16,71316650,JPM
14-07-2008,34.19,34.35,31.68,31.69,50370202,JPM
15-07-2008,30.73,32.82,29.24,31.02,88717736,JPM
16-07-2008,32.3,35.94,31.5,35.94,79957732,JPM
17-07-2008,38.05,40.99,37.8,40.8,132121391,JPM
18-07-2008,41.2,41.32,39.2,40.02,65411200,JPM
21-07-2008,40.34,40.95,38.35,38.65,41358838,JPM
22-07-2008,38.16,41.04,37.61,40.86,50104141,JPM
23-07-2008,40.91,43,39.37,41.96,59345347,JPM
24-07-2008,42.06,42.28,39.04,39.14,47454517,JPM
25-07-2008,39.17,40.44,38.48,39.52,35187986,JPM
28-07-2008,39.41,40.65,37.41,37.66,41676766,JPM
29-07-2008,37.94,40.75,37.18,40.75,50528418,JPM
30-07-2008,41.41,42.07,39.97,41.57,47957333,JPM
31-07-2008,40.63,41.96,40.3,40.63,37395434,JPM
01-08-2008,41.11,41.75,39.77,40.76,30776580,JPM
04-08-2008,40.14,40.89,38.91,40.14,27747977,JPM
05-08-2008,41.27,42,40.21,41.89,35763838,JPM
06-08-2008,41.35,42.27,40.34,41.39,33010549,JPM
07-08-2008,40.68,41.55,39.48,39.81,42712984,JPM
08-08-2008,39.51,41.65,39.4,41.07,37175212,JPM
11-08-2008,40.79,42.85,40.37,41.89,34644101,JPM
12-08-2008,40.99,41.01,37.02,37.92,65248229,JPM
13-08-2008,37.64,37.65,36.15,36.91,48577059,JPM
14-08-2008,36.59,38.43,36.42,37.81,41145372,JPM
15-08-2008,38.05,38.71,37.37,38.07,36657889,JPM
18-08-2008,37.92,38.03,36.65,36.74,32193039,JPM
19-08-2008,36.01,36.4,35,35.58,41426394,JPM
20-08-2008,35.52,37.07,35.02,37,39064903,JPM
21-08-2008,36.18,36.6,35.79,36.26,30564443,JPM
22-08-2008,37.22,38.25,36.86,37.67,36029104,JPM
25-08-2008,37.4,37.45,36.08,36.13,27089443,JPM
26-08-2008,36.17,37.12,35.9,36.61,28810766,JPM
27-08-2008,36.55,37.22,35.87,37.14,23812712,JPM
28-08-2008,37.66,38.88,37.23,38.88,34726122,JPM
29-08-2008,38.51,38.94,38.09,38.49,23329136,JPM
02-09-2008,39.56,40.02,38.5,38.99,33268058,JPM
03-09-2008,38.91,39.75,38.44,39.71,28788627,JPM
04-09-2008,39.3,39.78,37.83,37.91,41525372,JPM
05-09-2008,37.5,39.75,37.35,39.6,42101323,JPM
08-09-2008,42.39,43.66,40,41.55,85630403,JPM
09-09-2008,40.81,41.94,39.45,39.47,56440001,JPM
10-09-2008,39.99,40.44,38.79,39.4,46100363,JPM
11-09-2008,38.25,41.69,37.92,41.65,57019203,JPM
12-09-2008,40.84,41.96,40.19,41.17,51419142,JPM
15-09-2008,38.39,41.85,37,37,92491685,JPM
16-09-2008,35.58,40.95,35.02,40.74,90296226,JPM
17-09-2008,39.08,40.68,35.5,35.77,104396209,JPM
18-09-2008,36.53,41.05,34.04,40.3,132981963,JPM
19-09-2008,47,48,42.55,47.05,88526533,JPM
22-09-2008,45.69,45.9,40.75,40.8,44934162,JPM
23-09-2008,40.55,42.18,40.06,40.56,32443356,JPM
24-09-2008,41.5,42.5,40.22,40.5,27195353,JPM
25-09-2008,42.25,45,41.3,43.46,36831253,JPM
26-09-2008,40.55,49,40.48,48.24,148081388,JPM
29-09-2008,46.58,47.5,41,41,79527968,JPM
30-09-2008,44.63,47.39,43.77,46.7,67003178,JPM
01-10-2008,46.91,50,46.3,49.63,59471551,JPM
02-10-2008,49.25,49.85,46.72,49.85,53953237,JPM
03-10-2008,50.31,50.63,45.23,45.9,68646721,JPM
06-10-2008,43.49,45.15,41.7,44,63084020,JPM
07-10-2008,45.43,45.74,39.31,39.32,62406647,JPM
08-10-2008,38.93,43.55,38.5,39.3,75707795,JPM
09-10-2008,41.03,42.69,36.63,36.68,88839626,JPM
10-10-2008,35.03,42,35.02,41.64,112986930,JPM
13-10-2008,43.91,44.08,39.66,41.99,81687754,JPM
14-10-2008,43.33,43.55,39.66,40.71,95310299,JPM
15-10-2008,39.33,41.79,38,38.49,84755611,JPM
16-10-2008,39.02,41,36.31,40.49,75112397,JPM
17-10-2008,39.63,41.39,39.06,39.33,60995874,JPM
20-10-2008,40.01,40.7,38.8,40.66,44734564,JPM
21-10-2008,39.92,41.27,39.6,39.74,41780682,JPM
22-10-2008,39.15,40.05,36.01,37.17,60825194,JPM
23-10-2008,37.36,38.75,35.82,37.85,63921957,JPM
24-10-2008,35.12,37.73,34.51,35.43,61978019,JPM
27-10-2008,35.1,35.9,33.33,34,62725763,JPM
28-10-2008,34.95,37.72,32.52,37.6,73063021,JPM
29-10-2008,37.11,38.38,35.51,35.71,61839377,JPM
30-10-2008,36.89,38,36.03,37.62,47371930,JPM
31-10-2008,37.29,41.25,37.28,41.25,86951791,JPM
03-11-2008,41.25,41.25,40.2,40.73,45064073,JPM
04-11-2008,41.25,42.42,40.88,42.17,48943298,JPM
05-11-2008,41.73,42.5,38.62,39.22,53534431,JPM
06-11-2008,38.96,39.76,37.86,38.26,56490009,JPM
07-11-2008,38.23,38.52,36.47,37.75,50214337,JPM
10-11-2008,38.28,38.48,35.65,36.41,41561476,JPM
11-11-2008,35.98,37.45,35.27,36.35,61582855,JPM
12-11-2008,35.42,36.3,34.31,34.57,56734163,JPM
13-11-2008,34.65,37.5,33.5,37.19,74525841,JPM
14-11-2008,36.33,36.91,34.16,34.47,55940940,JPM
17-11-2008,33.82,34.87,32.5,32.77,57572845,JPM
18-11-2008,32.76,33.1,30.36,32.14,67814927,JPM
19-11-2008,31.69,32.02,28.28,28.47,90241837,JPM
20-11-2008,27.74,28.71,22.32,23.38,160729901,JPM
21-11-2008,23.74,24.42,19.69,22.72,194090479,JPM
24-11-2008,23.92,28.34,22.5,27.58,137388907,JPM
25-11-2008,29.63,30.71,28.5,29.77,105442865,JPM
26-11-2008,28.76,30.75,28.17,30.62,55646925,JPM
28-11-2008,30.36,31.93,30.13,31.66,23159136,JPM
01-12-2008,30.67,30.7,26.02,26.12,71001502,JPM
02-12-2008,26.54,28.9,24.61,28.53,81331920,JPM
03-12-2008,27.44,30.74,27.04,30.25,64929930,JPM
04-12-2008,29.84,32.9,29.75,31.08,80726595,JPM
05-12-2008,30.41,34,29.73,33.35,73640026,JPM
08-12-2008,33.97,37.7,33.6,36.49,84593426,JPM
09-12-2008,35.67,35.7,33.66,33.96,65861143,JPM
10-12-2008,34.4,34.96,33.08,33.52,47941532,JPM
11-12-2008,32.6,32.76,29.74,29.94,70929016,JPM
12-12-2008,28.44,31.22,28.01,30.94,59970270,JPM
15-12-2008,29.34,29.78,28.17,28.63,51635798,JPM
16-12-2008,29.01,32.75,28.84,32.35,75848261,JPM
17-12-2008,31.5,32.89,31.05,31.86,47420387,JPM
18-12-2008,32.16,32.59,30.12,30.21,57504018,JPM
19-12-2008,30.11,31.25,29.78,30.32,55697986,JPM
22-12-2008,30.64,31.19,29.51,29.82,36397404,JPM
23-12-2008,30.23,30.4,29.11,29.11,27001097,JPM
24-12-2008,28.65,29.88,28.65,29.85,12350122,JPM
26-12-2008,30.05,30.26,29.25,29.8,12641336,JPM
29-12-2008,29.99,30.02,28.8,29.78,22343234,JPM
30-12-2008,29.89,31.05,29.88,31.01,29847418,JPM
31-12-2008,30.7,31.94,30.44,31.53,25897370,JPM
02-01-2009,31.19,31.64,30.47,31.35,32506746,JPM
05-01-2009,30.73,30.77,29.08,29.25,44163158,JPM
06-01-2009,29.79,30.42,29.51,29.88,44252516,JPM
07-01-2009,29.15,29.4,28,28.09,42227658,JPM
08-01-2009,27.9,27.95,26.86,27.22,52075769,JPM
09-01-2009,27.55,27.55,25.81,25.97,42626443,JPM
12-01-2009,25.92,26.15,24.5,24.91,59372032,JPM
13-01-2009,25.21,26.59,24.27,26.35,73433094,JPM
14-01-2009,25.59,26.28,24.76,25.91,73975844,JPM
15-01-2009,26.54,27.05,23.76,24.34,136884131,JPM
16-01-2009,24.83,25,20.53,22.82,156865231,JPM
20-01-2009,21,21.27,17.7,18.09,142148970,JPM
21-01-2009,19.29,22.84,18.88,22.63,136495297,JPM
22-01-2009,22.36,23.83,21.21,23.1,110240773,JPM
23-01-2009,21.92,24.58,21.81,24.28,74369285,JPM
26-01-2009,25,25.75,23.74,24.5,74303271,JPM
27-01-2009,25.12,25.17,24.06,25.06,50830776,JPM
28-01-2009,27.19,27.77,26.34,27.66,91437908,JPM
29-01-2009,26.74,27.18,25.25,25.43,58668040,JPM
30-01-2009,25.81,26.98,24.6,25.51,74967561,JPM
02-02-2009,25,25.68,24.35,25.2,51543045,JPM
03-02-2009,25.03,25.45,23.7,24.05,66189128,JPM
04-02-2009,24.25,25.5,23.74,24.04,55330745,JPM
05-02-2009,23.74,25.32,22.49,24.54,79815430,JPM
06-02-2009,25.51,27.8,25.3,27.63,76845117,JPM
09-02-2009,26.65,27.97,26.3,27.28,54402994,JPM
10-02-2009,26.86,27.61,24.3,24.62,91948693,JPM
11-02-2009,25.25,26.62,25.14,26.09,64719064,JPM
12-02-2009,25.35,26.22,24.17,26.19,80536354,JPM
13-02-2009,25.25,25.89,24.66,24.69,58581624,JPM
17-02-2009,22.8,23.2,21.65,21.65,91426193,JPM
18-02-2009,22.18,22.3,21,21.51,82868416,JPM
19-02-2009,22.07,22.3,20.54,20.6,66504587,JPM
20-02-2009,19.71,21,18.75,19.9,135941533,JPM
23-02-2009,20.9,21.56,19.48,19.51,101617093,JPM
24-02-2009,20.13,21.1,18.96,21.02,186379922,JPM
25-02-2009,20.83,23.22,20.12,21.73,135795222,JPM
26-02-2009,23.32,24.18,22.8,23.05,125044404,JPM
27-02-2009,21.63,23.6,21.55,22.85,109879899,JPM
02-03-2009,21.7,22.43,21.07,21.16,94985408,JPM
03-03-2009,21.68,21.9,20.6,21.01,85590036,JPM
04-03-2009,21.74,21.74,18.8,19.3,145009784,JPM
05-03-2009,18.5,19,16.04,16.6,153822917,JPM
06-03-2009,17.19,17.67,14.96,15.93,155156925,JPM
09-03-2009,15.37,17.29,15.02,15.9,132882830,JPM
10-03-2009,17.35,19.5,17.13,19.5,149121782,JPM
11-03-2009,20.35,20.91,19.12,20.4,155494611,JPM
12-03-2009,20.15,23.33,20,23.2,152008868,JPM
13-03-2009,23.59,24.33,22.91,23.75,120476051,JPM
16-03-2009,24.31,25.27,22.96,23.09,125074778,JPM
17-03-2009,23.3,25.22,22.27,25.14,99937475,JPM
18-03-2009,24.82,27.33,24.18,27.11,142135197,JPM
19-03-2009,27.25,27.41,24.59,24.95,124939674,JPM
20-03-2009,24.66,24.78,23.15,23.15,108959520,JPM
23-03-2009,25.3,29.17,25.13,28.86,146880388,JPM
24-03-2009,28.05,29.3,26.2,26.4,133260341,JPM
25-03-2009,27.19,28.71,25.93,28.56,149502069,JPM
26-03-2009,29.05,29.6,27.65,29.1,133724931,JPM
27-03-2009,28.27,29.2,27.28,27.4,108619766,JPM
30-03-2009,25.67,26.37,24.78,24.85,104860471,JPM
31-03-2009,25.73,27.1,24.85,26.58,84307321,JPM
01-04-2009,25.29,28.28,25.29,28.14,106016822,JPM
02-04-2009,29.58,29.67,27.41,28.16,131840770,JPM
03-04-2009,27.98,29.28,27.5,29.28,80949489,JPM
06-04-2009,28.27,28.9,27.68,28.2,72187952,JPM
07-04-2009,27.28,28.05,27.01,27.25,73652589,JPM
08-04-2009,27.45,27.83,26.51,27.43,66538258,JPM
09-04-2009,30.44,33.09,30.2,32.75,147913000,JPM
13-04-2009,32.01,34.15,31.81,33.7,110196125,JPM
14-04-2009,33.04,33.25,30.65,30.7,109541379,JPM
15-04-2009,30.62,32.97,30.27,32.56,108069349,JPM
16-04-2009,34.01,34.01,32.36,33.24,132955926,JPM
17-04-2009,33.35,33.98,32.53,33.26,104962031,JPM
20-04-2009,31.78,32.42,29.64,29.69,109372119,JPM
21-04-2009,29.07,32.91,28.87,32.53,115629287,JPM
22-04-2009,31.64,34.14,31.32,31.9,124080216,JPM
23-04-2009,32.23,33.75,31.66,33.21,89366443,JPM
24-04-2009,33.66,34.5,32.25,33.38,117098029,JPM
27-04-2009,32.53,33.77,32.4,32.78,67841866,JPM
28-04-2009,32.35,33.72,32.28,32.79,65809864,JPM
29-04-2009,33.44,34.56,33.25,34.48,84731203,JPM
30-04-2009,35.01,35.21,32.75,33,94556895,JPM
01-05-2009,32.85,33.77,32.06,32.49,68254057,JPM
04-05-2009,33.06,35.98,32.9,35.79,100918366,JPM
05-05-2009,35.45,35.95,34.46,34.82,63510239,JPM
06-05-2009,35.82,37.35,35.56,37.22,102644801,JPM
07-05-2009,38.5,38.72,34.73,35.24,113228334,JPM
08-05-2009,36.8,38.94,36.2,38.94,110026329,JPM
11-05-2009,37.35,38.18,35.83,35.83,86807941,JPM
12-05-2009,36.24,36.26,34.06,35.36,94148853,JPM
13-05-2009,34.7,35.27,33.68,34.05,82160688,JPM
14-05-2009,34.12,35.62,33.82,35.54,68771499,JPM
15-05-2009,35.45,35.68,34.4,34.91,68300920,JPM
18-05-2009,35.71,37.35,35.2,37.26,71730806,JPM
19-05-2009,37.3,37.68,35.77,35.81,59860540,JPM
20-05-2009,36.61,36.76,34.26,34.55,77089360,JPM
21-05-2009,34.19,35.36,33.67,34.9,65068016,JPM
22-05-2009,35.26,35.3,34.41,34.41,39229944,JPM
26-05-2009,34.12,36.56,34.12,36.54,65487762,JPM
27-05-2009,36.5,36.72,34.66,34.66,76399448,JPM
28-05-2009,35.14,36.67,34.6,36.65,66107232,JPM
29-05-2009,36.35,37.07,35.68,36.9,61941772,JPM
01-06-2009,37.4,37.73,35.77,36.11,90184473,JPM
02-06-2009,35.07,35.52,34.45,34.5,159381609,JPM
03-06-2009,34.4,34.97,33.65,33.98,72136255,JPM
04-06-2009,34.4,35.44,34.23,35.35,70954116,JPM
05-06-2009,35.72,35.76,34.5,34.55,61583733,JPM
08-06-2009,34.55,35.73,34.55,35.39,61615056,JPM
09-06-2009,35.72,35.78,35.09,35.26,58992208,JPM
10-06-2009,35.57,35.67,34.37,34.84,60184453,JPM
11-06-2009,35.07,35.87,34.54,34.94,66560832,JPM
12-06-2009,34.86,35.44,34.8,35.13,41164088,JPM
15-06-2009,34.88,35.04,33.93,34,55388457,JPM
16-06-2009,34.27,34.39,33.38,33.5,56343992,JPM
17-06-2009,33.43,33.52,32.18,32.73,65456581,JPM
18-06-2009,32.85,34.31,32.84,34.17,63861440,JPM
19-06-2009,34.65,35.12,33.79,35,77009068,JPM
22-06-2009,34.69,35,32.86,32.87,70393196,JPM
23-06-2009,33.11,34.09,32.92,33.57,59046541,JPM
24-06-2009,33.78,33.93,33.07,33.46,50434379,JPM
25-06-2009,33.48,34.18,32.81,34.14,57205700,JPM
26-06-2009,33.88,34.74,33.48,34.45,46722495,JPM
29-06-2009,34.55,34.7,34.04,34.6,34914745,JPM
30-06-2009,34.6,34.79,33.87,34.11,39470545,JPM
01-07-2009,34.27,34.57,33.65,33.77,36469546,JPM
02-07-2009,33.36,33.77,32.27,32.27,38352125,JPM
06-07-2009,32.03,32.6,31.59,32.6,60663968,JPM
07-07-2009,32.63,33.4,32.13,32.81,56704856,JPM
08-07-2009,32.93,33.49,31.79,32.71,71793375,JPM
09-07-2009,32.89,33.75,32.87,33.62,41655510,JPM
10-07-2009,33.31,33.67,32.21,32.34,51037374,JPM
13-07-2009,32.87,34.71,32.43,34.71,70454179,JPM
14-07-2009,34.53,35.09,34.06,34.7,52923968,JPM
15-07-2009,35.11,36.76,35.01,36.26,84050086,JPM
16-07-2009,35.5,36.41,35.22,36.13,71465077,JPM
17-07-2009,36.42,37.2,36.18,36.89,61742241,JPM
20-07-2009,37.02,37.44,36.59,36.98,43554314,JPM
21-07-2009,37.2,37.31,36.6,36.94,43518273,JPM
22-07-2009,36.4,37.33,36.21,36.83,40142736,JPM
23-07-2009,36.95,38.47,36.57,38.15,56536814,JPM
24-07-2009,38.05,38.25,37.4,37.92,35332169,JPM
27-07-2009,37.97,39.47,37.57,38.13,30491184,JPM
28-07-2009,37.74,38.2,37.65,38.08,29035833,JPM
29-07-2009,37.79,38.24,37.44,37.77,29934538,JPM
30-07-2009,38.13,39.28,37.9,38.47,38530922,JPM
31-07-2009,38.38,38.65,37.93,38.65,39089490,JPM
03-08-2009,39.12,39.75,38.99,39.6,42957720,JPM
04-08-2009,39.27,40.5,39.17,40.21,43363702,JPM
05-08-2009,40.34,42.2,40.26,41.78,63334044,JPM
06-08-2009,42.28,42.46,40.22,40.75,54179565,JPM
07-08-2009,41.28,43.13,41.18,42.36,65708212,JPM
10-08-2009,42.03,43.22,42.01,42.69,43700563,JPM
11-08-2009,42.28,42.51,40.94,41.24,50699345,JPM
12-08-2009,41.19,42.45,41.03,42.21,43077025,JPM
13-08-2009,42.73,43,41.81,42.9,40385253,JPM
14-08-2009,42.63,42.85,41.8,42.45,38421084,JPM
17-08-2009,41.21,41.58,40.71,40.73,39162727,JPM
18-08-2009,41.1,41.88,41.06,41.7,29053576,JPM
19-08-2009,41.15,41.9,41,41.41,29394042,JPM
20-08-2009,41.53,42.63,41.48,42.42,29639540,JPM
21-08-2009,42.86,43.81,42.53,43.66,42863592,JPM
24-08-2009,43.86,44.24,42.95,43.01,40385157,JPM
25-08-2009,43.39,44.14,43.3,43.58,34835645,JPM
26-08-2009,43.39,43.78,42.92,43.3,31908382,JPM
27-08-2009,43.05,43.63,42.54,43.45,28975656,JPM
28-08-2009,43.81,43.86,42.51,42.92,27269166,JPM
31-08-2009,42.44,43.6,42.06,43.46,32251026,JPM
01-09-2009,43.08,43.82,41.56,41.67,51475326,JPM
02-09-2009,41.51,42.11,40.75,40.86,35898406,JPM
03-09-2009,41.23,42.25,41.11,42.11,35027838,JPM
04-09-2009,42.33,42.49,41.79,42.34,21880108,JPM
08-09-2009,42.79,43.04,41.85,42.54,28095097,JPM
09-09-2009,42.6,43.07,42.39,42.86,29039213,JPM
10-09-2009,42.73,43.15,42.2,43.02,25116549,JPM
11-09-2009,43.13,43.39,42.48,42.5,27296355,JPM
14-09-2009,42.08,43.85,42.01,43.75,28950261,JPM
15-09-2009,43.61,44.2,42.55,43.19,49988798,JPM
16-09-2009,43.35,44.68,43.21,44.65,38721892,JPM
17-09-2009,44.29,45.11,44.2,44.96,35705665,JPM
18-09-2009,45.24,45.34,44.7,44.95,39498505,JPM
21-09-2009,44.54,44.8,44.22,44.55,24069997,JPM
22-09-2009,44.81,46.49,44.48,46.47,41157763,JPM
23-09-2009,46.4,46.5,44.98,45.06,34452363,JPM
24-09-2009,45.21,45.8,44.26,44.37,42231338,JPM
25-09-2009,44.15,44.28,43.34,43.65,31061279,JPM
28-09-2009,43.97,44.83,43.69,44.81,25826098,JPM
29-09-2009,44.89,45.2,44.43,44.88,23930572,JPM
30-09-2009,44.8,44.89,43.43,43.82,40903919,JPM
01-10-2009,43.4,43.56,41.36,41.37,50562654,JPM
02-10-2009,40.82,42.4,40.53,41.86,43062265,JPM
05-10-2009,42.48,43.93,42.35,43.8,34435384,JPM
06-10-2009,44.36,45,44.07,44.91,41705369,JPM
07-10-2009,44.6,45.82,44.46,45.7,36148666,JPM
08-10-2009,46.04,46.44,45.05,45.3,36627638,JPM
09-10-2009,45.46,45.94,45.08,45.85,26034139,JPM
12-10-2009,46.37,46.42,45.35,46.08,24220586,JPM
13-10-2009,45.65,46.03,44.53,45.66,45701829,JPM
14-10-2009,47.19,47.47,46.63,47.16,70368648,JPM
15-10-2009,46.36,47.32,46.36,47.16,36105927,JPM
16-10-2009,46.7,46.88,46,46.06,37458936,JPM
19-10-2009,46.42,46.43,45.45,45.98,30415394,JPM
20-10-2009,45.81,46.59,45.77,46.03,30618891,JPM
21-10-2009,46.02,46.42,44.65,44.65,32991511,JPM
22-10-2009,44.92,45.87,44.83,45.71,32398751,JPM
23-10-2009,45.7,46.2,44.96,45.23,27639458,JPM
26-10-2009,45.12,45.21,43.55,43.82,42085476,JPM
27-10-2009,43.99,44.66,43.67,43.9,38086396,JPM
28-10-2009,43.73,43.81,42.5,42.68,45679483,JPM
29-10-2009,43.22,44.4,42.76,44.35,35898513,JPM
30-10-2009,43.95,43.97,41.73,41.77,58854000,JPM
02-11-2009,42.18,42.85,41.52,42.58,44605534,JPM
03-11-2009,42.09,42.96,41.98,42.7,29387727,JPM
04-11-2009,43.21,43.69,42.12,42.21,42548722,JPM
05-11-2009,42.6,43.93,42.4,43.87,32893228,JPM
06-11-2009,43.14,43.69,42.91,43.48,27144928,JPM
09-11-2009,43.93,44.39,43.3,44.35,38845466,JPM
10-11-2009,44.14,44.32,43.55,44.17,30980178,JPM
11-11-2009,44.34,44.99,43.78,44.32,32674799,JPM
12-11-2009,44.08,44.65,43,43.3,34655349,JPM
13-11-2009,43.16,43.29,42.36,42.9,36655692,JPM
16-11-2009,43.25,43.61,42.76,43.04,43535612,JPM
17-11-2009,42.92,43.19,42.54,43.16,25859629,JPM
18-11-2009,43.14,43.5,42.94,43.38,20424210,JPM
19-11-2009,43.1,43.18,42.26,42.55,26883918,JPM
20-11-2009,42.47,42.74,42.15,42.46,25332416,JPM
23-11-2009,42.95,43.64,42.7,43.28,29810622,JPM
24-11-2009,43.26,43.28,42.24,42.48,31881742,JPM
25-11-2009,42.67,42.67,41.94,42.16,26131141,JPM
27-11-2009,40.98,41.9,40.75,41.33,26230027,JPM
30-11-2009,41.56,42.65,41.49,42.49,38240518,JPM
01-12-2009,42.61,42.71,41.62,42.22,39220175,JPM
02-12-2009,42.15,42.15,41.47,41.93,32519645,JPM
03-12-2009,42.3,43.09,41.31,41.4,53314360,JPM
04-12-2009,42.25,42.51,41.22,41.74,61490232,JPM
07-12-2009,41.63,41.96,41.06,41.25,32949544,JPM
08-12-2009,41.01,41.4,40.62,41.21,41878869,JPM
09-12-2009,41.25,41.51,40.6,41.19,42499728,JPM
10-12-2009,41.36,41.56,40.66,41.27,36382982,JPM
11-12-2009,40.99,41.25,40.75,40.96,46616055,JPM
14-12-2009,41.01,41.93,40.7,41.77,35340705,JPM
15-12-2009,41.5,41.7,40.62,40.86,40244302,JPM
16-12-2009,41.17,41.7,40.88,41.36,43565371,JPM
17-12-2009,41.06,41.12,40.19,40.27,44272761,JPM
18-12-2009,40.53,41.19,40.04,40.95,48127607,JPM
21-12-2009,41.55,42.24,41.5,41.9,35993643,JPM
22-12-2009,42,42.1,41.69,41.94,24762010,JPM
23-12-2009,41.84,41.94,41.45,41.56,24503542,JPM
24-12-2009,41.68,41.89,41.51,41.89,7956428,JPM
28-12-2009,41.85,42.13,41.56,41.72,13042291,JPM
29-12-2009,41.73,41.8,41.46,41.49,15595238,JPM
30-12-2009,41.27,41.62,41.23,41.53,15504194,JPM
31-12-2009,41.62,42.13,41.45,41.67,20143085,JPM
04-01-2010,41.79,42.99,41.67,42.85,35463337,JPM
05-01-2010,42.79,43.84,42.78,43.68,41214102,JPM
06-01-2010,43.45,44.09,43.31,43.92,27731250,JPM
07-01-2010,43.79,45.12,43.61,44.79,44864655,JPM
08-01-2010,44.37,44.7,44.08,44.68,33110028,JPM
11-01-2010,45.12,45.19,44.31,44.53,31878678,JPM
12-01-2010,43.99,44.15,42.94,43.49,47115058,JPM
13-01-2010,43.55,44.53,42.87,44.25,39621999,JPM
14-01-2010,44.2,44.79,44.1,44.69,38002376,JPM
15-01-2010,44.3,44.43,43.34,43.68,69741561,JPM
19-01-2010,43.4,43.75,42.9,43.28,41740210,JPM
20-01-2010,43.01,43.68,42.71,43.4,39938496,JPM
21-01-2010,43.04,43.15,40.32,40.54,137547671,JPM
22-01-2010,40.65,41.2,38.82,39.16,106634855,JPM
25-01-2010,39.76,39.89,38.84,39.21,56576846,JPM
26-01-2010,39,39.84,38.28,38.44,52975239,JPM
27-01-2010,38.35,39.49,38.07,39.33,66324094,JPM
28-01-2010,39.68,40.04,38.72,39.48,65073527,JPM
29-01-2010,39.65,39.85,38.8,38.94,53655197,JPM
01-02-2010,39.1,39.93,38.95,39.63,37408104,JPM
02-02-2010,39.8,40.68,39.7,40.55,46019130,JPM
03-02-2010,40.58,41.1,40.17,40.29,37377626,JPM
04-02-2010,39.79,39.92,38.35,38.35,57211784,JPM
05-02-2010,38.64,38.88,37.02,38.3,75224101,JPM
08-02-2010,38.29,38.29,37.32,37.7,58320908,JPM
09-02-2010,38.19,38.7,37.84,38.39,45179625,JPM
10-02-2010,38.64,39.5,38.52,38.87,39331732,JPM
11-02-2010,38.84,39.37,38.36,39.02,33839394,JPM
12-02-2010,38.67,39.18,38.36,38.95,38055699,JPM
16-02-2010,39.33,40.14,38.75,40.07,46425240,JPM
17-02-2010,40.26,40.45,39.76,40.04,34650608,JPM
18-02-2010,39.94,40.51,39.77,40.41,31809500,JPM
19-02-2010,40.11,40.7,39.9,40.03,40295882,JPM
22-02-2010,40.4,41.3,40.25,40.85,43898838,JPM
23-02-2010,40.9,41.25,39.76,39.88,52233021,JPM
24-02-2010,40.05,40.97,40,40.85,44653539,JPM
25-02-2010,40.16,40.69,39.7,40.64,46723714,JPM
26-02-2010,40.69,42.3,40.6,41.97,67703269,JPM
01-03-2010,42.03,42.18,41.41,41.83,34615966,JPM
02-03-2010,41.98,42.4,41.36,41.62,33898020,JPM
03-03-2010,41.65,42.06,41.34,41.53,27564966,JPM
04-03-2010,41.91,42.08,41.66,41.92,25459141,JPM
05-03-2010,42.32,42.87,42.19,42.81,34794216,JPM
08-03-2010,42.85,43.03,42.47,42.59,28530182,JPM
09-03-2010,42.39,42.82,42.05,42.42,37107038,JPM
10-03-2010,42.87,43.49,42.81,42.93,40903641,JPM
11-03-2010,42.91,43.2,42.8,43.18,30128568,JPM
12-03-2010,43.34,43.54,42.85,43.15,31371963,JPM
15-03-2010,42.92,43.21,42.6,43.07,29148177,JPM
16-03-2010,43.35,43.38,42.69,43.24,28553791,JPM
17-03-2010,43.31,44.11,43.26,43.79,32920479,JPM
18-03-2010,43.75,43.79,43.15,43.64,26012001,JPM
19-03-2010,43.72,43.89,43.13,43.45,37014305,JPM
22-03-2010,43.07,43.79,43.04,43.74,23257201,JPM
23-03-2010,43.85,44.74,43.78,44.58,33740085,JPM
24-03-2010,44.44,44.97,44.2,44.94,36058923,JPM
25-03-2010,44.98,46.05,44.89,44.94,45023892,JPM
26-03-2010,45.04,45.89,44.8,45.02,39731914,JPM
29-03-2010,45.25,45.38,44.46,44.86,30634312,JPM
30-03-2010,44.9,45.05,44.36,44.58,30297920,JPM
31-03-2010,44.31,45,44.25,44.75,39047962,JPM
01-04-2010,45.03,45.31,44.99,45.18,23901929,JPM
05-04-2010,45.28,45.4,44.79,45.34,21347908,JPM
06-04-2010,45.23,45.94,45.15,45.84,28197602,JPM
07-04-2010,45.83,46.05,45.02,45.32,28895465,JPM
08-04-2010,45.16,45.97,44.81,45.76,28875019,JPM
09-04-2010,45.88,46.22,45.45,45.98,22889920,JPM
12-04-2010,46.03,46.47,45.9,46.14,24645845,JPM
13-04-2010,46.04,46.38,45.85,45.87,27988833,JPM
14-04-2010,47.4,47.93,46.78,47.73,72533037,JPM
15-04-2010,47.65,48.2,47.49,47.81,45420967,JPM
16-04-2010,47.67,47.75,45.14,45.55,121206568,JPM
19-04-2010,45.23,45.7,44.59,45.39,72141899,JPM
20-04-2010,45.77,46.15,45.56,45.88,39314079,JPM
21-04-2010,46.04,46.39,45,45.35,46327728,JPM
22-04-2010,44.91,45.12,44.03,44.74,63176893,JPM
23-04-2010,44.73,45.07,44.25,44.94,32489174,JPM
26-04-2010,44.78,44.81,43.73,43.89,42889274,JPM
27-04-2010,43.48,44.37,42.3,42.41,66296077,JPM
28-04-2010,42.84,43.71,42.78,43.46,48583712,JPM
29-04-2010,43.89,44.33,43.6,44,36520241,JPM
30-04-2010,44.02,44.05,42.23,42.58,54121062,JPM
03-05-2010,42.97,43.73,42.89,43.53,31230804,JPM
04-05-2010,42.97,43.36,42.25,42.47,48990389,JPM
05-05-2010,42.11,43.37,41.62,42.63,43062032,JPM
06-05-2010,42.63,42.78,39.29,40.81,78223575,JPM
07-05-2010,41.03,41.84,39.78,40.76,72976271,JPM
10-05-2010,42.32,43.3,41.42,41.95,66578277,JPM
11-05-2010,41.46,42.55,41.15,41.55,50771328,JPM
12-05-2010,41.74,41.79,40.81,41.69,47704069,JPM
13-05-2010,41.44,41.6,40.78,40.81,35332112,JPM
14-05-2010,40.1,40.1,39.21,39.89,60719888,JPM
17-05-2010,39.93,40.04,38.77,39.84,56506878,JPM
18-05-2010,40.62,40.62,38.55,39.02,61746022,JPM
19-05-2010,38.54,39.66,38.52,39.38,64602620,JPM
20-05-2010,38.55,39.25,37.31,37.83,76565502,JPM
21-05-2010,37.02,40.16,37.02,40.05,89588793,JPM
24-05-2010,40.16,40.25,38.5,38.62,49242316,JPM
25-05-2010,37.67,39.01,37.35,38.94,66813670,JPM
26-05-2010,39.19,39.5,38.47,38.78,50722221,JPM
27-05-2010,39.58,40.49,39.4,40.42,44851607,JPM
28-05-2010,40.33,40.35,39.36,39.58,41252340,JPM
01-06-2010,39.32,39.96,38.5,38.54,37848559,JPM
02-06-2010,39.17,39.62,38.67,39.55,39618408,JPM
03-06-2010,39.86,39.94,38.62,39.1,30956959,JPM
04-06-2010,38.49,38.7,37.5,37.62,52868851,JPM
07-06-2010,37.79,38.13,36.66,36.72,44528215,JPM
08-06-2010,36.86,37.8,36.55,37.78,51017832,JPM
09-06-2010,38.15,38.16,37.01,37.12,42585909,JPM
10-06-2010,37.68,38.37,37.41,38.29,44302588,JPM
11-06-2010,37.79,38.17,37.52,38.09,31147584,JPM
14-06-2010,37.97,38.27,37.23,37.33,48662150,JPM
15-06-2010,37.55,38.28,37.26,38.25,45364115,JPM
16-06-2010,38.02,38.88,37.99,38.52,37220666,JPM
17-06-2010,38.6,38.9,37.92,38.44,34755040,JPM
18-06-2010,38.6,39.27,38.38,39.18,37270782,JPM
21-06-2010,39.55,39.78,38.66,38.87,33665045,JPM
22-06-2010,38.93,39.58,38.22,38.33,42253316,JPM
23-06-2010,38.29,39.11,38.02,38.89,45046088,JPM
24-06-2010,38.55,38.7,37.42,38.03,73853657,JPM
25-06-2010,38.78,39.6,38.28,39.44,70742457,JPM
28-06-2010,39.55,39.64,38.47,38.54,39968436,JPM
29-06-2010,37.91,37.91,36.88,37.06,56696705,JPM
30-06-2010,37.02,37.49,36.51,36.61,35336326,JPM
01-07-2010,36.54,36.69,35.16,36.08,56647119,JPM
02-07-2010,36.31,36.69,35.34,35.83,36802729,JPM
06-07-2010,36.69,36.88,35.86,36.33,35955358,JPM
07-07-2010,36.64,38.24,36.41,38.15,44604148,JPM
08-07-2010,38.78,38.82,37.15,38.16,41500800,JPM
09-07-2010,37.75,38.89,37.68,38.85,30427958,JPM
12-07-2010,38.86,39.34,38.6,39.19,25000377,JPM
13-07-2010,39.81,40.69,39.74,40.48,48564751,JPM
14-07-2010,40.15,40.38,39.84,40.35,37320546,JPM
15-07-2010,40.72,40.84,39.31,40.46,81876125,JPM
16-07-2010,40.28,40.35,38.86,39,58507329,JPM
19-07-2010,39.03,39.36,38.12,39.04,35404826,JPM
20-07-2010,38.32,39.64,38.28,39.63,43538936,JPM
21-07-2010,40.25,40.25,38.34,38.42,41115560,JPM
22-07-2010,38.96,39.6,38.73,39.35,35495970,JPM
23-07-2010,39.17,39.96,38.97,39.83,28240909,JPM
26-07-2010,39.8,40.36,39.5,40.33,27206928,JPM
27-07-2010,40.74,41.24,40.61,40.69,44872683,JPM
28-07-2010,40.44,40.9,40.15,40.32,23945338,JPM
29-07-2010,40.71,40.83,39.91,40.21,29010262,JPM
30-07-2010,39.72,40.69,39.72,40.28,26444862,JPM
02-08-2010,40.98,41.7,40.73,41.64,35566679,JPM
03-08-2010,41.5,41.65,40.87,41.08,29967837,JPM
04-08-2010,41.22,41.4,40.86,41.29,23079686,JPM
05-08-2010,40.97,41.43,40.94,41.27,19830561,JPM
06-08-2010,40.74,40.95,39.97,40.44,34906770,JPM
09-08-2010,40.55,40.56,39.66,39.82,37795886,JPM
10-08-2010,39.67,39.73,39.16,39.17,34166433,JPM
11-08-2010,38.65,38.78,37.75,37.77,46201524,JPM
12-08-2010,37.36,37.99,37.22,37.81,35387300,JPM
13-08-2010,37.8,38.04,37.5,37.5,24564012,JPM
16-08-2010,37.32,37.82,37.28,37.69,28334062,JPM
17-08-2010,37.97,38.07,37.4,37.48,33883767,JPM
18-08-2010,37.39,38.19,37.39,37.89,27046143,JPM
19-08-2010,37.66,37.97,37,37.07,35387240,JPM
20-08-2010,37.11,37.36,36.81,37.14,30866394,JPM
23-08-2010,37.21,37.41,36.84,36.88,29282753,JPM
24-08-2010,36.59,36.7,35.92,36.21,48721687,JPM
25-08-2010,35.95,36.44,35.67,36.23,36063111,JPM
26-08-2010,36.36,36.62,35.62,35.63,31884601,JPM
27-08-2010,35.87,36.69,35.55,36.6,38449040,JPM
30-08-2010,36.4,36.6,35.83,35.85,27306470,JPM
31-08-2010,35.94,36.64,35.73,36.26,35030536,JPM
01-09-2010,36.74,37.8,36.66,37.74,36770447,JPM
02-09-2010,37.84,38.2,37.49,38.16,31282882,JPM
03-09-2010,38.47,39.17,38.47,39.17,34135589,JPM
07-09-2010,38.73,38.84,38.22,38.28,31885417,JPM
08-09-2010,38.34,39.43,38.34,39.12,30780924,JPM
09-09-2010,39.93,40.32,39.12,40.1,33438796,JPM
10-09-2010,39.92,40.25,39.67,39.76,21932099,JPM
13-09-2010,40.64,41.47,40.64,41.12,41643163,JPM
14-09-2010,40.97,41.23,40.46,40.72,42754045,JPM
15-09-2010,40.51,41.14,40.34,40.98,25405325,JPM
16-09-2010,40.72,41.1,40.55,40.99,25207452,JPM
17-09-2010,41.03,41.08,39.99,40.06,45938293,JPM
20-09-2010,40.24,41.31,40.03,41.19,33380587,JPM
21-09-2010,41.31,41.5,40.47,40.59,33548811,JPM
22-09-2010,40.43,40.84,39.75,39.94,34546338,JPM
23-09-2010,39.63,39.7,38.99,39.1,33471068,JPM
24-09-2010,39.51,39.8,39.3,39.75,28855020,JPM
27-09-2010,39.54,39.67,39.01,39.08,25686177,JPM
28-09-2010,39.36,39.4,38.61,38.95,31442541,JPM
29-09-2010,38.79,38.88,38.06,38.41,40206962,JPM
30-09-2010,38.49,38.95,37.96,38.06,54893036,JPM
01-10-2010,38.34,39.09,38.29,38.81,38973702,JPM
04-10-2010,38.98,39.54,38.71,38.95,38886009,JPM
05-10-2010,39.36,39.82,39.07,39.64,42379484,JPM
06-10-2010,39.56,40.07,39.42,39.9,31559812,JPM
07-10-2010,40.11,40.32,39.2,39.52,26923896,JPM
08-10-2010,39.67,39.78,39.13,39.31,28178479,JPM
11-10-2010,39.52,39.91,39.4,39.73,24600980,JPM
12-10-2010,39.47,40.49,39.47,40.4,38798017,JPM
13-10-2010,40.66,40.72,39.58,39.84,69607657,JPM
14-10-2010,39.25,39.38,38.1,38.72,76504897,JPM
15-10-2010,38.87,38.94,36.54,37.15,142280325,JPM
18-10-2010,37.15,38.26,37.01,38.2,55116886,JPM
19-10-2010,37.9,38.65,37.5,37.69,70595070,JPM
20-10-2010,38,38.3,37.46,38.1,43497155,JPM
21-10-2010,38.19,38.4,36.21,37.7,38288399,JPM
22-10-2010,37.5,37.78,37.32,37.7,24882106,JPM
25-10-2010,37.97,38.07,37,37.07,37900828,JPM
26-10-2010,36.98,37.26,36.78,37.2,39195432,JPM
27-10-2010,37.06,37.63,37,37.54,30777415,JPM
28-10-2010,37.7,37.96,37.33,37.51,30614513,JPM
29-10-2010,37.45,37.74,37.32,37.63,19803213,JPM
01-11-2010,37.61,38,37.1,37.42,36941900,JPM
02-11-2010,37.53,37.57,36.83,36.96,39913036,JPM
03-11-2010,36.98,37.83,36.96,37.72,35299548,JPM
04-11-2010,38.14,39.85,37.86,39.8,77569302,JPM
05-11-2010,39.89,41.34,39.78,40.94,75684781,JPM
08-11-2010,40.86,41.2,40.21,40.51,32973223,JPM
09-11-2010,40.43,40.68,39.73,39.9,32800041,JPM
10-11-2010,39.87,40.64,39.59,40.62,35587826,JPM
11-11-2010,40.27,40.44,39.85,40.02,25506905,JPM
12-11-2010,39.86,40.26,39.38,39.61,33504792,JPM
15-11-2010,39.82,40.64,39.71,40.08,28772432,JPM
16-11-2010,39.74,39.97,39.04,39.61,46066475,JPM
17-11-2010,39.58,39.68,38.98,39.18,32027458,JPM
18-11-2010,39.57,40,39.36,39.66,30990277,JPM
19-11-2010,39.41,39.64,39.26,39.41,26541910,JPM
22-11-2010,39.06,39.1,38.21,38.51,33249487,JPM
23-11-2010,38.01,38.22,37.6,37.63,35340392,JPM
24-11-2010,37.83,38.24,37.59,38.16,24273037,JPM
26-11-2010,37.71,37.98,37.5,37.5,12819133,JPM
29-11-2010,37.47,38.09,37.11,37.91,30919207,JPM
30-11-2010,37.49,37.79,37.24,37.4,33716630,JPM
01-12-2010,37.95,38.19,37.65,38.15,33157135,JPM
02-12-2010,38.43,39.38,38.33,39.31,41525957,JPM
03-12-2010,39.07,39.67,38.7,39.61,30070142,JPM
06-12-2010,39.48,40.05,39.3,39.9,25364434,JPM
07-12-2010,40.35,40.46,39.24,39.25,40908155,JPM
08-12-2010,39.36,40.33,39.06,40.26,38115835,JPM
09-12-2010,40.67,41.1,40.57,40.81,43008294,JPM
10-12-2010,40.89,41.5,40.77,41.43,28451226,JPM
13-12-2010,41.57,41.99,41.16,41.51,35730371,JPM
14-12-2010,41.44,41.5,40.47,40.79,34010702,JPM
15-12-2010,40.73,41,40.06,40.21,30263996,JPM
16-12-2010,40.42,40.68,39.82,40.01,37123163,JPM
17-12-2010,40.06,40.07,39.53,39.67,52004796,JPM
20-12-2010,39.83,40.27,39.69,39.95,22978112,JPM
21-12-2010,40.16,41.24,39.98,41,30757752,JPM
22-12-2010,41.17,42.54,41.16,42.16,47286243,JPM
23-12-2010,42.15,42.27,41.82,42.08,18932006,JPM
27-12-2010,41.82,42.68,41.8,42.67,17208995,JPM
28-12-2010,42.7,43.12,42.47,42.61,20386551,JPM
29-12-2010,42.58,42.77,42.3,42.36,13637332,JPM
30-12-2010,42.31,42.47,42.05,42.23,12903320,JPM
31-12-2010,42.11,42.45,42.04,42.42,12202493,JPM
03-01-2011,43,44.04,42.96,43.58,43284100,JPM
04-01-2011,43.78,44.3,43.34,44.16,40036724,JPM
05-01-2011,43.92,44.95,43.9,44.7,50032460,JPM
06-01-2011,44.4,44.8,44.25,44.48,31615264,JPM
07-01-2011,44.54,44.59,42.64,43.64,69579337,JPM
10-01-2011,43.27,43.76,43,43.4,30098079,JPM
11-01-2011,43.7,44.02,43.42,43.6,28067052,JPM
12-01-2011,44.44,44.9,44.25,44.71,44304853,JPM
13-01-2011,44.94,44.97,44.17,44.45,42192795,JPM
14-01-2011,44.51,45.94,44.45,44.91,86983737,JPM
18-01-2011,45.02,45.42,44.5,44.75,46237632,JPM
19-01-2011,44.55,44.97,43.6,43.71,44989128,JPM
20-01-2011,43.83,44.99,43.61,44.75,46977665,JPM
21-01-2011,45.05,45.54,44.85,45.29,44767336,JPM
24-01-2011,45.21,45.48,44.86,45.02,27826781,JPM
25-01-2011,44.82,45.43,44.26,44.87,36022337,JPM
26-01-2011,45.2,45.48,44.87,44.98,25639361,JPM
27-01-2011,44.98,45.38,44.69,45.1,26740893,JPM
28-01-2011,45.05,45.88,44.4,44.54,38603129,JPM
31-01-2011,44.41,45.1,44.4,44.94,23574462,JPM
01-02-2011,45.2,46,45.16,45.93,28255494,JPM
02-02-2011,45.79,45.98,45.34,45.45,24104899,JPM
03-02-2011,45.48,45.75,44.84,45.46,23322381,JPM
04-02-2011,45,45.17,44.3,44.59,38172829,JPM
07-02-2011,44.75,45.75,44.65,45.5,36790834,JPM
08-02-2011,45.49,45.82,45.31,45.74,28649451,JPM
09-02-2011,45.36,45.5,44.65,45.11,33490937,JPM
10-02-2011,45.1,45.54,44.95,45.53,22688507,JPM
11-02-2011,45.4,46.89,45.4,46.57,40814416,JPM
14-02-2011,46.6,46.9,46.47,46.54,28699124,JPM
15-02-2011,46.56,47.34,46.54,46.82,35979863,JPM
16-02-2011,47.15,48.36,47.1,47.94,44327747,JPM
17-02-2011,47.77,47.99,47.5,47.82,22934972,JPM
18-02-2011,47.82,48.13,47.55,48,23852134,JPM
22-02-2011,47.2,47.27,45.85,46.01,44561836,JPM
23-02-2011,46.04,46.5,45.29,45.96,36266394,JPM
24-02-2011,45.63,46.06,45.21,45.91,31928879,JPM
25-02-2011,46.25,46.86,46.12,46.68,26783016,JPM
28-02-2011,46.81,47.18,46.42,46.69,25985944,JPM
01-03-2011,46.47,46.69,45.59,45.6,33685017,JPM
02-03-2011,45.39,45.97,45.07,45.21,28602007,JPM
03-03-2011,45.72,46.33,45.71,46.08,23045500,JPM
04-03-2011,45.98,46.04,45.1,45.52,27733362,JPM
07-03-2011,45.62,45.65,44.76,45.19,28122077,JPM
08-03-2011,45.38,46.69,45.3,46.4,32949342,JPM
09-03-2011,46.33,47.1,46.02,46.56,25179569,JPM
10-03-2011,46.08,46.25,45.26,45.53,33815387,JPM
11-03-2011,45.28,45.84,45.25,45.74,20347910,JPM
14-03-2011,45.42,45.54,44.63,45.3,24513339,JPM
15-03-2011,44.55,44.99,43.85,44.61,35632163,JPM
16-03-2011,44.64,44.78,43.66,43.81,41999205,JPM
17-03-2011,44.46,44.61,43.4,44.56,46752306,JPM
18-03-2011,45.24,46.18,44.75,45.74,77445705,JPM
21-03-2011,46.28,46.32,45.32,45.63,28998804,JPM
22-03-2011,45.66,45.71,45.35,45.47,19773155,JPM
23-03-2011,45.29,45.69,44.77,45.6,26695103,JPM
24-03-2011,45.7,45.84,45.09,45.73,21763428,JPM
25-03-2011,45.7,46.38,45.67,45.86,20728953,JPM
28-03-2011,46.1,46.5,45.95,45.96,19047618,JPM
29-03-2011,45.83,46.04,45.52,46.02,17916404,JPM
30-03-2011,46.53,46.85,46.22,46.45,26850725,JPM
31-03-2011,46.05,46.34,45.96,46.1,23491762,JPM
01-04-2011,46.55,46.88,46.18,46.35,25395781,JPM
04-04-2011,46.12,46.52,46.05,46.34,15710209,JPM
05-04-2011,46.17,46.77,46.05,46.58,21199013,JPM
06-04-2011,46.81,47.73,46.63,47.64,31212869,JPM
07-04-2011,47.64,47.8,46.96,47.4,29988334,JPM
08-04-2011,47.52,47.66,46.63,46.84,23827177,JPM
11-04-2011,47,47.27,46.75,46.86,25643410,JPM
12-04-2011,46.55,47.11,46.25,46.64,27275621,JPM
13-04-2011,47.24,47.37,45.88,46.25,55395689,JPM
14-04-2011,45.68,45.75,44.91,44.97,45218921,JPM
15-04-2011,45.24,45.37,44.83,44.89,32483879,JPM
18-04-2011,44.27,44.35,43.53,43.96,50974276,JPM
19-04-2011,44.26,44.71,43.76,44.65,26720104,JPM
20-04-2011,44.9,44.97,43.94,44.56,35566808,JPM
21-04-2011,44.68,44.84,44.12,44.68,24386589,JPM
25-04-2011,44.65,45.02,44.38,44.61,17360519,JPM
26-04-2011,44.85,45.43,44.61,45.12,25893126,JPM
27-04-2011,45.3,45.63,45.05,45.5,20852690,JPM
28-04-2011,45.61,45.93,45.41,45.85,19862755,JPM
29-04-2011,45.81,46.02,45.4,45.63,23363095,JPM
02-05-2011,45.94,45.99,45.11,45.18,25913966,JPM
03-05-2011,44.95,46.07,44.86,45.92,30039119,JPM
04-05-2011,45.98,46.04,45.28,45.5,22739271,JPM
05-05-2011,45.24,45.71,44.99,45.17,26165514,JPM
06-05-2011,45.47,45.71,44.76,45.04,26356067,JPM
09-05-2011,44.75,45.11,44.32,44.96,22475423,JPM
10-05-2011,45.06,45.5,44.98,45.16,20541125,JPM
11-05-2011,45.02,45.04,44.11,44.23,31528851,JPM
12-05-2011,44.1,44.33,43.55,44.09,29589929,JPM
13-05-2011,44.06,44.1,42.98,43.15,32878376,JPM
16-05-2011,42.97,43.48,42.72,42.88,34907303,JPM
17-05-2011,42.68,44.02,42.65,43.81,36333561,JPM
18-05-2011,43.72,44.24,43.41,44.08,24382933,JPM
19-05-2011,44.32,44.35,43.75,44,19539524,JPM
20-05-2011,43.83,44.09,43.09,43.13,29951525,JPM
23-05-2011,42.4,42.9,42.3,42.55,32316785,JPM
24-05-2011,42.77,42.92,41.69,42.34,39341319,JPM
25-05-2011,42.11,42.75,42.1,42.27,26510052,JPM
26-05-2011,42.12,42.59,42.1,42.45,21660730,JPM
27-05-2011,42.7,43.15,42.54,42.79,24748707,JPM
31-05-2011,43.24,43.38,42.77,43.24,28746221,JPM
01-06-2011,42.87,42.99,41.73,41.76,38634790,JPM
02-06-2011,41.93,42.2,40.83,41.61,45969424,JPM
03-06-2011,41.09,42.25,41.02,41.57,31837491,JPM
06-06-2011,41.1,41.24,40.37,40.53,40895852,JPM
07-06-2011,40.92,41.31,40.65,40.72,36342388,JPM
08-06-2011,40.58,41.07,40.2,40.39,38895183,JPM
09-06-2011,40.59,41.24,40.54,40.98,30084305,JPM
10-06-2011,40.59,41.5,40.1,41.05,48547057,JPM
13-06-2011,41.29,41.82,40.72,41.67,31768310,JPM
14-06-2011,42.13,42.44,41.48,41.6,32110148,JPM
15-06-2011,41.02,41.4,40.25,40.68,37337308,JPM
16-06-2011,40.63,40.71,39.7,40.36,50321135,JPM
17-06-2011,40.85,41.06,40.54,40.8,32023979,JPM
20-06-2011,40.5,40.81,40.12,40.48,21568823,JPM
21-06-2011,40.68,41.23,40.25,40.91,34244084,JPM
22-06-2011,40.67,41.53,40.48,40.69,27317060,JPM
23-06-2011,40.12,40.25,39.62,40.07,48316522,JPM
24-06-2011,40.05,40.18,39.44,39.49,36143032,JPM
27-06-2011,39.4,40.11,39.33,39.88,30639635,JPM
28-06-2011,40.07,40.07,39.24,39.54,41558662,JPM
29-06-2011,40.04,40.56,39.92,40.45,44783465,JPM
30-06-2011,40.72,41.07,40.37,40.94,28002025,JPM
01-07-2011,40.81,41.72,40.77,41.58,32136736,JPM
05-07-2011,41.51,41.51,40.97,41.03,23811209,JPM
06-07-2011,40.59,40.65,40.18,40.56,23868334,JPM
07-07-2011,41.19,41.79,41.1,41.32,28554303,JPM
08-07-2011,40.7,40.97,40.56,40.74,20682965,JPM
11-07-2011,40.19,40.22,39.29,39.43,38327919,JPM
12-07-2011,39.24,40.12,39.24,39.39,33808210,JPM
13-07-2011,39.67,40.37,39.41,39.62,34020567,JPM
14-07-2011,41.18,41.24,40.29,40.35,65336261,JPM
15-07-2011,40.61,40.75,39.5,39.98,46553295,JPM
18-07-2011,39.79,40,38.93,39.83,47604249,JPM
19-07-2011,39.92,40.49,39.71,40.39,34844494,JPM
20-07-2011,40.69,41.36,40.62,40.96,31250813,JPM
21-07-2011,41.57,42.55,41.23,42.29,45554055,JPM
22-07-2011,42.27,42.32,41.76,42.19,19986046,JPM
25-07-2011,41.52,41.91,41.29,41.69,22531003,JPM
26-07-2011,41.5,41.79,41.29,41.44,24354927,JPM
27-07-2011,41.2,41.4,40.59,40.67,32364601,JPM
28-07-2011,40.69,41.24,40.62,40.68,23370785,JPM
29-07-2011,40.24,40.75,39.9,40.45,37795986,JPM
01-08-2011,41.16,41.37,39.96,40.44,34042409,JPM
02-08-2011,40.1,40.38,39.84,39.84,42118933,JPM
03-08-2011,39.76,40.02,39.34,39.9,41110031,JPM
04-08-2011,39.31,39.59,37.82,37.92,59938092,JPM
05-08-2011,38.3,38.75,36.72,37.6,85512270,JPM
08-08-2011,36.23,37.72,33.69,34.06,132612617,JPM
09-08-2011,35.38,36.59,33.69,36.4,78985631,JPM
10-08-2011,35.52,35.85,33.98,34.37,83975624,JPM
11-08-2011,34.63,37.3,34.63,36.69,69583435,JPM
12-08-2011,37.14,37.85,35.58,35.91,44082499,JPM
15-08-2011,36.53,37.14,36.39,36.88,34830097,JPM
16-08-2011,36.27,36.57,35.77,36.03,42272563,JPM
17-08-2011,36.46,37.26,36.32,36.57,30131313,JPM
18-08-2011,35.27,35.47,34.5,35.19,57139173,JPM
19-08-2011,34.76,35.5,34.26,34.35,52962310,JPM
22-08-2011,35.12,35.18,33.35,33.41,50971319,JPM
23-08-2011,33.29,34.8,32.31,34.78,55809435,JPM
24-08-2011,34.82,36.01,34.68,35.83,41963837,JPM
25-08-2011,37.79,38.57,35.42,35.72,55387550,JPM
26-08-2011,35.28,36.48,34.82,36.21,35115667,JPM
29-08-2011,36.82,37.64,36.47,37.64,27945757,JPM
30-08-2011,37.4,37.72,36.75,37.06,28826266,JPM
31-08-2011,37.42,38.03,37.22,37.56,30051400,JPM
01-09-2011,37.62,37.82,36.29,36.3,36865259,JPM
02-09-2011,35.06,35.25,34.51,34.63,41677229,JPM
06-09-2011,33.11,33.5,32.78,33.44,57081174,JPM
07-09-2011,34.1,34.98,33.87,34.82,36145887,JPM
08-09-2011,34.44,34.91,33.44,33.51,44815207,JPM
09-09-2011,33.08,33.2,31.93,32.08,67195566,JPM
12-09-2011,31.35,32.42,31.21,32.42,53381750,JPM
13-09-2011,32.81,33.41,32.17,32.49,50142208,JPM
14-09-2011,32.73,33.19,31.86,32.8,44446740,JPM
15-09-2011,33.37,33.82,33.13,33.81,35848788,JPM
16-09-2011,34.05,34.27,33.02,33.43,52687591,JPM
19-09-2011,32.69,32.89,32.13,32.49,33160246,JPM
20-09-2011,32.77,32.8,32.24,32.25,34089368,JPM
21-09-2011,32.23,32.45,30.26,30.34,57429559,JPM
22-09-2011,29.35,29.63,28.53,29.27,86290439,JPM
23-09-2011,28.96,29.8,28.86,29.59,51731259,JPM
26-09-2011,30.06,31.81,29.96,31.65,58696019,JPM
27-09-2011,32.62,33.13,31.25,31.57,58242837,JPM
28-09-2011,31.62,32,30.42,30.47,38725834,JPM
29-09-2011,31.58,32.11,30.44,31.39,51015757,JPM
30-09-2011,30.74,30.95,30.11,30.12,42436947,JPM
03-10-2011,30.03,30.7,28.64,28.65,51002691,JPM
04-10-2011,28.25,30.43,27.85,30.26,69815353,JPM
05-10-2011,30.23,31.17,29.4,30.84,51117106,JPM
06-10-2011,30.71,32.46,30.42,32.38,53216608,JPM
07-10-2011,32.58,32.61,30.65,30.7,49326167,JPM
10-10-2011,31.6,32.32,31.58,32.3,37324743,JPM
11-10-2011,31.98,32.68,31.41,32.3,38169186,JPM
12-10-2011,32.76,33.87,32.69,33.2,55462460,JPM
13-10-2011,32.45,32.49,30.92,31.6,78838174,JPM
14-10-2011,31.87,32.32,31.4,31.89,51905068,JPM
17-10-2011,31.64,32.09,30.97,31.04,40869712,JPM
18-10-2011,31.36,33.42,31.14,32.87,64392307,JPM
19-10-2011,32.77,34.01,32.03,32.25,50121949,JPM
20-10-2011,32.32,33.19,31.67,33.13,41662534,JPM
21-10-2011,33.48,34.04,33.01,33.42,48445287,JPM
24-10-2011,33.61,34.69,33.57,34.57,45697155,JPM
25-10-2011,34.18,34.25,33.36,33.49,38683534,JPM
26-10-2011,34.11,34.41,33.5,34.18,36360840,JPM
27-10-2011,36.56,37.54,35.7,36.67,76482945,JPM
28-10-2011,36.61,36.98,36.19,36.69,39893754,JPM
31-10-2011,35.93,36,34.73,34.76,46438679,JPM
01-11-2011,32.47,33.64,31.84,32.71,74056271,JPM
02-11-2011,33.71,33.74,33.06,33.64,34342387,JPM
03-11-2011,34.12,34.52,32.84,34.38,40087752,JPM
04-11-2011,33.99,34.06,33.45,33.97,30867231,JPM
07-11-2011,34.03,34.34,33.71,34.24,25935525,JPM
08-11-2011,34.53,35.18,34.02,35.02,30194985,JPM
09-11-2011,33.84,33.98,32.38,32.54,53000040,JPM
10-11-2011,32.92,33.23,32.1,32.74,30431632,JPM
11-11-2011,33.28,33.85,33.02,33.28,29989577,JPM
14-11-2011,32.95,32.98,32.22,32.55,27596216,JPM
15-11-2011,32.09,33.11,32.08,32.7,31265984,JPM
16-11-2011,32.34,32.49,31.4,31.47,40761704,JPM
17-11-2011,31.4,31.5,30.34,30.49,55130024,JPM
18-11-2011,30.67,30.84,30.33,30.62,39033896,JPM
21-11-2011,30.02,30.19,29.6,29.91,39666395,JPM
22-11-2011,29.9,30.1,29.38,29.41,36466171,JPM
23-11-2011,29.11,29.15,28.33,28.38,44474351,JPM
25-11-2011,28.28,29.17,28.28,28.48,21423184,JPM
28-11-2011,29.71,30.07,28.82,29.16,45285387,JPM
29-11-2011,28.98,29.13,28.48,28.56,45104651,JPM
30-11-2011,30.15,31,29.8,30.97,61412527,JPM
01-12-2011,30.86,30.97,30.03,30.46,33189688,JPM
02-12-2011,30.88,33.27,30.81,32.33,90519608,JPM
05-12-2011,33.64,34.1,33.22,33.51,52216056,JPM
06-12-2011,33.26,33.58,32.68,33.23,38788222,JPM
07-12-2011,32.82,34.19,32.72,34,44722793,JPM
08-12-2011,33.55,33.7,32.08,32.22,47788873,JPM
09-12-2011,32.36,33.31,32.36,33.18,39106916,JPM
12-12-2011,32.55,32.6,31.76,32.04,35986439,JPM
13-12-2011,32.37,32.63,30.87,31.29,49484808,JPM
14-12-2011,30.88,31.94,30.83,31.51,41295653,JPM
15-12-2011,32.1,32.28,31.57,31.76,33457250,JPM
16-12-2011,32.16,32.6,31.81,31.89,52598292,JPM
19-12-2011,31.87,31.9,30.42,30.7,47388002,JPM
20-12-2011,31.4,32.44,31.24,32.21,49092903,JPM
21-12-2011,32,32.41,31.9,32.32,30898992,JPM
22-12-2011,32.69,33.55,32.54,33.45,35544903,JPM
23-12-2011,33.62,33.7,33.13,33.57,21962667,JPM
27-12-2011,33.22,33.69,33.03,33.03,16897090,JPM
28-12-2011,32.99,33.09,32.57,32.65,19248511,JPM
29-12-2011,32.71,33.52,32.71,33.42,19793016,JPM
30-12-2011,33.11,33.42,33.06,33.25,18199609,JPM
03-01-2012,34.06,35.19,34.01,34.98,44108273,JPM
04-01-2012,34.44,35.15,34.33,34.95,36576187,JPM
05-01-2012,34.71,35.92,34.4,35.68,38383814,JPM
06-01-2012,35.69,35.77,35.14,35.36,33162979,JPM
09-01-2012,35.44,35.68,34.99,35.3,23006529,JPM
10-01-2012,36.07,36.35,35.76,36.05,35982879,JPM
11-01-2012,35.8,36.74,35.66,36.66,29853149,JPM
12-01-2012,36.82,37.05,36.17,36.85,39420935,JPM
13-01-2012,35.26,35.92,35.13,35.92,61577062,JPM
17-01-2012,34.85,35.68,34.5,34.91,55119029,JPM
18-01-2012,34.54,36.68,34.53,36.54,55504941,JPM
19-01-2012,36.84,37.15,36.71,36.93,37001975,JPM
20-01-2012,36.78,37.4,36.62,37.36,34716500,JPM
23-01-2012,37.31,37.94,37.27,37.66,27500781,JPM
24-01-2012,37.18,37.89,36.8,37.66,25406126,JPM
25-01-2012,37.36,37.82,37.12,37.6,29863012,JPM
26-01-2012,37.88,38.1,37.25,37.49,33291241,JPM
27-01-2012,37.23,37.66,37.15,37.21,27674802,JPM
30-01-2012,36.66,37.17,36.36,37.01,24432067,JPM
31-01-2012,37.53,37.54,36.93,37.3,29658089,JPM
01-02-2012,37.89,38.03,37.5,37.6,41957763,JPM
02-02-2012,37.69,38.16,37.42,37.55,26786875,JPM
03-02-2012,38.27,38.5,38.05,38.28,41081315,JPM
06-02-2012,38.06,38.32,37.8,38.14,23108329,JPM
07-02-2012,37.86,38.12,37.7,37.87,21092892,JPM
08-02-2012,38.05,38.35,37.97,38.3,23258667,JPM
09-02-2012,38.6,38.68,37.84,37.86,28614498,JPM
10-02-2012,37.22,37.77,37.11,37.61,22624780,JPM
13-02-2012,38.08,38.34,37.61,38.3,24827981,JPM
14-02-2012,38.23,38.26,37.44,37.92,27039262,JPM
15-02-2012,38.08,38.4,37.31,37.4,26534874,JPM
16-02-2012,37.15,38.12,37.05,38,22141431,JPM
17-02-2012,38.6,38.64,38.23,38.47,28016341,JPM
21-02-2012,38.65,38.98,38.41,38.46,22807470,JPM
22-02-2012,38.3,38.39,37.9,38.07,23418176,JPM
23-02-2012,38.06,38.52,37.75,38.49,31363508,JPM
24-02-2012,38.66,38.68,38.19,38.28,17589412,JPM
27-02-2012,38.07,39.23,37.79,39.06,34036867,JPM
28-02-2012,39.13,39.55,38.85,39.21,37905499,JPM
29-02-2012,39.33,39.94,39.02,39.24,41187933,JPM
01-03-2012,39.51,40.45,39.47,40.37,44384544,JPM
02-03-2012,40.43,40.88,40.23,40.63,34897825,JPM
05-03-2012,40.7,40.71,40,40.4,30806826,JPM
06-03-2012,39.45,39.87,39.12,39.32,33930434,JPM
07-03-2012,39.46,40.06,39.38,39.95,22880868,JPM
08-03-2012,40.47,40.75,40.22,40.44,22060726,JPM
09-03-2012,40.75,41.44,40.5,41.03,33499779,JPM
12-03-2012,40.86,40.98,40.2,40.54,30763746,JPM
13-03-2012,41.02,43.73,40.82,43.39,77277594,JPM
14-03-2012,43.62,44,43.07,43.58,68028623,JPM
15-03-2012,43.64,44.92,42.93,44.7,57124817,JPM
16-03-2012,44.87,44.92,44.22,44.57,48844406,JPM
19-03-2012,44.44,45.35,44.21,45,41515244,JPM
20-03-2012,44.53,45.6,44.37,45.38,34798090,JPM
21-03-2012,45.53,45.67,44.86,45.12,27273648,JPM
22-03-2012,44.72,45.1,44.41,44.65,27461074,JPM
23-03-2012,44.45,45.25,44.44,45.16,30643963,JPM
26-03-2012,45.48,46.17,45.4,46.17,33530630,JPM
27-03-2012,45.92,46.49,45.83,45.89,33035556,JPM
28-03-2012,45.76,46.31,45.36,46.27,29763066,JPM
29-03-2012,45.92,46.02,42.63,45.67,32268866,JPM
30-03-2012,46.08,46.13,45.5,45.98,25945990,JPM
02-04-2012,45.75,46.35,45.46,46.13,27675928,JPM
03-04-2012,45.74,45.98,44.97,45.42,31036320,JPM
04-04-2012,44.68,44.86,43.96,44.41,41347710,JPM
05-04-2012,44.13,44.73,43.81,44.34,28834531,JPM
09-04-2012,43.19,44.28,43.07,43.89,29376366,JPM
10-04-2012,43.88,44.01,42.66,42.96,38845936,JPM
11-04-2012,43.59,44.21,43.57,44.01,32142163,JPM
12-04-2012,44.12,44.99,44,44.84,33631097,JPM
13-04-2012,44.95,44.95,43.06,43.21,58183898,JPM
16-04-2012,43.38,43.8,42.84,43.33,40388941,JPM
17-04-2012,43.69,44,43.16,43.9,26887901,JPM
18-04-2012,43.62,43.91,43.27,43.29,20244147,JPM
19-04-2012,43.44,43.69,42.77,43.22,25963308,JPM
20-04-2012,43.51,43.58,42.71,42.72,26184284,JPM
23-04-2012,41.92,42.96,41.8,42.85,25538094,JPM
24-04-2012,42.98,43.31,42.81,43.28,21420339,JPM
25-04-2012,43.65,43.89,42.98,43.16,31694004,JPM
26-04-2012,43.22,43.89,43.06,43.8,28101552,JPM
27-04-2012,43.94,43.99,43.23,43.34,24285744,JPM
30-04-2012,43.33,43.37,42.54,42.98,23521663,JPM
01-05-2012,43,44.24,42.96,43.79,26364545,JPM
02-05-2012,43.46,43.53,42.84,43.2,22462824,JPM
03-05-2012,43.38,43.39,42.67,43.01,19536754,JPM
04-05-2012,42.33,42.68,41.71,41.75,31289431,JPM
07-05-2012,41.43,42.4,41.37,41.78,25910034,JPM
08-05-2012,41.5,41.84,40.95,41.38,28051620,JPM
09-05-2012,40.72,41.02,40.12,40.64,38775560,JPM
10-05-2012,41.23,41.4,40.54,40.74,35827257,JPM
11-05-2012,37.14,37.99,36.62,36.96,217294160,JPM
14-05-2012,36.1,36.47,35.76,35.79,96488404,JPM
15-05-2012,36.19,37.27,36.12,36.24,89903651,JPM
16-05-2012,36.79,36.98,35.46,35.46,68729813,JPM
17-05-2012,35.04,35.1,33.88,33.93,95429256,JPM
18-05-2012,33.99,33.99,32.97,33.49,82655364,JPM
21-05-2012,33.52,33.71,32.26,32.51,99557353,JPM
22-05-2012,33.32,34.58,32.99,34.01,84720953,JPM
23-05-2012,33.62,34.42,33.21,34.26,52512858,JPM
24-05-2012,34.44,34.48,33.62,33.97,37846025,JPM
25-05-2012,34,34.13,33.29,33.5,28803487,JPM
29-05-2012,33.98,34,33.36,33.63,35858078,JPM
30-05-2012,33.3,33.44,32.95,32.96,34203559,JPM
31-05-2012,32.96,33.47,32.91,33.15,42126257,JPM
01-06-2012,32.41,32.65,31.77,31.93,50473313,JPM
04-06-2012,32.16,32.17,30.83,31,60495394,JPM
05-06-2012,30.89,32.13,30.86,31.99,46502750,JPM
06-06-2012,32.71,33.31,32,33.07,47980479,JPM
07-06-2012,33.77,33.83,32.8,32.81,53888894,JPM
08-06-2012,32.77,33.68,32.55,33.68,34243468,JPM
11-06-2012,34.37,34.44,32.78,32.82,46404807,JPM
12-06-2012,32.88,33.78,32.51,33.77,43334359,JPM
13-06-2012,33.69,35.07,33.63,34.3,72456524,JPM
14-06-2012,34.41,34.89,34.07,34.65,44428016,JPM
15-06-2012,34.89,35.07,34.41,35.03,40920716,JPM
18-06-2012,34.71,35.3,34.5,34.62,31084454,JPM
19-06-2012,34.99,35.63,34.73,35.38,32488936,JPM
20-06-2012,36.03,36.94,35.83,36.45,61149759,JPM
21-06-2012,36.49,37.03,35.43,35.51,95637185,JPM
22-06-2012,36.02,36.49,35.96,35.99,44203816,JPM
25-06-2012,35.26,35.47,34.64,35.32,33115794,JPM
26-06-2012,36.06,36.12,35.58,35.71,35058728,JPM
27-06-2012,35.64,36.82,35.5,36.78,34156770,JPM
28-06-2012,35.32,35.93,34.85,35.88,69904866,JPM
29-06-2012,36.7,36.8,35.25,35.73,56063666,JPM
02-07-2012,36.27,36.36,35.59,36.28,34281571,JPM
03-07-2012,35.96,36.14,35.54,35.88,26705915,JPM
05-07-2012,35.61,35.66,34.22,34.38,58529307,JPM
06-07-2012,33.92,34.12,33.73,33.9,32057669,JPM
09-07-2012,33.81,34.12,33.54,33.96,30544925,JPM
10-07-2012,34.22,34.45,33.81,34.25,33175467,JPM
11-07-2012,34.21,34.8,34.12,34.59,35144270,JPM
12-07-2012,34.33,34.57,33.94,34.04,39301433,JPM
13-07-2012,35.06,36.2,34.86,36.07,83001210,JPM
16-07-2012,35.76,35.85,34.73,35.09,52368297,JPM
17-07-2012,35.44,35.48,34.27,34.99,43998207,JPM
18-07-2012,34.75,35.23,34.65,34.96,28948255,JPM
19-07-2012,35.02,35.17,34.31,34.46,34390711,JPM
20-07-2012,34.05,34.13,33.9,33.9,36301590,JPM
23-07-2012,33.24,34.5,33.1,34.44,41248260,JPM
24-07-2012,34.58,34.89,34.22,34.73,29929501,JPM
25-07-2012,34.98,35.45,34.79,35.17,32129081,JPM
26-07-2012,35.78,35.94,35.34,35.81,28903218,JPM
27-07-2012,36.01,37.2,35.51,36.89,63640527,JPM
30-07-2012,36.5,36.52,35.94,36.14,30701699,JPM
31-07-2012,36.11,36.33,35.91,36,19686716,JPM
01-08-2012,36.19,36.4,35.82,36,22184446,JPM
02-08-2012,35.62,35.84,34.76,35.17,36677078,JPM
03-08-2012,35.82,36.29,35.5,36.09,24516267,JPM
06-08-2012,36.24,36.8,36.11,36.3,18979186,JPM
07-08-2012,36.57,37.87,36.57,37.01,37225761,JPM
08-08-2012,36.85,37.48,36.75,37.16,18677116,JPM
09-08-2012,36.72,37.26,36.59,36.92,23408157,JPM
10-08-2012,36.76,37,36.4,36.97,15492665,JPM
13-08-2012,36.87,37.09,36.64,36.99,14457113,JPM
14-08-2012,37.42,37.64,36.98,37.1,18068149,JPM
15-08-2012,37.07,37.41,36.95,37.07,17525863,JPM
16-08-2012,37.18,37.35,36.8,37.1,15895973,JPM
17-08-2012,37.2,37.2,36.8,36.98,17080761,JPM
20-08-2012,36.92,37.5,36.8,37.37,17926581,JPM
21-08-2012,37.63,38.86,37.56,38.04,36887510,JPM
22-08-2012,37.88,38.18,37.56,37.83,16902860,JPM
23-08-2012,37.81,37.89,37.2,37.23,16431048,JPM
24-08-2012,36.94,37.44,36.67,37.17,20021563,JPM
27-08-2012,37.31,37.44,36.9,37.23,17619128,JPM
28-08-2012,37.1,37.49,36.9,37.13,18053276,JPM
29-08-2012,37.32,37.49,37.06,37.3,13688324,JPM
30-08-2012,37.06,37.13,36.71,36.9,13701589,JPM
31-08-2012,37.14,37.4,36.86,37.14,16775701,JPM
04-09-2012,36.98,37.24,36.78,37.01,13634888,JPM
05-09-2012,37.08,37.29,36.94,37.11,13538409,JPM
06-09-2012,37.58,38.87,37.5,38.69,41356607,JPM
07-09-2012,39.04,39.53,39,39.3,28087896,JPM
10-09-2012,39.23,39.78,38.73,38.76,20858745,JPM
11-09-2012,38.8,39.63,38.73,39.6,22380345,JPM
12-09-2012,39.88,40.25,39.78,39.92,29883726,JPM
13-09-2012,39.84,41.58,39.59,41.4,47020628,JPM
14-09-2012,41.96,42.09,41.23,41.57,43477367,JPM
17-09-2012,41,41.44,40.95,41.19,19741058,JPM
18-09-2012,41.05,41.33,40.66,41.26,25189352,JPM
19-09-2012,41.33,41.76,41.04,41.34,22887181,JPM
20-09-2012,40.96,41.28,40.55,41.25,20998581,JPM
21-09-2012,41.53,41.7,40.77,40.88,28299063,JPM
24-09-2012,40.61,41.47,40.59,41.23,20504116,JPM
25-09-2012,41.55,41.55,40.53,40.55,21991228,JPM
26-09-2012,40.15,40.62,39.7,40.24,23785658,JPM
27-09-2012,40.4,40.99,40.21,40.68,20843887,JPM
28-09-2012,40.42,40.63,40.16,40.48,21382009,JPM
01-10-2012,40.88,41.5,40.8,40.97,21957111,JPM
02-10-2012,41.14,41.24,40.56,40.92,26946068,JPM
03-10-2012,40.83,41,40.42,40.86,22421111,JPM
04-10-2012,41.16,41.99,40.91,41.82,24334091,JPM
05-10-2012,42.04,42.44,41.46,41.71,22777435,JPM
08-10-2012,41.33,41.84,41.11,41.66,18635403,JPM
09-10-2012,41.77,41.95,41.3,41.38,19956705,JPM
10-10-2012,41.55,42,41.33,41.77,25803795,JPM
11-10-2012,42.37,42.64,41.85,42.1,27755002,JPM
12-10-2012,41.6,42.43,41.15,41.62,44570634,JPM
15-10-2012,41.91,42.41,41.73,42.38,26277471,JPM
16-10-2012,42.79,43.11,42.27,42.83,28594052,JPM
17-10-2012,42.93,43.54,42.77,43.32,26180558,JPM
18-10-2012,43.09,43.35,42.75,43.01,23633913,JPM
19-10-2012,42.8,42.82,42.06,42.32,29748466,JPM
22-10-2012,42.25,42.52,41.5,42.09,27996092,JPM
23-10-2012,41.47,41.74,41.05,41.33,22897318,JPM
24-10-2012,41.68,41.88,41.34,41.71,18919320,JPM
25-10-2012,42.24,42.28,41.4,41.67,17311695,JPM
26-10-2012,41.42,41.66,40.87,41.16,21893909,JPM
31-10-2012,41.45,41.79,41.15,41.68,19428720,JPM
01-11-2012,41.7,42.9,41.58,42.84,23328281,JPM
02-11-2012,43.04,43.07,42.33,42.42,17029679,JPM
05-11-2012,42.33,42.36,41.86,42.27,13253683,JPM
06-11-2012,42.57,43.05,42.41,42.88,17196716,JPM
07-11-2012,42.01,42.01,40.31,40.48,47631169,JPM
08-11-2012,41.28,41.5,40.4,40.4,27830997,JPM
09-11-2012,40.31,41.23,39.86,40.62,27559061,JPM
12-11-2012,40.85,40.91,40.3,40.58,12820369,JPM
13-11-2012,40.18,40.52,40,40.04,19799080,JPM
14-11-2012,40.21,40.37,39.13,39.29,30995630,JPM
15-11-2012,39.06,39.72,38.97,39.39,24859853,JPM
16-11-2012,39.43,39.67,38.83,39.53,32462098,JPM
19-11-2012,40.09,40.7,40.09,40.59,26784470,JPM
20-11-2012,40.33,41.18,40.25,40.7,19379181,JPM
21-11-2012,40.94,40.98,40.35,40.73,13035979,JPM
23-11-2012,41.1,41.22,40.97,41.09,8316667,JPM
26-11-2012,40.79,40.88,40.09,40.88,20376505,JPM
27-11-2012,40.87,41.2,40.64,40.75,19876930,JPM
28-11-2012,40.49,40.88,39.88,40.83,26112040,JPM
29-11-2012,41.15,41.35,40.91,41.22,18910626,JPM
30-11-2012,40.99,41.34,40.85,41.08,20081805,JPM
03-12-2012,41.27,41.37,40.75,40.81,18965875,JPM
04-12-2012,40.78,40.92,40.2,40.57,24036982,JPM
05-12-2012,40.69,41.49,40.5,41.2,25515569,JPM
06-12-2012,41.25,41.55,41.11,41.47,20541648,JPM
07-12-2012,41.84,42.57,41.73,42.56,34559111,JPM
10-12-2012,42.54,42.67,42.01,42.31,22397285,JPM
11-12-2012,42.6,43.09,42.42,42.64,21959925,JPM
12-12-2012,43,43.38,42.7,42.77,23110567,JPM
13-12-2012,42.65,42.92,42.5,42.78,18461750,JPM
14-12-2012,42.77,43.11,42.71,42.81,16208762,JPM
17-12-2012,43,43.51,42.81,43.48,23889797,JPM
18-12-2012,43.83,43.94,43.31,43.87,33867674,JPM
19-12-2012,43.99,44.39,43.42,43.53,34352174,JPM
20-12-2012,43.69,44.54,43.41,44.53,25016763,JPM
21-12-2012,43.82,44.2,43.34,44,38986323,JPM
24-12-2012,43.72,44.02,43.71,43.92,8622420,JPM
26-12-2012,43.95,44.18,43.72,43.96,11499413,JPM
27-12-2012,43.96,44.02,42.9,43.63,19566946,JPM
28-12-2012,43.1,43.69,43.09,43.24,15403478,JPM
31-12-2012,43.1,44,43.05,43.97,24213813,JPM
02-01-2013,44.98,45,44.22,44.66,31421123,JPM
03-01-2013,44.74,44.75,44.2,44.57,24228885,JPM
04-01-2013,44.45,45.43,44.44,45.36,24491604,JPM
07-01-2013,45.09,45.48,45.02,45.41,24457249,JPM
08-01-2013,45.4,45.5,44.96,45.5,19625226,JPM
09-01-2013,45.56,46.2,45.14,45.47,25923639,JPM
10-01-2013,45.89,46.16,45.53,46.15,23420153,JPM
11-01-2013,45.97,46.15,45.47,46.14,19723892,JPM
14-01-2013,45.89,46.18,45.48,45.88,19079465,JPM
15-01-2013,45.49,46.47,45.35,46.35,29905738,JPM
16-01-2013,45.91,46.83,45.57,46.82,43459526,JPM
17-01-2013,46.4,46.87,46.29,46.44,41097680,JPM
18-01-2013,46.38,46.6,46.18,46.46,28694707,JPM
22-01-2013,46.25,46.55,46.13,46.54,24259226,JPM
23-01-2013,46.23,46.44,45.92,46.23,19112157,JPM
24-01-2013,46.24,46.8,46.08,46.37,20017415,JPM
25-01-2013,46.74,47.16,46.6,47.16,26014637,JPM
28-01-2013,46.84,47,46.48,46.64,19708169,JPM
29-01-2013,46.28,47.16,46.25,47.12,19910343,JPM
30-01-2013,47.04,47.35,46.96,47.13,18636633,JPM
31-01-2013,47.01,47.22,46.88,47.05,19541263,JPM
01-02-2013,47.4,48,47.21,47.85,24527532,JPM
04-02-2013,47.54,47.81,47.38,47.68,20828175,JPM
05-02-2013,47.94,48.8,47.93,48.79,28068446,JPM
06-02-2013,48.42,48.83,48.32,48.61,28286377,JPM
07-02-2013,48.65,48.75,47.9,48.23,21432016,JPM
08-02-2013,48.33,48.69,48.26,48.63,15219612,JPM
11-02-2013,48.51,48.9,48.38,48.66,13937728,JPM
12-02-2013,48.8,49.31,48.6,49.14,16393466,JPM
13-02-2013,49.35,49.45,48.5,48.68,21637319,JPM
14-02-2013,48.4,49.29,48.37,49.22,18020155,JPM
15-02-2013,49.35,49.46,48.57,48.88,20016541,JPM
19-02-2013,49.12,49.68,49.12,49.45,20450050,JPM
20-02-2013,49.35,49.54,48.36,48.61,24789397,JPM
21-02-2013,48.41,48.45,47.83,48.25,24445078,JPM
22-02-2013,48.63,48.91,48.41,48.91,23586192,JPM
25-02-2013,49.1,49.2,47.65,47.7,32776345,JPM
26-02-2013,48.22,48.26,46.85,47.6,39407782,JPM
27-02-2013,47.85,49.4,47.76,49.28,31932363,JPM
28-02-2013,49.16,49.55,48.75,48.92,24718064,JPM
01-03-2013,48.6,49.42,48.37,48.91,25925897,JPM
04-03-2013,48.73,49.14,48.33,49.1,17698510,JPM
05-03-2013,49.49,50.11,49.31,49.49,25565033,JPM
06-03-2013,49.88,50.19,49.62,50.03,19611229,JPM
07-03-2013,50.05,50.86,50.01,50.63,24252643,JPM
08-03-2013,50.59,50.85,49.61,50.2,32726854,JPM
11-03-2013,50.23,50.77,49.91,50.48,19473159,JPM
12-03-2013,50.35,50.67,50.05,50.28,18006118,JPM
13-03-2013,50.29,50.43,50.11,50.16,16686257,JPM
14-03-2013,50.25,51,50.19,51,26380348,JPM
15-03-2013,49.97,50.29,49.15,50.02,60908739,JPM
18-03-2013,49.19,49.66,48.95,49.51,28017768,JPM
19-03-2013,49.65,49.99,48.68,49.2,24418504,JPM
20-03-2013,49.57,49.64,49.04,49.12,19388482,JPM
21-03-2013,48.79,49.23,48.35,48.35,23543287,JPM
22-03-2013,48.63,49,48.34,48.78,22799985,JPM
25-03-2013,49.04,49.32,48.16,48.52,23582710,JPM
26-03-2013,48.74,48.97,48.32,48.64,16420085,JPM
27-03-2013,48.2,48.31,47.56,47.77,26534597,JPM
28-03-2013,47.84,47.93,47.28,47.46,27519846,JPM
01-04-2013,47.55,47.99,47.49,47.83,17449299,JPM
02-04-2013,48.01,48.38,47.88,48.28,17276418,JPM
03-04-2013,48.03,48.07,46.53,46.85,33475105,JPM
04-04-2013,46.96,47.54,46.9,47.49,21516666,JPM
05-04-2013,46.79,48.04,46.75,47.91,22964186,JPM
08-04-2013,47.9,48.59,47.59,48.58,18675807,JPM
09-04-2013,48.74,48.96,48.46,48.68,20066632,JPM
10-04-2013,48.94,49.56,48.88,49.25,20389881,JPM
11-04-2013,49.21,49.6,48.83,49.31,22584616,JPM
12-04-2013,48.9,49.58,48.45,49.01,37808388,JPM
15-04-2013,48.39,49.34,47.9,47.93,31528338,JPM
16-04-2013,48.43,48.52,47.59,48.49,23866838,JPM
17-04-2013,48.11,48.18,46.38,46.79,43473273,JPM
18-04-2013,46.8,47.33,46.05,46.64,26106845,JPM
19-04-2013,47.15,47.36,46.7,47.23,19753205,JPM
22-04-2013,47.4,47.49,46.87,47.35,15232043,JPM
23-04-2013,47.68,48.24,47.39,48.17,20568406,JPM
24-04-2013,48.32,48.92,48.16,48.72,16462785,JPM
25-04-2013,49.02,49.63,48.89,49,19063807,JPM
26-04-2013,48.86,49.09,48.61,48.88,13931035,JPM
29-04-2013,49.08,49.1,48.65,48.92,13498061,JPM
30-04-2013,48.96,49.25,48.72,49.01,13805540,JPM
01-05-2013,48.76,48.91,47.85,48.01,17687511,JPM
02-05-2013,48.25,48.25,47.71,48.08,15529736,JPM
03-05-2013,48.63,48.7,46.98,47.57,43273931,JPM
06-05-2013,47.71,48.39,47.57,48.18,20830656,JPM
07-05-2013,48.57,49.39,48.26,49.14,24291602,JPM
08-05-2013,49.22,49.99,49.11,49.76,23565162,JPM
09-05-2013,49.7,49.81,48.92,49.04,18103144,JPM
10-05-2013,49.05,49.23,48.64,48.96,16200456,JPM
13-05-2013,48.84,49.7,48.61,49.67,23987718,JPM
14-05-2013,49.77,50.42,49.66,50.23,24190788,JPM
15-05-2013,50.2,51.43,50.15,51.09,27470078,JPM
16-05-2013,50.87,51.66,50.84,50.97,21391585,JPM
17-05-2013,51.26,52.33,51.25,52.3,26095658,JPM
20-05-2013,52.28,52.63,51.91,52.29,22020134,JPM
21-05-2013,52.53,53.67,52.45,53.02,37122039,JPM
22-05-2013,53.43,54.96,53.29,53.63,46975855,JPM
23-05-2013,52.82,53.79,52.66,53.35,25299869,JPM
24-05-2013,52.9,53.66,52.72,53.66,18343221,JPM
28-05-2013,54.56,54.65,54.02,54.6,27168406,JPM
29-05-2013,54.09,54.96,53.91,54.67,20484210,JPM
30-05-2013,54.6,55.9,54.53,55.62,24890794,JPM
31-05-2013,55.71,55.83,54.59,54.59,24996488,JPM
03-06-2013,54.6,54.86,53.04,54.49,28284621,JPM
04-06-2013,54.54,55.39,53.87,54.04,22024367,JPM
05-06-2013,53.78,54.27,52.7,53.03,24329847,JPM
06-06-2013,52.84,53.52,52.27,53.5,23946336,JPM
07-06-2013,53.77,54.48,53.41,54.27,21692593,JPM
10-06-2013,54.64,54.84,54.02,54.36,16007865,JPM
11-06-2013,53.46,54.05,53.11,53.49,17570146,JPM
12-06-2013,53.9,54.1,52.96,53.18,18481270,JPM
13-06-2013,53,54.24,52.97,54.17,17090655,JPM
14-06-2013,54.04,54.13,52.91,53.13,17097632,JPM
17-06-2013,53.7,54.26,53.54,53.85,16857603,JPM
18-06-2013,54.03,54.27,53.72,54.11,13261393,JPM
19-06-2013,53.99,54.51,53.52,53.55,20848948,JPM
20-06-2013,53.08,53.18,52.27,52.48,31868373,JPM
21-06-2013,52.96,52.98,51.69,51.96,44415245,JPM
24-06-2013,50.88,51.45,50.11,50.92,30736424,JPM
25-06-2013,51.51,52.56,51.51,52.08,20954482,JPM
26-06-2013,52.65,52.8,51.88,52.5,19333681,JPM
27-06-2013,53.03,53.49,52.88,53.15,17094917,JPM
28-06-2013,53.12,53.13,52.58,52.79,18264399,JPM
01-07-2013,53.22,53.63,52.43,52.49,23522935,JPM
02-07-2013,52.57,53.53,52.12,52.8,23945834,JPM
03-07-2013,52.31,52.81,52.21,52.77,10443381,JPM
05-07-2013,53.36,54,53.11,53.99,17077144,JPM
08-07-2013,54.54,54.91,54.05,54.7,21789640,JPM
09-07-2013,55.07,55.17,54.19,54.89,20515315,JPM
10-07-2013,54.77,55.15,54.44,54.83,16915573,JPM
11-07-2013,55.84,55.87,54.55,55.14,21322522,JPM
12-07-2013,55.51,55.85,54.75,54.97,32571799,JPM
15-07-2013,55.49,55.5,54.6,54.89,28300795,JPM
16-07-2013,54.9,55.41,54.78,55.01,19224790,JPM
17-07-2013,55.05,55.58,54.84,55.27,19171393,JPM
18-07-2013,55.51,56.53,55.49,56.37,24567458,JPM
19-07-2013,56.51,56.56,55.91,56.16,17764823,JPM
22-07-2013,56.17,56.67,55.95,56.56,16003738,JPM
23-07-2013,56.72,56.89,56.48,56.67,10579046,JPM
24-07-2013,56.92,56.93,56.38,56.63,16666802,JPM
25-07-2013,56.45,56.5,55.89,56.5,13875417,JPM
26-07-2013,56.06,56.22,55.6,56.05,16767435,JPM
29-07-2013,55.98,56,55.38,55.69,10057579,JPM
30-07-2013,55.87,56,55.08,55.33,14210071,JPM
31-07-2013,55.58,56.27,55.51,55.73,19409613,JPM
01-08-2013,56.36,56.78,56.2,56.54,15979674,JPM
02-08-2013,56.27,56.52,56.01,56.49,11009689,JPM
05-08-2013,56.33,56.58,56.01,56.1,9377651,JPM
06-08-2013,55.99,56.1,55.31,55.49,10589217,JPM
07-08-2013,55.06,55.47,54.78,55.3,12828764,JPM
08-08-2013,55.42,55.73,54.12,54.83,18589565,JPM
09-08-2013,54.69,55.15,54.33,54.52,12657547,JPM
12-08-2013,54.04,54.32,53.68,54.09,15133367,JPM
13-08-2013,54.22,54.7,53.6,54.29,15082231,JPM
14-08-2013,54.33,54.85,54,54.15,15792655,JPM
15-08-2013,53.52,53.68,52.89,53.29,16933185,JPM
16-08-2013,53.07,53.78,53.07,53.29,17141448,JPM
19-08-2013,52.89,52.95,51.8,51.83,22793513,JPM
20-08-2013,51.78,52.36,50.66,52.12,18701423,JPM
21-08-2013,51.92,52.22,51.28,51.63,17138265,JPM
22-08-2013,52,52.66,51.93,52.21,14660232,JPM
23-08-2013,52.27,52.42,51.9,52.32,11126713,JPM
26-08-2013,52.16,52.54,51.79,51.8,16549623,JPM
27-08-2013,51.02,51.55,50.55,50.6,23606736,JPM
28-08-2013,50.33,51.05,50.13,50.58,18753074,JPM
29-08-2013,50.59,51.18,50.45,50.7,13581495,JPM
30-08-2013,50.82,50.83,50.29,50.53,15871865,JPM
03-09-2013,51.25,51.72,50.83,51.13,15278128,JPM
04-09-2013,51.16,52.1,50.93,51.87,19931752,JPM
05-09-2013,52.03,52.52,51.91,52.11,13916586,JPM
06-09-2013,52.41,52.71,51.28,52.56,22343319,JPM
09-09-2013,52.78,53.19,52.52,52.86,19936338,JPM
10-09-2013,53.83,53.93,53.3,53.67,20234537,JPM
11-09-2013,53.37,53.76,53.06,53.26,16013643,JPM
12-09-2013,53.43,53.71,52.08,52.24,21981126,JPM
13-09-2013,52.29,52.8,52.23,52.59,11945263,JPM
16-09-2013,53.45,53.49,52.98,53.14,17125652,JPM
17-09-2013,53.19,53.32,52.88,53.09,13207266,JPM
18-09-2013,52.69,53.87,52.56,53.41,20876558,JPM
19-09-2013,53.63,53.75,52.53,52.75,22452271,JPM
20-09-2013,52.95,53.47,52.8,52.8,30795890,JPM
23-09-2013,52.08,52.38,51.39,51.46,28189452,JPM
24-09-2013,51.01,51.28,50.3,50.32,34906865,JPM
25-09-2013,50.22,51.9,50.06,51.7,39175565,JPM
26-09-2013,51.93,52.56,51.54,51.89,22307376,JPM
27-09-2013,51.5,52.4,51.39,52.24,23025958,JPM
30-09-2013,51.73,52.09,51.44,51.69,21350631,JPM
01-10-2013,51.64,52.09,51.45,51.96,19187967,JPM
02-10-2013,51.32,52.45,51.29,52.09,23859229,JPM
03-10-2013,52,52.2,51.5,51.94,18614460,JPM
04-10-2013,52.07,52.68,52.01,52.67,17407162,JPM
07-10-2013,52.29,52.36,51.83,51.83,16159259,JPM
08-10-2013,51.83,51.96,50.84,50.87,19536035,JPM
09-10-2013,51.17,51.34,50.25,50.75,24721193,JPM
10-10-2013,51.84,52.56,51.38,52.52,24328712,JPM
11-10-2013,52.96,53.35,52.16,52.51,32498774,JPM
14-10-2013,51.94,52.84,51.76,52.71,18881586,JPM
15-10-2013,52.91,53.04,52.18,52.31,17566460,JPM
16-10-2013,52.61,54.05,52.58,54,24864021,JPM
17-10-2013,53.79,54.29,53.61,54.21,17790971,JPM
18-10-2013,54.26,54.58,53.8,54.3,24805953,JPM
21-10-2013,54.27,54.85,53.89,54.27,19471674,JPM
22-10-2013,54.65,54.68,53.62,53.62,24820908,JPM
23-10-2013,53.31,53.36,52.72,52.75,21034427,JPM
24-10-2013,52.84,52.89,52.11,52.48,17759031,JPM
25-10-2013,52.16,52.91,52.07,52.77,20889569,JPM
28-10-2013,52.89,53.09,52.5,52.68,14836830,JPM
29-10-2013,52.83,52.99,52.25,52.73,23363056,JPM
30-10-2013,53,53.24,52.5,52.6,16157237,JPM
31-10-2013,52.65,52.71,51.54,51.54,23737966,JPM
01-11-2013,51.45,52.7,51.3,52.51,25796825,JPM
04-11-2013,52.74,52.76,52,52.04,18895794,JPM
05-11-2013,51.85,52.13,51.66,51.95,14532200,JPM
06-11-2013,52.26,52.34,51.83,52.1,14013047,JPM
07-11-2013,52.13,52.34,51.58,51.65,17348895,JPM
08-11-2013,51.83,53.97,51.8,53.96,31186943,JPM
11-11-2013,53.91,54.15,53.7,54.1,12066340,JPM
12-11-2013,53.93,54.08,53.6,53.97,15964769,JPM
13-11-2013,53.52,54.2,53.15,54.14,22121852,JPM
14-11-2013,54.26,54.5,53.7,54.4,17633988,JPM
15-11-2013,54.27,54.96,54.19,54.87,20530108,JPM
18-11-2013,55.49,56,55.3,55.74,22318779,JPM
19-11-2013,55.97,56.64,55.78,56.15,22979874,JPM
20-11-2013,56.43,56.44,55.77,56.1,17688310,JPM
21-11-2013,56.28,57.4,56.28,57.22,22843587,JPM
22-11-2013,57.25,57.52,57.06,57.46,16734060,JPM
25-11-2013,57.5,58.14,57.41,57.65,18649810,JPM
26-11-2013,57.63,57.96,57.17,57.17,16267215,JPM
27-11-2013,57.58,57.83,57.33,57.48,11238931,JPM
29-11-2013,57.58,57.85,57.2,57.22,7128768,JPM
02-12-2013,57.1,57.75,56.9,56.98,12465770,JPM
03-12-2013,56.89,57.22,56.14,56.86,20435785,JPM
04-12-2013,56.44,57.47,56.21,57.19,20287248,JPM
05-12-2013,56.71,56.74,55.75,55.82,21329688,JPM
06-12-2013,56.57,56.76,55.62,56.06,18661169,JPM
09-12-2013,56.29,56.53,56.09,56.51,12713970,JPM
10-12-2013,56.49,57.07,56.35,56.7,14543743,JPM
11-12-2013,56.53,56.77,55.96,56.07,17836095,JPM
12-12-2013,56,56.6,55.91,56.31,15325286,JPM
13-12-2013,56.39,56.56,56.04,56.17,11465731,JPM
16-12-2013,56.36,56.94,56.33,56.42,26379183,JPM
17-12-2013,56.65,56.66,55.66,55.72,18338501,JPM
18-12-2013,55.84,57.27,55.4,57.24,27691408,JPM
19-12-2013,57.1,57.54,56.82,57.23,16764459,JPM
20-12-2013,57.27,58,57.2,57.7,22001671,JPM
23-12-2013,57.97,58.39,57.8,58.24,13990627,JPM
24-12-2013,58.07,58.29,58.04,58.25,4532643,JPM
26-12-2013,58.35,58.46,57.92,58.2,6677090,JPM
27-12-2013,58.17,58.35,58.06,58.14,8944562,JPM
30-12-2013,58.14,58.27,57.71,57.95,8815823,JPM
31-12-2013,58.2,58.55,58.05,58.48,11021128,JPM
02-01-2014,58.31,58.5,57.97,58.21,15637267,JPM
03-01-2014,58.29,58.95,58.21,58.66,14220320,JPM
06-01-2014,59.16,59.46,58.83,59,17562447,JPM
07-01-2014,59.29,59.43,58.11,58.32,17869722,JPM
08-01-2014,58.54,58.91,58.3,58.87,14694818,JPM
09-01-2014,58.98,59,58.33,58.76,13248583,JPM
10-01-2014,58.67,58.76,58.18,58.49,12704391,JPM
13-01-2014,58.51,58.67,57.53,57.7,20773435,JPM
14-01-2014,58.3,58.58,57.56,57.74,30318950,JPM
15-01-2014,57.73,59.65,57.73,59.49,35223534,JPM
16-01-2014,58.79,59.82,58.74,58.99,21691909,JPM
17-01-2014,59.21,59.23,58.03,58.11,21064942,JPM
21-01-2014,58.09,58.44,57.58,58.17,19559288,JPM
22-01-2014,58.33,58.33,57.42,57.59,15484711,JPM
23-01-2014,57.09,57.1,56.21,56.47,26243452,JPM
24-01-2014,56,56.36,55.09,55.09,27111279,JPM
27-01-2014,55.08,55.8,54.69,55.09,23944206,JPM
28-01-2014,55.39,56.34,55.24,55.74,18061718,JPM
29-01-2014,54.96,55.87,54.85,55.53,25471398,JPM
30-01-2014,56.07,56.39,55.63,56,17060108,JPM
31-01-2014,55.5,56.11,55.18,55.36,18201808,JPM
03-02-2014,55.5,55.92,54.2,54.31,28572189,JPM
04-02-2014,54.72,55.35,54.6,54.95,20775934,JPM
05-02-2014,55.1,55.45,54.58,55.21,19499578,JPM
06-02-2014,55.35,56.55,55.2,56.48,20921199,JPM
07-02-2014,56.65,56.93,56.26,56.62,25065229,JPM
10-02-2014,56.77,56.92,56.39,56.74,14727327,JPM
11-02-2014,56.61,57.57,56.58,57.43,18817088,JPM
12-02-2014,57.34,57.71,57.16,57.52,13447621,JPM
13-02-2014,57.07,58.1,56.96,58.03,16607191,JPM
14-02-2014,57.89,58.23,57.75,58.15,13186804,JPM
18-02-2014,58.02,58.65,57.9,58.49,14992626,JPM
19-02-2014,58.36,58.54,57.22,57.26,18687923,JPM
20-02-2014,57.53,57.97,57.27,57.58,12463670,JPM
21-02-2014,57.59,57.84,57.37,57.61,16790791,JPM
24-02-2014,57.62,58.23,57.58,58.03,16211245,JPM
25-02-2014,57.9,57.98,56.92,57.03,17996128,JPM
26-02-2014,57.37,57.38,56.22,56.75,23674645,JPM
27-02-2014,56.78,56.89,56.14,56.69,16285365,JPM
28-02-2014,56.57,57.45,56.39,56.82,18599829,JPM
03-03-2014,56.3,56.42,55.69,56.21,19154871,JPM
04-03-2014,56.95,57.36,56.64,57.26,17174334,JPM
05-03-2014,57.48,58.29,57.36,58.16,17762232,JPM
06-03-2014,58.51,59.09,58.4,58.9,19430068,JPM
07-03-2014,59.35,59.8,59.07,59.4,18615141,JPM
10-03-2014,59.14,59.48,58.86,59.2,16965386,JPM
11-03-2014,59.42,59.45,58.13,58.19,19436589,JPM
12-03-2014,57.7,57.96,57.42,57.92,17937197,JPM
13-03-2014,58,58.34,57.19,57.42,17192490,JPM
14-03-2014,57.11,57.53,56.62,56.8,18635842,JPM
17-03-2014,57.21,57.7,57.05,57.58,13589185,JPM
18-03-2014,57.82,58.16,57.62,58.06,12554754,JPM
19-03-2014,57.99,58.93,57.89,58.3,21450652,JPM
20-03-2014,58.36,60.49,58.13,60.11,33736470,JPM
21-03-2014,60.96,61.2,60,60.17,35151970,JPM
24-03-2014,60.37,61.19,60.35,61.07,25810459,JPM
25-03-2014,61.11,61.48,60.56,60.93,24053467,JPM
26-03-2014,61.24,61.4,59.89,59.9,22745202,JPM
27-03-2014,59.94,60.55,59.02,59.92,24632614,JPM
28-03-2014,60.21,60.59,59.68,60.04,14708741,JPM
31-03-2014,60.83,61.02,60.6,60.71,15216691,JPM
01-04-2014,60.95,61.29,60.37,60.67,14586580,JPM
02-04-2014,60.37,60.77,60.2,60.48,14012233,JPM
03-04-2014,60.65,60.8,60.28,60.66,11925208,JPM
04-04-2014,61.02,61.06,59.8,59.81,16966909,JPM
07-04-2014,59.69,60,58.84,59,18685680,JPM
08-04-2014,58.8,59.02,58.25,58.85,16956476,JPM
09-04-2014,59.1,59.45,58.5,59.27,15308441,JPM
10-04-2014,59.35,59.39,57.38,57.4,29977179,JPM
11-04-2014,55.18,56.05,54.55,55.3,47248387,JPM
14-04-2014,55.85,55.94,54.48,54.96,31081491,JPM
15-04-2014,55.09,55.64,54.35,54.8,26693846,JPM
16-04-2014,55,55.35,54.69,55.26,27050795,JPM
17-04-2014,55.34,55.57,55.01,55.22,17955801,JPM
21-04-2014,55.26,55.41,54.99,55.03,12384757,JPM
22-04-2014,55.04,56.08,54.94,55.81,16265271,JPM
23-04-2014,55.8,56.12,55.56,56.05,11381029,JPM
24-04-2014,56.07,56.26,55.61,56.19,15368188,JPM
25-04-2014,56.31,56.35,55.64,55.7,15939621,JPM
28-04-2014,55.63,55.7,54.68,55.49,21394062,JPM
29-04-2014,55.73,56.3,55.57,56.1,13453407,JPM
30-04-2014,56.24,56.35,55.72,55.98,14388102,JPM
01-05-2014,55.92,56.19,55.5,55.72,12744643,JPM
02-05-2014,55.83,56.37,55.44,55.58,15153795,JPM
05-05-2014,53.88,54.74,53.7,54.22,25237392,JPM
06-05-2014,54.04,54.06,53.32,53.34,25327415,JPM
07-05-2014,53.55,54.12,53.24,54.05,18503048,JPM
08-05-2014,54.2,54.53,54.06,54.36,16091486,JPM
09-05-2014,54.22,54.31,53.68,54.01,12366481,JPM
12-05-2014,54.27,54.7,54.03,54.65,12825906,JPM
13-05-2014,54.74,54.83,54.5,54.62,12310881,JPM
14-05-2014,54.64,54.7,54.3,54.36,10334933,JPM
15-05-2014,54.2,54.2,53.35,53.51,19763012,JPM
16-05-2014,53.42,53.51,52.97,53.31,19993160,JPM
19-05-2014,53.08,53.91,53.06,53.83,12068854,JPM
20-05-2014,53.72,54.04,53.41,53.72,16888227,JPM
21-05-2014,54.05,54.6,53.98,54.12,13210922,JPM
22-05-2014,54.17,54.6,54.02,54.55,11801568,JPM
23-05-2014,54.55,54.58,54.16,54.53,10878697,JPM
27-05-2014,54.75,55.43,54.69,55.14,14503732,JPM
28-05-2014,55.09,55.6,55,55.45,11374958,JPM
29-05-2014,55.75,55.92,55.39,55.72,11741707,JPM
30-05-2014,55.58,55.88,55.31,55.57,11991312,JPM
02-06-2014,55.65,55.65,55.02,55.35,9440042,JPM
03-06-2014,55.09,55.66,55.09,55.6,9132297,JPM
04-06-2014,55.52,55.72,55.25,55.68,9728053,JPM
05-06-2014,55.91,56.66,55.49,56.63,16804644,JPM
06-06-2014,56.76,57.13,56.65,56.97,15399844,JPM
09-06-2014,56.91,57.66,56.9,57.42,12000038,JPM
10-06-2014,57.47,57.94,57.39,57.9,11609169,JPM
11-06-2014,57.48,57.79,56.98,57.27,14232171,JPM
12-06-2014,57.07,57.42,56.87,57.04,11677911,JPM
13-06-2014,57.03,57.67,56.88,57.04,12044435,JPM
16-06-2014,56.85,56.95,56.33,56.87,11199075,JPM
17-06-2014,56.79,57.59,56.68,57.42,11200522,JPM
18-06-2014,57.29,57.81,56.95,57.78,13737143,JPM
19-06-2014,57.69,57.69,57.21,57.3,11624383,JPM
20-06-2014,57.69,57.77,57.35,57.55,17126425,JPM
23-06-2014,57.54,58.22,57.24,58.19,16009479,JPM
24-06-2014,57.88,58.12,57.3,57.42,12323320,JPM
25-06-2014,57.22,57.74,56.87,57.53,14843900,JPM
26-06-2014,57.34,57.49,56.6,57.39,11854621,JPM
27-06-2014,57.33,57.7,57.24,57.53,10178566,JPM
30-06-2014,57.44,57.78,57.38,57.62,11549859,JPM
01-07-2014,57.15,57.99,57.08,57.57,14472160,JPM
02-07-2014,57.27,57.48,56.82,56.97,19199260,JPM
03-07-2014,57.23,57.65,57,57.05,12599842,JPM
07-07-2014,56.89,56.99,56.4,56.67,13918743,JPM
08-07-2014,56.35,56.47,55.63,55.76,18345729,JPM
09-07-2014,55.88,56.12,55.61,56.02,10914251,JPM
10-07-2014,55.06,55.81,54.96,55.56,12436589,JPM
11-07-2014,55.29,55.9,55.19,55.8,10236860,JPM
14-07-2014,56.53,56.84,56.2,56.29,14011991,JPM
15-07-2014,57.95,58.69,57.76,58.27,36219126,JPM
16-07-2014,58.51,58.98,58.31,58.71,20515604,JPM
17-07-2014,58.56,58.86,57.76,57.86,17015955,JPM
18-07-2014,58.33,58.48,57.9,58.23,12803917,JPM
21-07-2014,58.12,58.41,57.9,58.24,9148506,JPM
22-07-2014,58.42,58.8,58.37,58.67,10376795,JPM
23-07-2014,58.76,59.19,58.52,59,11122085,JPM
24-07-2014,59.07,59.35,58.99,59.17,9844323,JPM
25-07-2014,58.92,59.27,58.84,59.01,10500572,JPM
28-07-2014,58.94,59.26,58.67,59.19,12383894,JPM
29-07-2014,59.13,59.13,58.44,58.64,13498827,JPM
30-07-2014,59.02,59.28,58.61,58.91,11821992,JPM
31-07-2014,58.65,58.68,57.66,57.67,15958788,JPM
01-08-2014,57.39,57.49,55.97,56.48,23916665,JPM
04-08-2014,56.91,56.98,56.34,56.65,13547228,JPM
05-08-2014,56.43,56.6,55.6,56.06,16863698,JPM
06-08-2014,55.89,56.69,55.83,56.23,12192567,JPM
07-08-2014,56.63,56.69,55.68,55.91,11743838,JPM
08-08-2014,55.89,56.36,55.64,56.34,12213225,JPM
11-08-2014,56.54,56.58,56.17,56.32,9066796,JPM
12-08-2014,56.23,56.55,56.13,56.35,11290657,JPM
13-08-2014,56.69,56.84,56.51,56.72,7019479,JPM
14-08-2014,56.77,57,56.7,56.98,8275920,JPM
15-08-2014,57.24,57.5,56.39,56.75,12727664,JPM
18-08-2014,56.86,57.43,56.76,57.23,8881423,JPM
19-08-2014,57.6,57.72,57.34,57.56,9040484,JPM
20-08-2014,57.42,57.85,57.39,57.64,8121363,JPM
21-08-2014,57.66,58.77,57.6,58.5,12745499,JPM
22-08-2014,58.44,59.08,58.33,58.49,10228569,JPM
25-08-2014,58.98,59.83,58.86,59.34,13996764,JPM
26-08-2014,59.57,59.95,59.38,59.74,10281087,JPM
27-08-2014,59.85,59.95,59.53,59.59,11410860,JPM
28-08-2014,59.25,59.37,58.81,59.16,9096101,JPM
29-08-2014,59.34,59.65,59.23,59.45,8903530,JPM
02-09-2014,59.46,59.71,59.15,59.67,8678222,JPM
03-09-2014,60.02,60.37,59.46,59.7,11792109,JPM
04-09-2014,59.63,60.14,59.43,59.71,9811903,JPM
05-09-2014,59.62,59.91,59.22,59.91,9600894,JPM
08-09-2014,59.84,60.22,59.74,59.89,8090047,JPM
09-09-2014,59.63,59.68,58.78,59.06,14868683,JPM
10-09-2014,59.15,59.56,58.92,59.22,9157691,JPM
11-09-2014,59.18,59.84,58.97,59.76,11468573,JPM
12-09-2014,59.8,60.41,59.75,60.03,14373722,JPM
15-09-2014,59.78,59.99,59.45,59.94,10685630,JPM
16-09-2014,59.71,60.2,59.62,59.99,10950516,JPM
17-09-2014,59.95,60.59,59.82,60.31,15092042,JPM
18-09-2014,60.54,61.4,60.54,61.32,16973697,JPM
19-09-2014,61.74,61.85,60.98,61.11,18740479,JPM
22-09-2014,60.94,61.45,60.8,60.91,13225164,JPM
23-09-2014,60.82,61.4,60.77,60.94,14335620,JPM
24-09-2014,61.18,61.64,61.02,61.63,13728243,JPM
25-09-2014,61.49,61.5,60.15,60.15,16346724,JPM
26-09-2014,60.33,60.88,60.32,60.56,11948887,JPM
29-09-2014,60.03,60.5,59.73,60.33,10694938,JPM
30-09-2014,60.4,60.74,60.13,60.24,14384783,JPM
01-10-2014,60.24,60.4,59.73,59.77,18995987,JPM
02-10-2014,59.15,59.49,58.61,58.84,24561606,JPM
03-10-2014,59.25,60.38,59.05,60.3,18321078,JPM
06-10-2014,60.78,60.8,60,60.18,11578147,JPM
07-10-2014,59.92,59.92,59.18,59.27,14542010,JPM
08-10-2014,59.36,60.43,59.18,60.4,15834553,JPM
09-10-2014,60.33,60.33,58.89,59.08,19191404,JPM
10-10-2014,59.03,59.82,58.51,58.52,16690858,JPM
13-10-2014,58.5,59.14,58.11,58.16,17169312,JPM
14-10-2014,56.69,58.52,56.06,57.99,29096840,JPM
15-10-2014,57.02,57.38,54.26,55.53,37866911,JPM
16-10-2014,54.75,55.98,54.28,55.08,31970014,JPM
17-10-2014,55.73,56.78,55.57,56.2,20183543,JPM
20-10-2014,56.1,56.75,56.07,56.63,10808475,JPM
21-10-2014,57.23,58.01,57.08,57.93,14020373,JPM
22-10-2014,58.04,58.26,57.44,57.45,13750741,JPM
23-10-2014,58.12,58.6,57.94,58.06,12641874,JPM
24-10-2014,58,58.78,58,58.74,13757981,JPM
27-10-2014,58.45,58.79,58.25,58.64,11087209,JPM
28-10-2014,58.87,59.69,58.81,59.63,13625017,JPM
29-10-2014,59.62,59.78,58.76,59.29,16715852,JPM
30-10-2014,58.94,59.68,58.92,59.39,14709756,JPM
31-10-2014,60.12,60.54,59.87,60.48,18351059,JPM
03-11-2014,60.79,61.15,60.36,60.88,11854189,JPM
04-11-2014,60.24,60.37,59.42,60.25,15295771,JPM
05-11-2014,60.8,61.23,60.39,61.15,14063812,JPM
06-11-2014,61.08,61.31,60.63,61.23,10421612,JPM
07-11-2014,61.07,61.55,60.86,61.47,12384620,JPM
10-11-2014,61.25,61.93,61.2,61.93,10800981,JPM
11-11-2014,61.71,61.89,61.29,61.37,12539830,JPM
12-11-2014,60.42,60.84,60.23,60.56,17219648,JPM
13-11-2014,60.5,60.63,59.99,60.23,12240366,JPM
14-11-2014,60.25,60.62,60.18,60.28,6803396,JPM
17-11-2014,60,60.53,59.89,60.38,9017649,JPM
18-11-2014,60.35,60.82,60.2,60.53,8899839,JPM
19-11-2014,60.45,60.79,60.15,60.6,9210079,JPM
20-11-2014,60.2,60.25,59.75,60.12,10917299,JPM
21-11-2014,61.07,61.07,60.3,60.45,12340450,JPM
24-11-2014,60.7,61.3,60.7,60.96,8335037,JPM
25-11-2014,61.16,61.16,59.95,60.3,14802617,JPM
26-11-2014,60.57,60.57,60.2,60.34,7628731,JPM
28-11-2014,60.4,60.56,60.03,60.16,6759646,JPM
01-12-2014,59.98,60.21,59.55,60,12771602,JPM
02-12-2014,60.01,61.19,60,61.08,12546594,JPM
03-12-2014,60.96,61.62,60.81,61.54,12115506,JPM
04-12-2014,61.1,61.57,60.84,61.38,11542085,JPM
05-12-2014,62.01,63.06,61.88,62.7,20071134,JPM
08-12-2014,62.6,63.16,62.26,62.67,15535482,JPM
09-12-2014,61.85,62.85,61.56,62.45,19676435,JPM
10-12-2014,62.16,62.24,60.37,60.68,29620579,JPM
11-12-2014,61.17,62.06,61.11,61.14,16886249,JPM
12-12-2014,60.53,61.22,59.96,60.04,17405430,JPM
15-12-2014,60.74,60.81,58.79,59.16,19209927,JPM
16-12-2014,58.42,59.86,58.11,58.43,20709745,JPM
17-12-2014,58.57,59.83,58.34,59.77,17856440,JPM
18-12-2014,60.64,61.48,60.44,61.48,18173357,JPM
19-12-2014,61.4,62.35,61.37,61.93,22756410,JPM
22-12-2014,62.16,62.33,61.61,61.94,17073371,JPM
23-12-2014,62.05,62.97,61.93,62.48,13552615,JPM
24-12-2014,62.74,62.87,62.27,62.48,7419342,JPM
26-12-2014,62.67,62.89,62.41,62.55,6086519,JPM
29-12-2014,62.42,63.34,62.25,62.96,10601197,JPM
30-12-2014,62.72,63.28,62.57,63.15,7518059,JPM
31-12-2014,63.3,63.49,62.58,62.58,18529419,JPM
02-01-2015,62.62,62.96,62.07,62.49,12599991,JPM
05-01-2015,62.06,62.28,60.23,60.55,20100577,JPM
06-01-2015,60.64,60.75,58.35,58.98,29074111,JPM
07-01-2015,59.89,59.89,58.66,59.07,23843244,JPM
08-01-2015,59.97,60.9,59.97,60.39,16971056,JPM
09-01-2015,60.72,60.79,59.29,59.34,15396195,JPM
12-01-2015,59.28,59.4,58.27,58.83,15455234,JPM
13-01-2015,59.26,59.7,58.37,58.84,21644739,JPM
14-01-2015,56.91,57,55.27,56.81,49602310,JPM
15-01-2015,55.73,56.61,54.5,54.99,42458146,JPM
16-01-2015,54.66,56,54.64,55.93,29368910,JPM
20-01-2015,56.04,56.39,55.42,55.71,23477689,JPM
21-01-2015,55.45,56.42,55.19,55.89,21842362,JPM
22-01-2015,56.38,57.73,55.96,57.59,31423538,JPM
23-01-2015,57.72,57.87,56.66,56.68,15458254,JPM
26-01-2015,56.41,56.99,56.2,56.77,12577658,JPM
27-01-2015,56.05,56.61,55.76,56.2,15220526,JPM
28-01-2015,56.62,56.68,54.75,54.75,24354354,JPM
29-01-2015,55.27,55.89,54.68,55.67,20393264,JPM
30-01-2015,54.99,55.5,54.37,54.38,26943713,JPM
02-02-2015,54.53,55.65,54.27,55.47,20308885,JPM
03-02-2015,55.91,56.78,55.87,56.72,18812501,JPM
04-02-2015,56.32,57.07,56.28,56.38,14934076,JPM
05-02-2015,56.86,57.04,56.46,56.77,11293901,JPM
06-02-2015,57.75,58.73,57.54,57.89,25214001,JPM
09-02-2015,57.42,58.1,57.23,57.82,14372365,JPM
10-02-2015,58.42,58.71,58.05,58.46,16367266,JPM
11-02-2015,58.06,58.66,57.84,58.37,13061925,JPM
12-02-2015,58.93,59.71,58.55,59.57,23211327,JPM
13-02-2015,59.46,60.22,59.34,59.67,16479114,JPM
17-02-2015,59.36,60.14,59.32,60.1,15308763,JPM
18-02-2015,59.79,59.83,59.12,59.37,14278117,JPM
19-02-2015,59.15,59.48,58.8,59.23,11256543,JPM
20-02-2015,58.96,59.89,58.35,59.8,15379042,JPM
23-02-2015,59.5,59.53,58.8,59.35,16813999,JPM
24-02-2015,60.25,61.25,60.08,60.82,22937701,JPM
25-02-2015,60.76,61.27,60.75,61.14,18307912,JPM
26-02-2015,61.03,61.7,60.91,61.58,15444802,JPM
27-02-2015,61.13,61.92,61.13,61.28,15225935,JPM
02-03-2015,61.24,61.83,61.03,61.77,13047328,JPM
03-03-2015,61.65,61.99,61.5,61.97,13707655,JPM
04-03-2015,61.64,62.17,61.35,62.13,16626413,JPM
05-03-2015,62.2,62.23,61.6,62,10931262,JPM
06-03-2015,62.16,62.87,60.8,60.89,22719177,JPM
09-03-2015,60.84,61.63,60.8,61.5,13001473,JPM
10-03-2015,60.76,61.01,59.96,59.96,16357724,JPM
11-03-2015,60.13,60.65,59.96,60.24,13015567,JPM
12-03-2015,60.65,61.45,60.65,61.37,18159558,JPM
13-03-2015,61.4,61.86,60.43,61,16506155,JPM
16-03-2015,61.5,61.92,61.25,61.85,15182859,JPM
17-03-2015,61.34,61.66,60.92,61.61,11718327,JPM
18-03-2015,61.39,62.05,61.08,61.75,15697854,JPM
19-03-2015,61.57,61.65,60.76,61.2,11523785,JPM
20-03-2015,61.32,62.1,61.15,61.75,18368347,JPM
23-03-2015,61.75,62.08,61.12,61.14,15112872,JPM
24-03-2015,60.97,61.24,60.45,60.46,12128693,JPM
25-03-2015,60.53,60.64,59.59,59.61,14950859,JPM
26-03-2015,59.46,59.79,58.87,59.54,14039559,JPM
27-03-2015,59.49,59.78,59,59.55,11755819,JPM
30-03-2015,60.88,61.46,60.61,60.96,20656523,JPM
31-03-2015,60.72,60.94,60.42,60.58,17346667,JPM
01-04-2015,60.41,60.57,59.73,59.95,18100587,JPM
02-04-2015,60.07,60.7,60,60.52,12697771,JPM
06-04-2015,59.92,60.75,59.65,60.47,12025243,JPM
07-04-2015,61.15,61.5,60.85,60.85,11505503,JPM
08-04-2015,61.06,61.56,60.94,61.05,11733950,JPM
09-04-2015,61.27,61.58,60.83,61.47,11728495,JPM
10-04-2015,61.35,61.78,61.2,61.7,9869670,JPM
13-04-2015,61.64,62.27,61.5,62.07,15468702,JPM
14-04-2015,62.96,63.61,62.74,63.04,33775406,JPM
15-04-2015,63.08,64.48,63.01,64.21,28732225,JPM
16-04-2015,64.08,64.27,63.66,63.81,16640454,JPM
17-04-2015,63.25,63.4,62.49,62.84,20221236,JPM
20-04-2015,63.22,63.52,63.14,63.24,12755309,JPM
21-04-2015,63.33,63.6,62.13,62.31,14985119,JPM
22-04-2015,62.65,63.15,62.03,62.94,14484658,JPM
23-04-2015,62.79,63.21,62.6,62.8,12851257,JPM
24-04-2015,62.63,62.84,62.34,62.6,9597525,JPM
27-04-2015,62.7,63.15,62.31,62.34,11146409,JPM
28-04-2015,62.49,62.78,61.77,62.76,12307828,JPM
29-04-2015,62.56,63.89,62.46,63.6,17601215,JPM
30-04-2015,63.58,63.88,62.92,63.26,16840865,JPM
01-05-2015,63.7,63.87,63.33,63.61,11640805,JPM
04-05-2015,63.68,64.87,63.64,64.72,14972462,JPM
05-05-2015,64.51,65.32,64.29,64.4,17692369,JPM
06-05-2015,64.53,65.07,63.42,63.92,18087852,JPM
07-05-2015,63.67,64.6,63.25,64.5,15039936,JPM
08-05-2015,64.97,65.65,64.6,65.49,16802611,JPM
11-05-2015,65.26,65.64,65.08,65.45,13799675,JPM
12-05-2015,65.31,65.54,64.76,65.36,12762234,JPM
13-05-2015,65.42,65.63,65.06,65.52,11874274,JPM
14-05-2015,65.83,66.18,65.71,66.05,11855518,JPM
15-05-2015,66.13,66.16,65.44,65.88,11152125,JPM
18-05-2015,65.8,66.54,65.8,66.42,10510893,JPM
19-05-2015,66.77,67.19,66.57,67.01,14282994,JPM
20-05-2015,66.95,67.03,66.4,66.48,12446012,JPM
21-05-2015,66.14,66.68,66.01,66.65,12934474,JPM
22-05-2015,66.63,66.83,66.32,66.47,9296939,JPM
26-05-2015,66.2,66.29,65.31,65.73,15571327,JPM
27-05-2015,65.95,66.65,65.82,66.47,10963652,JPM
28-05-2015,66.36,66.4,65.74,66.2,11797444,JPM
29-05-2015,66.18,66.22,65.36,65.78,14310723,JPM
01-06-2015,65.99,66.66,65.97,66.08,11899261,JPM
02-06-2015,65.83,66.39,65.58,66.02,12784152,JPM
03-06-2015,66.43,67.13,66.27,66.7,12927263,JPM
04-06-2015,66.31,67.05,66.01,66.33,13863283,JPM
05-06-2015,67.37,67.84,67.01,67.42,20801141,JPM
08-06-2015,67.46,67.55,66.81,66.89,14558660,JPM
09-06-2015,66.95,67.27,66.47,67.18,13263493,JPM
10-06-2015,67.59,68.5,67.47,68.26,17478898,JPM
11-06-2015,68.36,68.68,68.15,68.52,13739872,JPM
12-06-2015,68.31,68.54,67.87,68.25,11804741,JPM
15-06-2015,67.58,68.21,67.3,67.99,14082323,JPM
16-06-2015,67.77,68.52,67.62,68.37,11692849,JPM
17-06-2015,68.41,68.68,68.04,68.14,14521889,JPM
18-06-2015,68.35,68.82,67.9,68.78,16759603,JPM
19-06-2015,68.46,68.67,67.92,68.08,21606383,JPM
22-06-2015,68.87,69.29,68.75,68.96,14306669,JPM
23-06-2015,69.35,69.82,69.19,69.75,15736884,JPM
24-06-2015,69.51,69.77,68.91,69.02,16995033,JPM
25-06-2015,69.32,69.48,68.64,68.65,13314291,JPM
26-06-2015,68.94,69.29,68.76,68.95,14489159,JPM
29-06-2015,67.68,68.26,67.16,67.2,19934417,JPM
30-06-2015,67.89,68.11,67.16,67.76,20677358,JPM
01-07-2015,68.12,68.39,67.78,68.07,13964423,JPM
02-07-2015,67.95,68.13,67.18,67.52,12822941,JPM
06-07-2015,66.88,67.46,66.54,67.33,13527098,JPM
07-07-2015,67.09,67.22,65.3,66.8,22421483,JPM
08-07-2015,66,66.16,65.2,65.43,17707242,JPM
09-07-2015,66.49,66.7,65.99,66.11,14984705,JPM
10-07-2015,67.22,67.4,66.82,67.05,12356059,JPM
13-07-2015,67.89,68.14,67.68,68.09,16175638,JPM
14-07-2015,67.98,69.1,67.76,69.04,20185118,JPM
15-07-2015,69.23,69.43,68.85,69.19,16891606,JPM
16-07-2015,69.63,69.95,69.41,69.56,18035652,JPM
17-07-2015,69.35,69.49,68.92,69.21,14040686,JPM
20-07-2015,69.5,69.77,69.18,69.26,11512894,JPM
21-07-2015,69.16,69.54,68.87,69.1,11659915,JPM
22-07-2015,69.28,70.29,69.2,70.08,15493019,JPM
23-07-2015,70.19,70.61,69.46,69.64,14331837,JPM
24-07-2015,69.44,69.56,68.68,68.91,12413896,JPM
27-07-2015,68.15,68.22,67.57,68.01,16801563,JPM
28-07-2015,68.55,68.6,67.77,68.05,14932360,JPM
29-07-2015,68.32,69.1,68.16,68.94,13059190,JPM
30-07-2015,68.93,69.45,68.54,69.04,10197182,JPM
31-07-2015,69.01,69.04,68.4,68.53,11911818,JPM
03-08-2015,68.59,68.84,68,68.53,9980587,JPM
04-08-2015,68.47,68.95,68.31,68.46,10963966,JPM
05-08-2015,69.05,69.42,68.56,68.73,11302860,JPM
06-08-2015,68.75,68.94,68,68.25,10803363,JPM
07-08-2015,68.33,68.74,67.55,68.05,11453310,JPM
10-08-2015,68.22,69,68.22,68.89,12661440,JPM
11-08-2015,68.23,68.4,67.85,68.23,14800333,JPM
12-08-2015,67.41,67.55,66.07,67.24,21150053,JPM
13-08-2015,67.25,67.8,66.97,67.55,11930623,JPM
14-08-2015,67.42,67.91,67.4,67.89,11248813,JPM
17-08-2015,67.62,68.24,67.4,68.07,10326540,JPM
18-08-2015,67.98,68.36,67.84,68.21,10617481,JPM
19-08-2015,67.93,68.31,67.36,67.6,15198203,JPM
20-08-2015,66.81,67.04,65.94,65.94,20858730,JPM
21-08-2015,65.09,65.44,63.57,63.6,28030954,JPM
24-08-2015,59.29,62.92,50.07,60.25,36031073,JPM
25-08-2015,63.1,63.32,59.73,59.91,31605022,JPM
26-08-2015,61.8,62.98,60.54,62.91,33370812,JPM
27-08-2015,63.98,64.73,63.14,64.48,28854171,JPM
28-08-2015,64.29,64.46,63.6,64.13,16581709,JPM
31-08-2015,63.61,64.35,63.47,64.1,14124089,JPM
01-09-2015,62.85,62.85,60.99,61.45,23584748,JPM
02-09-2015,62.62,62.91,61.54,62.57,17640262,JPM
03-09-2015,62.88,63.66,62.45,62.68,16944771,JPM
04-09-2015,61.8,61.92,60.75,61.5,20105957,JPM
08-09-2015,62.77,63.2,62.33,63.16,13290404,JPM
09-09-2015,63.94,64.34,62,62.18,13764967,JPM
10-09-2015,61.86,63,61.45,62.66,15685272,JPM
11-09-2015,62.38,62.66,61.99,62.56,12722369,JPM
14-09-2015,62.64,62.68,62.12,62.38,10177079,JPM
15-09-2015,62.76,63.89,62.51,63.58,13951529,JPM
16-09-2015,63.89,64.29,63.21,64.14,12226599,JPM
17-09-2015,64.14,64.64,62.39,62.65,20842253,JPM
18-09-2015,61.83,61.83,60.78,60.94,30889875,JPM
21-09-2015,61.52,61.91,61.08,61.45,13122993,JPM
22-09-2015,60.6,61.08,60.42,60.91,14662839,JPM
23-09-2015,60.8,61.15,60.32,60.64,11683827,JPM
24-09-2015,60.01,60.38,59.46,60.22,17002374,JPM
25-09-2015,61.27,61.86,60.87,61.47,18325631,JPM
28-09-2015,60.92,61.01,59.69,59.98,16872689,JPM
29-09-2015,59.98,60.13,58.73,59.84,19261119,JPM
30-09-2015,60.7,61,60.11,60.97,18688537,JPM
01-10-2015,61.12,61.87,60.54,61.42,16780949,JPM
02-10-2015,59.59,60.86,58.53,60.81,20386849,JPM
05-10-2015,61.24,62.24,61.22,62.02,13405854,JPM
06-10-2015,62.11,62.36,61.62,62.05,12037923,JPM
07-10-2015,62.55,63.03,61.76,62.13,12784772,JPM
08-10-2015,61.85,62.25,61.43,62.13,13899433,JPM
09-10-2015,62.39,62.54,61.58,61.93,12036622,JPM
12-10-2015,61.84,62.01,61.4,61.72,10824903,JPM
13-10-2015,61.39,62.16,61.31,61.55,15182083,JPM
14-10-2015,60.76,60.97,59.54,59.99,28937454,JPM
15-10-2015,60.47,61.96,60.1,61.89,18095043,JPM
16-10-2015,62.43,62.65,62.09,62.43,17434885,JPM
19-10-2015,62,62.76,61.91,62.22,14479153,JPM
20-10-2015,62.36,62.82,62.08,62.52,11545128,JPM
21-10-2015,62.88,62.96,62.05,62.06,12113422,JPM
22-10-2015,62.42,63.58,62.42,63.19,15269206,JPM
23-10-2015,63.63,64.18,63.5,63.87,16944141,JPM
26-10-2015,63.84,63.99,63.41,63.9,13858411,JPM
27-10-2015,63.53,63.86,63.31,63.64,8775339,JPM
28-10-2015,63.7,65.74,63.69,65.5,17924895,JPM
29-10-2015,65.26,65.83,64.88,65.21,12690848,JPM
30-10-2015,65.3,65.34,64.13,64.25,15642649,JPM
02-11-2015,64.45,65.75,64.39,65.54,15225097,JPM
03-11-2015,65.29,66.1,65.17,65.78,11499353,JPM
04-11-2015,66.01,66.15,65.63,65.85,11382412,JPM
05-11-2015,65.79,66.67,65.75,66.44,12561702,JPM
06-11-2015,68.37,69.03,68.1,68.46,23179728,JPM
09-11-2015,68.7,68.72,67.08,67.39,17120033,JPM
10-11-2015,67.19,67.85,66.93,67.68,13093668,JPM
11-11-2015,68.1,68.17,67.25,67.35,8494787,JPM
12-11-2015,66.86,66.9,65.95,66,13272016,JPM
13-11-2015,65.84,66.17,65.23,65.56,11682962,JPM
16-11-2015,65.46,66.58,65.17,66.51,11031402,JPM
17-11-2015,66.67,66.74,65.89,66.13,12320306,JPM
18-11-2015,66.48,67.55,66.37,67.45,12727534,JPM
19-11-2015,67.58,67.82,67.04,67.66,12718778,JPM
20-11-2015,67.99,68.11,67.38,67.54,11194673,JPM
23-11-2015,67.31,67.58,66.78,66.88,11335340,JPM
24-11-2015,66.17,67.14,66.04,66.78,10852532,JPM
25-11-2015,66.93,67.12,66.55,66.86,7772026,JPM
27-11-2015,67,67.33,66.64,67.17,4052633,JPM
30-11-2015,67.28,67.52,66.68,66.68,15091696,JPM
01-12-2015,67.34,67.83,66.99,67.61,12668449,JPM
02-12-2015,67.83,67.88,66.48,66.66,13399839,JPM
03-12-2015,66.83,67.03,65.58,65.8,14626881,JPM
04-12-2015,66.1,68,66.03,67.89,17786043,JPM
07-12-2015,67.66,67.75,66.4,67,11686033,JPM
08-12-2015,66.25,66.96,65.7,65.96,13084484,JPM
09-12-2015,65.61,66.58,65.04,65.46,16770188,JPM
10-12-2015,65.54,66.5,65.08,65.61,12838986,JPM
11-12-2015,64.8,65.16,63.51,64.07,17889293,JPM
14-12-2015,64.23,64.76,63.6,64.27,17504146,JPM
15-12-2015,65.07,66.65,65.07,66.1,18126588,JPM
16-12-2015,66.91,67.74,65.91,67.53,21720024,JPM
17-12-2015,67.9,68,66.08,66.28,18122090,JPM
18-12-2015,65.97,65.97,64.4,64.4,23819643,JPM
21-12-2015,65.02,65.56,64.83,65.54,18869297,JPM
22-12-2015,65.92,66,64.98,65.68,12149529,JPM
23-12-2015,66.12,66.85,66.05,66.73,12524453,JPM
24-12-2015,66.62,66.89,66.32,66.6,4468242,JPM
28-12-2015,66.29,66.45,65.71,66.38,6610609,JPM
29-12-2015,66.84,67.3,66.74,67.07,9820830,JPM
30-12-2015,67.04,67.05,66.45,66.59,7190650,JPM
31-12-2015,66.19,66.78,66,66.03,14654329,JPM
04-01-2016,63.95,64.06,63.01,63.62,25271341,JPM
05-01-2016,63.7,64.13,63.04,63.73,16566703,JPM
06-01-2016,62.72,63.12,62.34,62.81,22961532,JPM
07-01-2016,61.46,62,60.08,60.27,27630867,JPM
08-01-2016,61.13,61.27,58.85,58.92,22373287,JPM
11-01-2016,58.83,59.22,58.04,58.83,20925529,JPM
12-01-2016,59.45,59.56,58.1,58.96,22971612,JPM
13-01-2016,59.46,59.68,56.91,57.34,28563254,JPM
14-01-2016,58.16,59.38,57.29,58.2,31234155,JPM
15-01-2016,56.45,57.57,56.22,57.04,37595606,JPM
19-01-2016,57.73,57.97,56.51,57.01,22776517,JPM
20-01-2016,55.63,56.18,54.66,55.51,34611020,JPM
21-01-2016,55.74,56.52,55.06,55.25,31244542,JPM
22-01-2016,56.44,57.16,56.3,56.95,22453115,JPM
25-01-2016,56.48,56.85,55.6,55.66,20892401,JPM
26-01-2016,55.85,57.15,55.81,57.08,17519535,JPM
27-01-2016,57.08,58.27,56.56,57.04,20499582,JPM
28-01-2016,57.52,57.97,56.63,57.28,15487278,JPM
29-01-2016,57.83,59.54,57.51,59.5,26727855,JPM
01-02-2016,59.16,59.65,58.44,58.86,16761416,JPM
02-02-2016,57.88,57.98,56.75,57.03,22269412,JPM
03-02-2016,57.37,57.8,55.02,57.41,31521731,JPM
04-02-2016,57.06,58.52,57.06,58.4,21570101,JPM
05-02-2016,58.58,59.14,57.42,57.75,21897326,JPM
08-02-2016,56.69,56.92,55.54,56.54,28229438,JPM
09-02-2016,55.29,56.69,55.13,56.2,26251534,JPM
10-02-2016,56.57,57.41,55.47,55.52,22360482,JPM
11-02-2016,53.9,53.91,52.5,53.07,43976046,JPM
12-02-2016,55.65,57.57,55.17,57.49,36905293,JPM
16-02-2016,58.23,58.6,57.64,58.35,23537318,JPM
17-02-2016,58.85,59.25,58.39,58.77,21185566,JPM
18-02-2016,58.84,58.86,57.25,57.81,16937282,JPM
19-02-2016,57.5,58.17,57.08,57.82,15595530,JPM
22-02-2016,58.51,58.88,58.42,58.57,14867122,JPM
23-02-2016,57.9,58.09,55.96,56.12,31533968,JPM
24-02-2016,55.2,56.21,54.32,56.14,25526826,JPM
25-02-2016,56.13,57.03,56.04,57.01,14453901,JPM
26-02-2016,57.64,58.11,57.14,57.54,20867827,JPM
29-02-2016,57.41,57.6,56.29,56.3,19504736,JPM
01-03-2016,56.76,59.2,56.67,59.2,23505176,JPM
02-03-2016,59.2,59.9,58.96,59.76,20922700,JPM
03-03-2016,59.58,59.96,59.1,59.96,15768403,JPM
04-03-2016,60.1,60.55,59.53,60.05,18420483,JPM
07-03-2016,59.54,60.05,59.32,59.94,12820229,JPM
08-03-2016,59.21,59.5,58.68,58.78,14050324,JPM
09-03-2016,59.15,59.54,58.68,59.12,13222794,JPM
10-03-2016,59.59,59.67,57.81,58.61,21108547,JPM
11-03-2016,59.39,59.51,58.65,59.34,21005331,JPM
14-03-2016,59.15,59.31,58.6,59.12,13412516,JPM
15-03-2016,58.54,59.21,58.43,59.2,10910468,JPM
16-03-2016,58.98,59.75,58.47,58.92,17039145,JPM
17-03-2016,58.77,59.13,57.99,58.75,19190218,JPM
18-03-2016,60.05,60.97,59.66,60.48,29494852,JPM
21-03-2016,60.22,60.82,59.96,60.46,12659604,JPM
22-03-2016,59.99,60.58,59.62,60.24,12012152,JPM
23-03-2016,60.34,60.51,59.86,59.94,11580873,JPM
24-03-2016,59.3,59.51,58.87,59.48,12887007,JPM
28-03-2016,59.53,59.75,59.18,59.4,11158977,JPM
29-03-2016,59.33,59.33,58.53,59.03,15855168,JPM
30-03-2016,59.46,60.23,59.38,59.71,13269003,JPM
31-03-2016,59.45,59.93,59.11,59.22,14780568,JPM
01-04-2016,59.02,60.06,58.56,59.87,15405515,JPM
04-04-2016,59.44,59.56,58.96,59.2,12277467,JPM
05-04-2016,58.59,58.83,58.21,58.36,12870771,JPM
06-04-2016,58.18,58.88,57.95,58.81,12156589,JPM
07-04-2016,58.26,58.43,57.06,57.32,19087683,JPM
08-04-2016,57.71,58.58,57.69,57.74,13535569,JPM
11-04-2016,57.91,58.88,57.91,58.2,17580857,JPM
12-04-2016,58.34,59.39,58.2,59.28,17651526,JPM
13-04-2016,60.48,62.16,60.38,61.79,37244076,JPM
14-04-2016,61.69,62.9,61.6,62.59,24234623,JPM
15-04-2016,62.88,62.9,61.45,61.87,19257257,JPM
18-04-2016,61.64,62.58,61.53,62.27,13805437,JPM
19-04-2016,62.55,63.48,62.55,63.32,18993076,JPM
20-04-2016,63.48,64.31,63.14,64.24,14579548,JPM
21-04-2016,64.26,64.66,63.34,63.6,15314757,JPM
22-04-2016,63.64,64.38,63.64,63.97,11970762,JPM
25-04-2016,63.6,63.95,63.14,63.6,10681635,JPM
26-04-2016,63.81,64.07,63.33,63.93,12030279,JPM
27-04-2016,63.86,64.64,63.6,64.11,14850477,JPM
28-04-2016,63.64,64.42,63.35,63.6,12841555,JPM
29-04-2016,63.09,63.61,62.7,63.2,16297433,JPM
02-05-2016,63.69,64,63.14,63.79,10228650,JPM
03-05-2016,62.9,62.91,61.8,62.56,18993276,JPM
04-05-2016,61.75,62.26,61.27,61.57,16955039,JPM
05-05-2016,61.6,62,61.06,61.24,14029562,JPM
06-05-2016,60.7,61.68,60.59,61.6,11047364,JPM
09-05-2016,61.37,61.89,61.05,61.21,11192527,JPM
10-05-2016,61.55,62.26,61.35,62.04,11884732,JPM
11-05-2016,61.97,62.6,61.81,61.81,11201777,JPM
12-05-2016,62.27,62.56,61.37,61.77,10996165,JPM
13-05-2016,61.7,62.4,61.02,61.2,14397207,JPM
16-05-2016,61.21,61.98,61,61.66,10943684,JPM
17-05-2016,61.43,62.16,61.15,61.66,12164730,JPM
18-05-2016,61.7,64.17,61.69,64.04,24008793,JPM
19-05-2016,63.53,64.22,62.9,63.39,15882976,JPM
20-05-2016,63.86,64.19,63.37,63.51,11755544,JPM
23-05-2016,63.45,63.87,63.16,63.46,9328181,JPM
24-05-2016,63.94,64.77,63.81,64.54,13816086,JPM
25-05-2016,64.94,66.2,64.92,65.52,18921428,JPM
26-05-2016,65.57,65.58,64.91,65.03,9418636,JPM
27-05-2016,65.21,65.46,65.05,65.43,10112767,JPM
31-05-2016,65.73,65.82,64.96,65.27,15139407,JPM
01-06-2016,64.76,65.92,64.26,65.69,14031018,JPM
02-06-2016,65.52,65.81,65.16,65.81,10637550,JPM
03-06-2016,64.25,64.86,63.55,64.64,20261681,JPM
06-06-2016,64.64,65.76,64.6,65.28,13193497,JPM
07-06-2016,65.45,65.74,65.04,65.06,9924106,JPM
08-06-2016,64.93,65.48,64.92,65.25,9428013,JPM
09-06-2016,64.79,64.9,64.27,64.75,10817761,JPM
10-06-2016,63.93,64.07,63.58,63.84,16678358,JPM
13-06-2016,63.48,64.34,63.26,63.27,14382759,JPM
14-06-2016,62.68,63.47,61.68,62.08,19509322,JPM
15-06-2016,62.41,62.98,61.91,61.97,16982140,JPM
16-06-2016,61.45,62.3,60.9,62.22,16791228,JPM
17-06-2016,62.3,62.71,61.93,62.28,15751497,JPM
20-06-2016,63.45,63.85,62.34,62.37,12213239,JPM
21-06-2016,62.73,63,62.14,62.95,11611632,JPM
22-06-2016,62.95,63.71,62.68,62.71,12643492,JPM
23-06-2016,63.7,64.15,63.53,64.05,16583609,JPM
24-06-2016,60.48,61.7,59.34,59.6,44108712,JPM
27-06-2016,58.71,58.75,57.05,57.61,37925291,JPM
28-06-2016,59.19,59.55,58.26,59.52,29088741,JPM
29-06-2016,60.36,61.21,60,61.2,21483012,JPM
30-06-2016,61.63,62.19,61.02,62.14,21343616,JPM
01-07-2016,61.52,62.01,61.16,61.26,14217796,JPM
05-07-2016,60.45,60.6,59.1,59.55,23357694,JPM
06-07-2016,59.01,60.29,58.76,60.19,20429800,JPM
07-07-2016,60.52,61.14,60.16,60.58,13771417,JPM
08-07-2016,61.33,62.17,61.33,61.83,16998814,JPM
11-07-2016,62.42,62.95,62.14,62.27,13151438,JPM
12-07-2016,63.03,63.56,62.89,63.2,16588124,JPM
13-07-2016,63.08,63.43,62.64,63.16,18526932,JPM
14-07-2016,64.74,64.98,64.05,64.12,28985935,JPM
15-07-2016,64.75,64.8,63.61,64.18,17607090,JPM
18-07-2016,64.13,64.4,63.9,63.96,10824364,JPM
19-07-2016,63.61,64.1,63.46,63.86,9737390,JPM
20-07-2016,64.11,64.23,63.71,63.93,10411068,JPM
21-07-2016,64,64.18,63.63,63.69,9952750,JPM
22-07-2016,63.9,64.09,63.6,64.04,8195688,JPM
25-07-2016,63.98,64.17,63.68,63.87,8168252,JPM
26-07-2016,63.98,64.26,63.71,64.13,8067766,JPM
27-07-2016,64.08,64.68,64.06,64.33,11806756,JPM
28-07-2016,64,64.19,63.72,64.1,10013424,JPM
29-07-2016,63.8,64.29,63.75,63.97,13210412,JPM
01-08-2016,64.15,64.31,63.61,63.8,11422601,JPM
02-08-2016,63.59,64.01,63.38,63.65,13550022,JPM
03-08-2016,63.69,64.67,63.65,64.66,13122345,JPM
04-08-2016,64.49,64.82,64.27,64.56,9873007,JPM
05-08-2016,65.14,66.37,65.07,66.3,20752730,JPM
08-08-2016,66.07,66.48,65.84,66.1,11359174,JPM
09-08-2016,66.18,66.28,65.69,65.87,10096971,JPM
10-08-2016,65.92,66.07,65.16,65.28,11556086,JPM
11-08-2016,65.27,65.69,65.02,65.46,9604549,JPM
12-08-2016,64.97,65.35,64.86,65.32,7685383,JPM
15-08-2016,65.56,65.83,65.46,65.72,8371557,JPM
16-08-2016,65.36,65.96,65.24,65.71,10128856,JPM
17-08-2016,65.8,65.98,65.54,65.89,11868065,JPM
18-08-2016,65.62,65.99,65.53,65.95,9313621,JPM
19-08-2016,65.72,65.91,65.22,65.86,9084877,JPM
22-08-2016,65.75,65.88,65.41,65.8,9055631,JPM
23-08-2016,66.07,66.34,65.76,65.77,8949607,JPM
24-08-2016,65.99,66.23,65.77,65.95,10167204,JPM
25-08-2016,65.91,66.14,65.79,66.07,9978651,JPM
26-08-2016,66.33,66.88,65.84,66.22,14038597,JPM
29-08-2016,66.49,67.1,66.46,66.95,14583145,JPM
30-08-2016,66.96,67.6,66.95,67.5,13791151,JPM
31-08-2016,67.46,67.77,66.86,67.5,14952329,JPM
01-09-2016,67.64,67.72,66.65,67.21,12226517,JPM
02-09-2016,67.4,67.58,66.98,67.49,13720662,JPM
06-09-2016,67.5,67.55,66.71,67.44,16649371,JPM
07-09-2016,67.16,67.59,66.96,67.16,10070407,JPM
08-09-2016,67.22,67.68,67,67.25,12252961,JPM
09-09-2016,67.03,67.43,66.64,66.65,19686877,JPM
12-09-2016,66.14,67.3,65.76,67.06,16452983,JPM
13-09-2016,66.11,66.86,65.82,66.53,18876069,JPM
14-09-2016,66.27,67.24,66.21,66.4,12648595,JPM
15-09-2016,66.29,66.93,66.09,66.64,12639749,JPM
16-09-2016,66.09,66.26,65.44,65.82,25161488,JPM
19-09-2016,66.15,66.64,65.85,66.19,13466874,JPM
20-09-2016,66.75,66.85,66.24,66.46,10092157,JPM
21-09-2016,66.84,67.13,66.31,66.84,14116774,JPM
22-09-2016,66.99,67.42,66.84,67.39,12781744,JPM
23-09-2016,67.39,67.9,67.18,67.25,13967357,JPM
26-09-2016,66.6,66.8,65.54,65.78,16408130,JPM
27-09-2016,65.41,66.4,65.11,66.36,13711386,JPM
28-09-2016,66.58,66.77,65.99,66.71,11278036,JPM
29-09-2016,66.7,67.21,65.35,65.65,18727192,JPM
30-09-2016,66.08,67.06,66.08,66.59,21680093,JPM
03-10-2016,66.35,66.92,66.26,66.51,14901651,JPM
04-10-2016,66.21,67.18,66.1,66.6,17226890,JPM
05-10-2016,66.89,68.07,66.8,67.69,16279971,JPM
06-10-2016,67.73,67.97,67.05,67.87,17484978,JPM
07-10-2016,67.79,68.18,67.4,68.11,18497019,JPM
10-10-2016,68.34,69.06,68.23,68.64,13027466,JPM
11-10-2016,68.5,68.82,67.93,68.31,15657104,JPM
12-10-2016,68.26,68.59,68.05,68.13,11899831,JPM
13-10-2016,67.46,67.87,66.82,67.74,17890046,JPM
14-10-2016,68.8,69.03,67.3,67.52,24163776,JPM
17-10-2016,67.42,67.79,66.74,67.17,14963411,JPM
18-10-2016,67.85,68.21,67.54,67.7,11870286,JPM
19-10-2016,67.81,68.5,67.81,68.35,12705774,JPM
20-10-2016,68.08,68.68,67.94,68.26,14122005,JPM
21-10-2016,67.81,68.53,67.7,68.49,12175674,JPM
24-10-2016,68.97,69.05,68.5,68.87,10197123,JPM
25-10-2016,68.88,68.93,68.38,68.8,9945050,JPM
26-10-2016,68.37,69.25,68.37,69.13,9801266,JPM
27-10-2016,69.49,69.77,69.1,69.23,14210699,JPM
28-10-2016,69.53,69.55,68.46,69.11,12766498,JPM
31-10-2016,69.43,69.58,69.23,69.26,14336299,JPM
01-11-2016,69.48,69.78,68.33,68.97,15564491,JPM
02-11-2016,68.65,68.85,68.01,68.68,12449788,JPM
03-11-2016,68.86,69.19,68.22,68.38,10369670,JPM
04-11-2016,68.49,68.56,67.64,67.76,13571306,JPM
07-11-2016,69.08,69.97,69,69.88,16515137,JPM
08-11-2016,69.7,70.54,69.24,70.03,17531748,JPM
09-11-2016,71.46,74.15,71.32,73.25,50948378,JPM
10-11-2016,74.22,77.25,74.22,76.65,56192320,JPM
11-11-2016,76.3,76.72,75.77,76.69,27574323,JPM
14-11-2016,77.25,80.44,77.25,79.51,46130653,JPM
15-11-2016,78.37,79.41,77.78,79.36,28126307,JPM
16-11-2016,78.22,78.35,76.88,77.4,26054926,JPM
17-11-2016,77.93,78.46,77.6,78.02,19226190,JPM
18-11-2016,77.96,78.42,77.55,77.71,19769965,JPM
21-11-2016,78,78.17,77.29,78.05,11983529,JPM
22-11-2016,78.34,78.56,77.76,78.53,14410100,JPM
23-11-2016,78.87,79.24,77.89,78.86,13401387,JPM
25-11-2016,79.1,79.45,78.47,78.83,6185719,JPM
28-11-2016,78.18,78.87,78.02,78.32,13007242,JPM
29-11-2016,78.39,79.16,78.39,78.92,14144062,JPM
30-11-2016,79.92,80.53,79.7,80.17,25351899,JPM
01-12-2016,80.65,82.28,80.65,81.79,23823632,JPM
02-12-2016,81.8,81.83,80.9,81.6,16931504,JPM
05-12-2016,82.3,83.29,82.29,83.26,18529840,JPM
06-12-2016,83.6,83.81,82.43,83.69,16130043,JPM
07-12-2016,83.55,84.09,82.85,84.07,18996905,JPM
08-12-2016,84.23,85.5,83.94,85.12,20844853,JPM
09-12-2016,85.02,85.5,84.14,85.49,14567202,JPM
12-12-2016,85.36,85.79,84.29,84.73,14511332,JPM
13-12-2016,84.98,85.67,83.82,84.76,16669046,JPM
14-12-2016,83.88,86.12,83.76,84.73,22622633,JPM
15-12-2016,85.4,86.49,84.9,86,19438924,JPM
16-12-2016,86.29,86.29,84.89,84.94,23008520,JPM
19-12-2016,84.8,85.44,84.19,85.43,21685098,JPM
20-12-2016,85.79,86.54,85.54,86.53,14587310,JPM
21-12-2016,86.43,86.81,86.03,86.75,11400484,JPM
22-12-2016,86.44,87.17,86.21,86.89,13924219,JPM
23-12-2016,87,87.15,86.4,87.05,10759433,JPM
27-12-2016,87.05,87.16,86.75,87.13,6946360,JPM
28-12-2016,87.16,87.39,86.35,86.5,9455586,JPM
29-12-2016,86.58,86.67,85.04,85.89,14689042,JPM
30-12-2016,86.1,86.42,85.66,86.29,13617776,JPM
03-01-2017,87.34,87.76,85.98,87.23,20550714,JPM
04-01-2017,86.96,87.18,86.4,86.91,15266596,JPM
05-01-2017,86.81,87.11,85.26,86.11,14300816,JPM
06-01-2017,86.39,86.62,85.94,86.12,12893298,JPM
09-01-2017,85.73,86.77,85.52,86.18,12806609,JPM
10-01-2017,86.07,86.9,85.72,86.43,13989033,JPM
11-01-2017,86.43,87.08,85.91,87.08,14713067,JPM
12-01-2017,86.76,87.27,86.02,86.24,21337435,JPM
13-01-2017,87.11,88.17,86.1,86.7,28295985,JPM
17-01-2017,84.93,85.22,83.28,83.55,30024625,JPM
18-01-2017,83.63,84.23,83.03,83.94,21270134,JPM
19-01-2017,84.06,84.67,83.12,83.3,16555554,JPM
20-01-2017,83.43,83.83,83.28,83.67,18436790,JPM
23-01-2017,83.3,84,83.2,83.71,12179161,JPM
24-01-2017,83.92,85,83.56,84.72,15175319,JPM
25-01-2017,85.84,86.17,85.17,86.03,17550952,JPM
26-01-2017,85.95,86.95,85.95,86.75,15962835,JPM
27-01-2017,86.66,86.98,86.27,86.93,12535420,JPM
30-01-2017,86.19,86.5,85.32,86.03,13661859,JPM
31-01-2017,85.6,86.15,84.09,84.63,15655126,JPM
01-02-2017,85.54,86.1,84.68,84.95,15430940,JPM
02-02-2017,84.34,84.91,84.16,84.59,11081359,JPM
03-02-2017,86.19,87.31,85.86,87.18,17885244,JPM
06-02-2017,86.79,87.45,86.61,86.77,11828416,JPM
07-02-2017,87.14,87.4,86.48,86.72,9392832,JPM
08-02-2017,86.18,86.31,85.37,85.96,13970870,JPM
09-02-2017,86.42,87.33,86.13,87.2,13749123,JPM
10-02-2017,87.48,87.48,86.89,87,10992466,JPM
13-02-2017,87.44,88.74,87.43,88.15,18739103,JPM
14-02-2017,88.3,89.7,88.11,89.56,17932086,JPM
15-02-2017,90.08,90.87,89.35,90.59,17381807,JPM
16-02-2017,90.4,91.04,89.77,90.53,17672724,JPM
17-02-2017,89.82,90.46,89.69,90.23,15776589,JPM
21-02-2017,90.51,91.15,90.46,91.01,14068315,JPM
22-02-2017,90.52,91.3,90.42,91.06,11838980,JPM
23-02-2017,91.18,91.34,90.52,91.13,11066952,JPM
24-02-2017,90.18,90.54,89.73,90.33,15062298,JPM
27-02-2017,90.32,90.72,90.02,90.43,12360988,JPM
28-02-2017,89.84,90.82,89.58,90.62,15183542,JPM
01-03-2017,92.79,93.98,92.61,93.6,24451380,JPM
02-03-2017,93.87,93.92,92.03,92.14,16862487,JPM
03-03-2017,92.23,93.11,92.19,92.8,12861607,JPM
06-03-2017,92.25,92.32,91.1,91.92,15059178,JPM
07-03-2017,91.64,92.09,91.21,91.41,11156845,JPM
08-03-2017,92.68,92.85,91.1,91.21,17378401,JPM
09-03-2017,91.6,92.14,91.15,91.57,13726237,JPM
10-03-2017,91.95,92,90.53,91.28,13729948,JPM
13-03-2017,91.31,91.78,90.93,91.36,10004297,JPM
14-03-2017,91.02,91.65,90.76,91.51,10237702,JPM
15-03-2017,91.8,92.55,91.13,91.73,16601394,JPM
16-03-2017,92.03,92.81,91.57,91.64,14492039,JPM
17-03-2017,91.83,92.04,90.65,90.68,21734743,JPM
20-03-2017,90.27,91.17,89.79,90.03,14623597,JPM
21-03-2017,90.36,90.64,87.06,87.39,33089241,JPM
22-03-2017,86.89,88.07,86.01,87.53,21741025,JPM
23-03-2017,87.21,88.5,87.09,87.39,16090092,JPM
24-03-2017,87.79,88.09,86.77,87.29,16093237,JPM
27-03-2017,85.53,87.4,85.23,87.24,16689294,JPM
28-03-2017,87.02,89.02,86.98,88.6,16264403,JPM
29-03-2017,88.6,88.82,88.08,88.27,10207578,JPM
30-03-2017,88.2,89.46,88.12,89.03,11630996,JPM
31-03-2017,88.71,88.74,87.75,87.84,16987605,JPM
03-04-2017,87.99,88.17,86.6,87.52,19831778,JPM
04-04-2017,86.89,87.67,86.72,87.31,14280832,JPM
05-04-2017,88.42,88.54,86.13,86.19,17635486,JPM
06-04-2017,85.98,86.91,85.25,86.48,14379588,JPM
07-04-2017,85.93,86.81,85.71,86.18,13097108,JPM
10-04-2017,86.08,86.69,85.4,85.88,15081616,JPM
11-04-2017,85.54,85.79,84.8,85.73,14690492,JPM
12-04-2017,85.93,85.95,85.03,85.4,14730636,JPM
13-04-2017,85.5,86.99,84.4,84.4,30529763,JPM
17-04-2017,84.44,86.08,84.37,85.86,19071650,JPM
18-04-2017,85.36,85.63,84.74,85.16,14127049,JPM
19-04-2017,85.5,85.92,84.36,84.46,17588506,JPM
20-04-2017,84.98,85.78,84.55,85.55,15635808,JPM
21-04-2017,85.5,85.68,84.51,84.52,19820592,JPM
24-04-2017,86.55,88.05,86.42,87.5,25468285,JPM
25-04-2017,88.55,89.13,88.26,88.26,18253752,JPM
26-04-2017,88.35,89.05,88.14,88.43,12832154,JPM
27-04-2017,88.37,88.37,87.01,87.61,13329025,JPM
28-04-2017,87.6,87.85,86.95,87,10755629,JPM
01-05-2017,87.36,87.74,86.56,87.06,15712266,JPM
02-05-2017,86.71,86.88,86.02,86.5,14414164,JPM
03-05-2017,86.06,87.1,86.02,87,11540536,JPM
04-05-2017,87.69,87.73,86.57,87.1,11540103,JPM
05-05-2017,87.25,87.34,86.42,87,9436036,JPM
08-05-2017,87.04,87.32,86.65,87.1,8162209,JPM
09-05-2017,87.26,87.84,86.5,86.75,10273937,JPM
10-05-2017,86.53,87.48,86.47,87.43,8334867,JPM
11-05-2017,87.09,87.48,86.35,87.16,10907382,JPM
12-05-2017,86.68,87.05,86.34,86.92,8738802,JPM
15-05-2017,87.1,87.49,86.86,87.34,8835631,JPM
16-05-2017,87.36,88.09,87.34,87.61,9794968,JPM
17-05-2017,86.11,86.39,83.97,84.27,24679728,JPM
18-05-2017,84.07,84.8,83.36,83.96,23350068,JPM
19-05-2017,84.21,85.34,84.15,84.78,13412878,JPM
22-05-2017,85.18,85.29,84.21,84.7,11635998,JPM
23-05-2017,84.75,86.07,84.51,85.76,11753016,JPM
24-05-2017,85.88,85.97,85.24,85.71,9923251,JPM
25-05-2017,85.99,86.08,85.08,85.35,12238543,JPM
26-05-2017,85.11,85.56,85.02,85.36,8113464,JPM
30-05-2017,85.13,85.15,83.78,83.9,12603176,JPM
31-05-2017,83.73,83.82,81.64,82.15,28327925,JPM
01-06-2017,82.46,83.08,81.65,83.06,17123490,JPM
02-06-2017,82.29,82.99,81.98,82.64,14998489,JPM
05-06-2017,82.64,83.51,82.58,82.79,9080165,JPM
06-06-2017,82.29,83.22,82.13,82.96,12196816,JPM
07-06-2017,83.31,84.11,83.1,83.91,13711071,JPM
08-06-2017,83.91,85.73,83.89,84.95,17950964,JPM
09-06-2017,85.51,87.05,85.39,86.96,19120172,JPM
12-06-2017,87.32,87.74,86.29,86.98,16053405,JPM
13-06-2017,87.55,87.85,86.98,87.27,12557225,JPM
14-06-2017,86.77,87.31,85.82,87.09,16175654,JPM
15-06-2017,86.25,87.08,86.24,86.57,12509682,JPM
16-06-2017,86.85,86.96,86.02,86.18,16936572,JPM
19-06-2017,86.97,88.23,86.85,88.07,15972336,JPM
20-06-2017,87.75,87.92,87.37,87.52,11197809,JPM
21-06-2017,87.48,87.54,86.76,87.12,10005941,JPM
22-06-2017,86.93,87.36,86.65,87.02,12180579,JPM
23-06-2017,87.66,88,86.61,86.86,18812029,JPM
26-06-2017,87.01,87.67,86.62,87.24,10082422,JPM
27-06-2017,87.71,88.94,87.5,88.05,15415152,JPM
28-06-2017,88.6,90.07,88.6,89.82,17466177,JPM
29-06-2017,92.34,92.65,90.31,91.15,27697818,JPM
30-06-2017,91.96,92,91.16,91.4,16892700,JPM
03-07-2017,91.56,93.48,91.41,92.75,13208087,JPM
05-07-2017,93.12,93.79,92.61,93.68,17535404,JPM
06-07-2017,93.54,94.51,92.88,93.38,16596123,JPM
07-07-2017,93.96,94.17,93.23,93.85,12817808,JPM
10-07-2017,93.5,93.68,93.09,93.19,13987191,JPM
11-07-2017,93.33,93.33,92.28,92.83,13262282,JPM
12-07-2017,92.61,92.83,92.07,92.51,13540107,JPM
13-07-2017,92.69,93.38,92.34,93.1,12820084,JPM
14-07-2017,90.81,92.6,90.58,92.25,22235168,JPM
17-07-2017,91.82,91.99,91.25,91.39,14374219,JPM
18-07-2017,90.45,91.58,90.32,91.07,14719404,JPM
19-07-2017,91.34,91.62,91,91.2,11651245,JPM
20-07-2017,91.15,91.72,90.9,91.2,11561740,JPM
21-07-2017,91.06,91.36,90.52,90.89,10971292,JPM
24-07-2017,90.96,91.54,90.91,91.28,10725116,JPM
25-07-2017,92.37,93.52,92.27,92.8,16447678,JPM
26-07-2017,93.1,93.19,91.68,91.93,11815499,JPM
27-07-2017,91.83,92.06,91.16,91.55,12332375,JPM
28-07-2017,91.45,91.75,90.9,91.28,9351915,JPM
31-07-2017,91.45,92.36,90.9,91.8,11520329,JPM
01-08-2017,92.49,93.14,92.28,93.03,12523725,JPM
02-08-2017,92.86,93.21,92.5,93.11,10165604,JPM
03-08-2017,92.7,93.13,92.24,92.5,11078804,JPM
04-08-2017,93.5,94.4,93.47,93.66,14323999,JPM
07-08-2017,93.89,94.19,93.71,94.02,7978339,JPM
08-08-2017,93.95,95.22,93.6,93.68,13745401,JPM
09-08-2017,92.98,93.68,92.83,93.53,11214440,JPM
10-08-2017,92.9,93.07,92.07,92.19,13252269,JPM
11-08-2017,92.13,92.67,91.24,91.42,10679534,JPM
14-08-2017,92.37,92.9,92.33,92.49,10994793,JPM
15-08-2017,93.31,93.56,92.65,92.73,8812720,JPM
16-08-2017,93.04,93.23,91.88,92.09,11085401,JPM
17-08-2017,91.76,91.96,90.5,90.65,13837463,JPM
18-08-2017,90.31,91.54,90.19,90.74,13040738,JPM
21-08-2017,90.85,90.94,90.16,90.63,11502065,JPM
22-08-2017,91.07,91.71,91,91.56,9211781,JPM
23-08-2017,90.87,92.34,90.84,91.67,8811292,JPM
24-08-2017,91.93,92.12,91.41,91.52,8623165,JPM
25-08-2017,91.88,92.48,91.8,91.89,11794644,JPM
28-08-2017,92.16,92.19,91.13,91.6,7292915,JPM
29-08-2017,90.45,91.31,90.31,91.1,10886082,JPM
30-08-2017,91.25,91.88,91.19,91.31,9165342,JPM
31-08-2017,91.81,91.85,90.8,90.89,13217404,JPM
01-09-2017,91.25,92.36,90.95,91.7,9815834,JPM
05-09-2017,91.02,91.1,89.02,89.51,17031549,JPM
06-09-2017,90,90.52,89.64,90.11,11845663,JPM
07-09-2017,90.11,90.13,88.08,88.53,14592255,JPM
08-09-2017,88.31,89.42,88.24,88.42,14242198,JPM
11-09-2017,89.39,90.25,88.95,89.79,13219047,JPM
12-09-2017,90.17,91.25,90.1,90.89,14003776,JPM
13-09-2017,90.61,91.5,90.32,91.15,12485428,JPM
14-09-2017,91.2,91.53,90.74,90.97,10562826,JPM
15-09-2017,91.08,91.71,90.76,91.62,18171794,JPM
18-09-2017,91.93,93.14,91.85,92.92,11318699,JPM
19-09-2017,92.71,94.36,92.52,93.94,12626131,JPM
20-09-2017,94.1,95.29,93.71,94.6,15311581,JPM
21-09-2017,94.46,95.37,94.19,95.03,10851489,JPM
22-09-2017,94.7,94.98,94.43,94.83,8358310,JPM
25-09-2017,94.51,94.88,93.45,94.12,10463432,JPM
26-09-2017,93.78,94.03,93.34,93.7,9358111,JPM
27-09-2017,94.97,95.72,94.58,95.18,14928264,JPM
28-09-2017,95.59,95.88,94.91,95.38,10270398,JPM
29-09-2017,95.3,95.52,95.02,95.51,11438412,JPM
02-10-2017,95.77,96.88,95.46,96.84,13797213,JPM
03-10-2017,96.83,97.43,96.77,97.35,9633452,JPM
04-10-2017,97.3,97.44,96.28,96.36,12166633,JPM
05-10-2017,96,97.4,95.55,97.09,14236219,JPM
06-10-2017,97.55,97.64,96.47,96.92,10231853,JPM
09-10-2017,96.96,97.07,96.14,96.41,7765100,JPM
10-10-2017,96.46,97.18,96.24,97.13,10631527,JPM
11-10-2017,96.83,96.91,96.22,96.26,1493431,JPM
12-10-2017,97.3,97.5,95.62,95.99,18251616,JPM
13-10-2017,95.48,96.71,94.96,95.86,13190576,JPM
16-10-2017,96.34,97.95,96.34,97.84,12434009,JPM
17-10-2017,98.07,98.18,97.32,97.62,10335687,JPM
18-10-2017,98.15,98.55,97.63,97.99,10158626,JPM
19-10-2017,97.19,98.2,97.09,98.11,9133863,JPM
20-10-2017,99.28,99.89,98.73,99.51,15326608,JPM
23-10-2017,99.51,99.99,99.24,99.34,9238624,JPM
24-10-2017,99.88,101.19,99.76,100.92,13000801,JPM
25-10-2017,101.25,101.45,100.19,101.02,14632741,JPM
26-10-2017,101.35,102.42,101.32,101.74,13054361,JPM
27-10-2017,101.43,102.23,101.05,101.77,10400446,JPM
30-10-2017,101.13,101.93,100.87,101.41,8839456,JPM
31-10-2017,101.37,101.7,100.57,100.61,8690197,JPM
01-11-2017,101.1,101.7,100.73,100.92,8418239,JPM
02-11-2017,100.87,101.76,100.16,101.59,8731788,JPM
03-11-2017,101.1,101.52,100.73,101.41,7103513,JPM
06-11-2017,101.34,101.69,100.66,100.78,8121544,JPM
07-11-2017,100.56,100.75,98.25,98.75,18822583,JPM
08-11-2017,98.27,98.37,97.15,97.64,18524671,JPM
09-11-2017,97.12,98.22,96.81,97.63,13697785,JPM
10-11-2017,97.81,98.34,97.5,97.51,9314009,JPM
13-11-2017,96.69,98.05,96.62,97.86,9303072,JPM
14-11-2017,97.34,97.78,96.85,97.27,11043772,JPM
15-11-2017,96.39,98.74,95.95,98.19,15384080,JPM
16-11-2017,98.53,99.06,98.31,98.47,9808033,JPM
17-11-2017,97.82,98.41,97.57,98.14,9017866,JPM
20-11-2017,98.45,99.14,97.76,99.01,9483200,JPM
21-11-2017,99.5,99.55,98.91,98.93,13389407,JPM
22-11-2017,99.03,99.52,98.59,98.64,7342248,JPM
24-11-2017,98.83,98.9,98.26,98.32,3680043,JPM
27-11-2017,98.31,99.13,97.93,97.93,13076207,JPM
28-11-2017,98.21,101.7,97.97,101.36,16772956,JPM
29-11-2017,102.41,104.22,101.96,103.73,21105546,JPM
30-11-2017,104.74,106.66,104.04,104.52,23945890,JPM
01-12-2017,104.9,105.32,102.2,104.79,19683510,JPM
04-12-2017,107.73,108.4,106.77,106.95,23576608,JPM
05-12-2017,105.58,107.41,104.12,105.72,17193948,JPM
06-12-2017,105.55,105.76,104.52,104.93,15476226,JPM
07-12-2017,103.95,105.18,103.73,104.62,13371781,JPM
08-12-2017,104.75,105.94,104.34,105.93,13506869,JPM
11-12-2017,105.72,106.06,105.31,105.62,10591228,JPM
12-12-2017,106.85,107.37,105.54,106.85,15508840,JPM
13-12-2017,106.7,107.11,105.48,105.51,15020293,JPM
14-12-2017,106.12,106.45,104.64,104.66,13034232,JPM
15-12-2017,105.79,106.52,105.2,106.14,29350598,JPM
18-12-2017,107.19,107.63,106.48,106.96,12713148,JPM
19-12-2017,107.35,107.49,106.44,106.51,12149937,JPM
20-12-2017,107.6,107.73,106.09,106.14,13091473,JPM
21-12-2017,106.59,108.07,106.56,107.83,12323670,JPM
22-12-2017,108.2,108.46,106.8,107.45,14573385,JPM
26-12-2017,107.2,107.99,106.4,107.02,7403739,JPM
27-12-2017,106.67,107.29,106.67,107.22,9496548,JPM
28-12-2017,107.4,107.84,107.16,107.79,7440555,JPM
04-01-2006,20.5,20.54,20.33,20.41,19993200,KO
05-01-2006,20.36,20.56,20.29,20.51,16613400,KO
06-01-2006,20.53,20.78,20.43,20.7,17122800,KO
09-01-2006,20.74,20.84,20.62,20.8,13819800,KO
10-01-2006,20.59,20.86,20.59,20.82,13849800,KO
11-01-2006,20.83,20.9,20.74,20.84,10591600,KO
12-01-2006,20.64,20.82,20.64,20.72,17086000,KO
13-01-2006,20.69,20.78,20.52,20.66,10548400,KO
17-01-2006,20.54,20.64,20.45,20.52,11574000,KO
18-01-2006,20.5,20.5,20.3,20.44,12945200,KO
19-01-2006,20.47,20.57,20.3,20.46,10907600,KO
20-01-2006,20.42,20.44,19.68,20.04,18972400,KO
23-01-2006,20,20.33,20,20.25,13234200,KO
24-01-2006,20.6,20.6,20.4,20.4,15888400,KO
25-01-2006,20.57,20.6,20.45,20.57,13699000,KO
26-01-2006,20.64,20.79,20.58,20.74,14573200,KO
27-01-2006,20.74,21,20.61,20.98,13646400,KO
30-01-2006,20.92,20.98,20.77,20.88,12143400,KO
31-01-2006,20.87,20.87,20.6,20.69,13115000,KO
01-02-2006,20.6,20.77,20.52,20.75,12963400,KO
02-02-2006,20.66,20.76,20.49,20.62,12468400,KO
03-02-2006,20.51,20.62,20.26,20.44,12538000,KO
06-02-2006,20.42,20.5,20.32,20.47,13500600,KO
07-02-2006,20.7,20.74,20.3,20.52,20575400,KO
08-02-2006,20.63,20.64,20.34,20.62,18186000,KO
09-02-2006,20.56,20.71,20.45,20.5,15045200,KO
10-02-2006,20.46,20.71,20.36,20.58,12782000,KO
13-02-2006,20.69,20.69,20.32,20.37,11791600,KO
14-02-2006,20.5,20.72,20.47,20.67,14049800,KO
15-02-2006,20.7,20.72,20.56,20.67,13561600,KO
16-02-2006,20.64,20.81,20.58,20.8,14381400,KO
17-02-2006,20.82,20.95,20.62,20.9,14525200,KO
21-02-2006,20.9,21.02,20.8,20.92,20793200,KO
22-02-2006,21.02,21.08,20.96,21.04,11821200,KO
23-02-2006,21.09,21.16,20.97,21.02,9523400,KO
24-02-2006,21,21.17,20.92,21.12,10691400,KO
27-02-2006,21.14,21.26,21.09,21.26,13200000,KO
28-02-2006,21.26,21.29,20.96,20.98,16189400,KO
01-03-2006,20.95,21.19,20.92,21.16,11066800,KO
02-03-2006,21.04,21.08,20.85,20.96,11537800,KO
03-03-2006,20.82,21.02,20.78,20.9,10586800,KO
06-03-2006,20.88,21.1,20.85,20.98,10945800,KO
07-03-2006,20.98,21.02,20.85,20.9,11242600,KO
08-03-2006,20.86,21.26,20.85,21.12,13843800,KO
09-03-2006,21.06,21.3,21.06,21.2,13296600,KO
10-03-2006,21.31,21.46,21.26,21.38,15399000,KO
13-03-2006,21.3,21.4,21.2,21.24,13502200,KO
14-03-2006,21.24,21.44,21.22,21.4,11418800,KO
15-03-2006,21.34,21.41,21.28,21.36,12805400,KO
16-03-2006,21.36,21.38,21.26,21.34,14209000,KO
17-03-2006,21.34,21.42,21.29,21.4,16509200,KO
20-03-2006,21.41,21.5,21.34,21.44,11851600,KO
21-03-2006,21.4,21.43,21.26,21.38,14625800,KO
22-03-2006,20.9,21.48,21.34,21.38,16481600,KO
23-03-2006,21.38,21.42,21.1,21.2,12053200,KO
24-03-2006,21.18,21.38,21.16,21.33,9725200,KO
27-03-2006,21.28,21.32,21.16,21.2,9339200,KO
28-03-2006,21.16,21.24,21.06,21.08,10910400,KO
29-03-2006,21.05,21.18,21.01,21.08,8702200,KO
30-03-2006,20.99,21.13,20.95,21.06,13586200,KO
31-03-2006,21.06,21.1,20.9,20.94,14535800,KO
03-04-2006,21.05,21.12,20.9,20.94,11291600,KO
04-04-2006,20.91,21.06,20.84,21.04,9258000,KO
05-04-2006,21.02,21.04,20.88,20.98,13148800,KO
06-04-2006,21,21,20.79,20.84,10988400,KO
07-04-2006,20.9,20.94,20.66,20.68,11897200,KO
10-04-2006,20.68,20.75,20.61,20.74,7730600,KO
11-04-2006,21,21,20.54,20.64,11085200,KO
12-04-2006,20.63,20.67,20.45,20.58,10011800,KO
13-04-2006,20.58,20.72,20.54,20.63,9029000,KO
17-04-2006,20.65,20.7,20.43,20.52,9270800,KO
18-04-2006,20.52,20.74,20.52,20.65,11528400,KO
19-04-2006,20.74,21.06,20.7,20.84,16677600,KO
20-04-2006,20.87,21.12,20.78,20.9,12246600,KO
21-04-2006,21,21.01,20.84,20.92,13110600,KO
24-04-2006,20.88,20.95,20.76,20.78,12466400,KO
25-04-2006,20.78,20.81,20.62,20.68,12600800,KO
26-04-2006,20.68,20.89,20.68,20.86,12248600,KO
27-04-2006,20.82,21.07,20.8,21.02,13386000,KO
28-04-2006,21,21.04,20.92,20.98,11529400,KO
01-05-2006,21.04,21.1,20.96,20.98,13265600,KO
02-05-2006,21.05,21.15,21,21.12,10551400,KO
03-05-2006,21.08,21.12,20.92,20.96,14313200,KO
04-05-2006,20.98,21.06,20.9,21.04,13301800,KO
05-05-2006,21.14,21.44,21.02,21.36,18958000,KO
08-05-2006,21.42,21.87,21.41,21.68,27358400,KO
09-05-2006,21.59,21.84,21.59,21.84,13989600,KO
10-05-2006,21.84,21.88,21.74,21.79,14902400,KO
11-05-2006,21.77,21.8,21.64,21.69,16969400,KO
12-05-2006,21.64,21.7,21.56,21.59,14767800,KO
15-05-2006,21.6,22,21.52,21.97,18626600,KO
16-05-2006,22.07,22.1,21.82,21.92,16980000,KO
17-05-2006,21.88,21.98,21.6,21.78,19864600,KO
18-05-2006,21.79,21.96,21.68,21.78,15375800,KO
19-05-2006,21.87,21.88,21.64,21.82,16014600,KO
22-05-2006,21.78,21.86,21.69,21.8,15714200,KO
23-05-2006,21.86,21.88,21.76,21.79,13723000,KO
24-05-2006,21.76,22.08,21.72,22.02,20534800,KO
25-05-2006,22.1,22.18,21.92,22.18,14125400,KO
26-05-2006,22.24,22.38,22.11,22.24,12337000,KO
30-05-2006,22.1,22.16,21.82,21.84,16652400,KO
31-05-2006,21.85,22.04,21.78,22.02,14599800,KO
01-06-2006,21.99,22.02,21.84,21.96,9973400,KO
02-06-2006,21.88,22.06,21.8,21.94,12120400,KO
05-06-2006,21.9,21.94,21.7,21.72,11428600,KO
06-06-2006,21.8,21.86,21.6,21.75,16578600,KO
07-06-2006,21.81,21.9,21.68,21.69,11579400,KO
08-06-2006,21.74,21.76,21.52,21.7,23080400,KO
09-06-2006,21.9,21.92,21.72,21.78,13947800,KO
12-06-2006,21.84,21.84,21.64,21.66,13990800,KO
13-06-2006,21.59,21.62,21.38,21.46,18118600,KO
14-06-2006,21.42,21.56,21.24,21.4,12402600,KO
15-06-2006,21.48,21.56,21.26,21.52,14639400,KO
16-06-2006,21.46,21.68,21.46,21.6,16754800,KO
19-06-2006,21.6,21.66,21.36,21.46,11684600,KO
20-06-2006,21.45,21.56,21.35,21.4,11306000,KO
21-06-2006,21.34,21.57,21.34,21.5,9266400,KO
22-06-2006,21.51,21.52,21.31,21.44,8048600,KO
23-06-2006,21.37,21.51,21.35,21.38,7681400,KO
26-06-2006,21.36,21.44,21.24,21.42,9625600,KO
27-06-2006,21.34,21.39,21.14,21.26,12008800,KO
28-06-2006,21.22,21.28,21.18,21.21,10224600,KO
29-06-2006,21.28,21.58,21.21,21.53,14379800,KO
30-06-2006,21.62,21.74,21.51,21.51,22582200,KO
03-07-2006,21.6,21.72,21.56,21.68,5875600,KO
05-07-2006,21.6,21.68,21.42,21.51,11838800,KO
06-07-2006,21.59,21.8,21.52,21.66,10246000,KO
07-07-2006,21.62,21.74,21.56,21.59,5874000,KO
10-07-2006,21.65,21.88,21.62,21.82,9588800,KO
11-07-2006,21.85,22.04,21.81,21.9,15525400,KO
12-07-2006,21.92,21.94,21.72,21.78,8300400,KO
13-07-2006,21.75,21.82,21.42,21.55,12870400,KO
14-07-2006,21.5,21.59,21.18,21.32,13775200,KO
17-07-2006,21.28,21.42,21.27,21.35,11196200,KO
18-07-2006,21.68,21.86,21.54,21.78,23952200,KO
19-07-2006,21.94,21.96,21.78,21.91,16157400,KO
20-07-2006,21.9,21.98,21.82,21.92,10663000,KO
21-07-2006,22.16,22.16,21.88,21.95,18400200,KO
24-07-2006,21.94,22.08,21.94,22,11459200,KO
25-07-2006,21.94,22.2,21.86,22.12,10983800,KO
26-07-2006,22.05,22.32,22.02,22.22,16632800,KO
27-07-2006,22.28,22.32,22.11,22.16,12820000,KO
28-07-2006,22.24,22.34,22.16,22.26,12831000,KO
31-07-2006,22.26,22.4,22.22,22.25,12866200,KO
01-08-2006,22.25,22.32,22.12,22.16,9094400,KO
02-08-2006,22.14,22.24,22.1,22.16,9120600,KO
03-08-2006,22.1,22.18,21.94,22.01,11378000,KO
04-08-2006,22.1,22.1,21.88,21.92,9781800,KO
07-08-2006,21.92,21.98,21.74,21.8,10029400,KO
08-08-2006,21.9,22,21.85,21.9,8162800,KO
09-08-2006,21.98,22.05,21.86,21.88,7720200,KO
10-08-2006,21.88,22.09,21.86,21.95,8430600,KO
11-08-2006,21.86,21.94,21.8,21.88,5677400,KO
14-08-2006,22,22.08,21.94,22,8528800,KO
15-08-2006,22.12,22.18,22.06,22.16,9501200,KO
16-08-2006,22.2,22.23,22.1,22.16,9839400,KO
17-08-2006,22.08,22.16,21.98,22.09,9517200,KO
18-08-2006,21.88,22.21,21.88,22.16,9963200,KO
21-08-2006,22.18,22.27,22.04,22.1,8328400,KO
22-08-2006,22.14,22.26,22.06,22.2,8017800,KO
23-08-2006,22.16,22.22,22.06,22.16,7568600,KO
24-08-2006,22.15,22.3,22.09,22.26,10326200,KO
25-08-2006,22.22,22.31,22.18,22.26,5025800,KO
28-08-2006,22.26,22.49,22.18,22.36,8918600,KO
29-08-2006,22.34,22.58,22.32,22.57,14100000,KO
30-08-2006,22.61,22.7,22.46,22.48,12119200,KO
31-08-2006,22.56,22.57,22.4,22.4,7306800,KO
01-09-2006,22.49,22.56,22.44,22.54,7852000,KO
05-09-2006,22.5,22.54,22.4,22.49,8145000,KO
06-09-2006,22.3,22.43,22.26,22.35,9858000,KO
07-09-2006,22.32,22.35,22.18,22.24,14780600,KO
08-09-2006,22.22,22.34,22.16,22.3,8646200,KO
11-09-2006,22.15,22.44,22.15,22.28,8998400,KO
12-09-2006,22.24,22.48,22.24,22.39,10300800,KO
13-09-2006,22.39,22.39,22.22,22.3,10795800,KO
14-09-2006,22.21,22.38,22.21,22.29,8046600,KO
15-09-2006,22.35,22.42,22.24,22.3,15846400,KO
18-09-2006,22.26,22.4,22.14,22.22,8969000,KO
19-09-2006,22.27,22.28,22.11,22.19,8292600,KO
20-09-2006,22.22,22.3,22.14,22.22,8288200,KO
21-09-2006,22.22,22.28,22.04,22.1,12089600,KO
22-09-2006,22.05,22.1,21.97,22,9691600,KO
25-09-2006,22.08,22.3,22,22.2,12607800,KO
26-09-2006,22.24,22.36,22.16,22.32,10612600,KO
27-09-2006,22.28,22.45,22.17,22.36,11340200,KO
28-09-2006,22.4,22.5,22.34,22.48,9709000,KO
29-09-2006,22.4,22.48,22.32,22.34,9214800,KO
02-10-2006,22.45,22.46,22.25,22.25,9450600,KO
03-10-2006,22.25,22.41,22.25,22.28,10755000,KO
04-10-2006,21.9,22.41,21.9,22.4,10243000,KO
05-10-2006,22.36,22.48,22.34,22.42,8950200,KO
06-10-2006,22.41,22.44,22.33,22.38,10106200,KO
09-10-2006,22.28,22.33,22.08,22.21,15335800,KO
10-10-2006,22.24,22.24,21.98,22.03,25847200,KO
11-10-2006,22,22.08,21.95,22.06,10413000,KO
12-10-2006,22.1,22.12,21.98,22.02,11043000,KO
13-10-2006,22.06,22.1,21.93,22.01,16628600,KO
16-10-2006,22.08,22.24,22,22.12,14571000,KO
17-10-2006,22.05,22.12,21.88,21.9,16209800,KO
18-10-2006,21.96,22.08,21.86,21.98,20174200,KO
19-10-2006,22.35,22.57,22.3,22.46,35325000,KO
20-10-2006,22.6,23.56,22.55,23.38,53629000,KO
23-10-2006,23.38,23.75,23.35,23.64,30265600,KO
24-10-2006,23.52,23.62,23.44,23.52,20932200,KO
25-10-2006,23.58,23.64,23.5,23.6,14119400,KO
26-10-2006,23.58,23.6,23.44,23.57,18013600,KO
27-10-2006,23.48,23.51,23.38,23.44,13495800,KO
30-10-2006,23.48,23.6,23.33,23.38,10974000,KO
31-10-2006,23.41,23.47,23.26,23.36,12162200,KO
01-11-2006,23.37,23.45,23.25,23.32,10464600,KO
02-11-2006,23.26,23.42,23.2,23.36,15476800,KO
03-11-2006,23.4,23.42,23.2,23.25,11944600,KO
06-11-2006,23.35,23.45,23.16,23.4,18737400,KO
07-11-2006,23.34,23.5,23.28,23.46,16346000,KO
08-11-2006,23.33,23.5,23.26,23.44,14765000,KO
09-11-2006,23.35,23.5,23.26,23.32,16079600,KO
10-11-2006,23.32,23.38,23.14,23.24,9880800,KO
13-11-2006,23.2,23.3,23.1,23.2,13673200,KO
14-11-2006,23.16,23.3,23.08,23.28,16383000,KO
15-11-2006,23.24,23.38,23.18,23.32,19823800,KO
16-11-2006,23.4,23.6,23.38,23.57,14747000,KO
17-11-2006,23.56,23.68,23.52,23.63,18904800,KO
20-11-2006,23.56,23.68,23.48,23.52,12338400,KO
21-11-2006,23.44,23.58,23.41,23.5,12111800,KO
22-11-2006,23.5,23.59,23.44,23.55,7258600,KO
24-11-2006,23.45,23.6,23.42,23.46,4566800,KO
27-11-2006,23.43,23.48,23.2,23.28,18962400,KO
28-11-2006,23.18,23.48,23.18,23.34,14541000,KO
29-11-2006,23.3,23.4,23.18,23.32,15077800,KO
30-11-2006,23.22,23.5,23.2,23.42,21071200,KO
01-12-2006,23.32,23.36,23.12,23.28,15461000,KO
04-12-2006,23.36,23.63,23.27,23.42,14030800,KO
05-12-2006,23.5,24,23.42,24,26343600,KO
06-12-2006,24.02,24.27,23.96,24.19,29686800,KO
07-12-2006,24.29,24.49,24.24,24.36,24194400,KO
08-12-2006,24.39,24.49,24.32,24.46,16320400,KO
11-12-2006,24.42,24.58,24.29,24.4,18181400,KO
12-12-2006,24.38,24.58,24.35,24.45,16230000,KO
13-12-2006,24.57,24.57,24.33,24.42,12960800,KO
14-12-2006,24.44,24.58,24.36,24.5,15830200,KO
15-12-2006,24.5,24.68,24.19,24.46,23760200,KO
18-12-2006,24.42,24.55,24.41,24.45,10438400,KO
19-12-2006,24.34,24.43,24.2,24.38,15461400,KO
20-12-2006,24.36,24.41,24.32,24.38,13948800,KO
21-12-2006,24.38,24.44,24.32,24.33,14383200,KO
22-12-2006,24.36,24.4,24.12,24.19,7878000,KO
26-12-2006,24.2,24.3,24.16,24.28,5260400,KO
27-12-2006,24.34,24.39,24.14,24.34,9621200,KO
28-12-2006,24.32,24.4,24.25,24.27,7907600,KO
29-12-2006,24.22,24.32,24.1,24.12,12339600,KO
03-01-2007,24.18,24.44,24.14,24.29,15754600,KO
04-01-2007,24.21,24.35,24.12,24.3,11816800,KO
05-01-2007,24.25,24.28,24.08,24.13,11607800,KO
08-01-2007,24,24.34,24,24.28,17583000,KO
09-01-2007,24.27,24.42,24.23,24.3,13724400,KO
10-01-2007,24.24,24.4,24.18,24.34,8928000,KO
11-01-2007,24.38,24.44,24.3,24.37,11010200,KO
12-01-2007,24.3,24.34,24.12,24.28,13667400,KO
16-01-2007,24.24,24.34,24.17,24.25,12685200,KO
17-01-2007,24.26,24.43,24.24,24.3,14400200,KO
18-01-2007,24.21,24.5,24.1,24.18,15223200,KO
19-01-2007,24.2,24.22,24.04,24.13,13008200,KO
22-01-2007,24.06,24.18,24,24.02,12198800,KO
23-01-2007,24.08,24.12,23.97,24.06,12149000,KO
24-01-2007,24.1,24.1,23.97,24.06,8646000,KO
25-01-2007,24.04,24.11,23.95,23.97,11598200,KO
26-01-2007,24,24.05,23.9,23.92,14459000,KO
29-01-2007,23.88,23.96,23.78,23.86,10077800,KO
30-01-2007,23.92,23.98,23.82,23.9,8986000,KO
31-01-2007,23.9,23.98,23.74,23.94,10676600,KO
01-02-2007,24,24.14,23.92,24.05,10398600,KO
02-02-2007,24.05,24.2,24.02,24.12,10703600,KO
05-02-2007,24.06,24.12,23.92,23.95,9192800,KO
06-02-2007,24,24.08,23.93,24.02,11168800,KO
07-02-2007,24.02,24.06,23.93,24.02,9242400,KO
08-02-2007,23.98,24.02,23.82,23.93,9076600,KO
09-02-2007,23.86,24,23.82,23.88,9828400,KO
12-02-2007,23.92,24.18,23.9,23.96,13925468,KO
13-02-2007,24.05,24.21,24.04,24.1,19412718,KO
14-02-2007,24.3,24.28,23.86,23.94,32846874,KO
15-02-2007,23.94,24.05,23.79,23.92,19195000,KO
16-02-2007,24,24.05,23.88,23.94,17493000,KO
20-02-2007,23.76,23.94,23.75,23.89,17828800,KO
21-02-2007,23.78,23.89,23.76,23.78,16489600,KO
22-02-2007,23.84,23.87,23.61,23.65,16721000,KO
23-02-2007,23.84,23.96,23.59,23.63,29519200,KO
26-02-2007,23.85,23.95,23.79,23.86,18709538,KO
27-02-2007,23.74,23.92,22.78,23.2,30530200,KO
28-02-2007,23.38,23.45,23.16,23.34,27638200,KO
01-03-2007,23.21,23.46,23.14,23.26,27344174,KO
02-03-2007,23.22,23.46,22.9,22.94,34051800,KO
05-03-2007,22.95,23.36,22.88,23.14,29636800,KO
06-03-2007,23.14,23.53,23.28,23.46,25098000,KO
07-03-2007,23.46,23.5,23.33,23.38,26321800,KO
08-03-2007,23.45,23.68,23.44,23.58,17422400,KO
09-03-2007,23.62,23.84,23.58,23.78,26127200,KO
12-03-2007,23.78,24,23.74,23.98,26009000,KO
13-03-2007,23.68,23.94,23.48,23.53,32198000,KO
14-03-2007,23.98,23.67,23.3,23.52,32554800,KO
15-03-2007,23.48,23.56,23.34,23.54,19060000,KO
16-03-2007,23.62,23.66,23.41,23.6,28233854,KO
19-03-2007,23.67,23.75,23.52,23.66,15513482,KO
20-03-2007,23.71,23.88,23.62,23.81,14456000,KO
21-03-2007,23.81,24.18,23.68,24.13,24360926,KO
22-03-2007,23.96,24.22,23.96,24.12,17300200,KO
23-03-2007,24.06,24.14,23.98,24.02,16012048,KO
26-03-2007,23.98,24.1,23.84,24.08,14385200,KO
27-03-2007,24,24.08,23.92,24.01,13230600,KO
28-03-2007,23.9,24.15,23.8,23.96,22657800,KO
29-03-2007,23.8,24.2,23.42,24.06,18947744,KO
30-03-2007,24.13,24.25,23.8,24,17939600,KO
02-04-2007,24.1,24.33,24.02,24.26,22443400,KO
03-04-2007,24.26,24.58,24.26,24.5,19033200,KO
04-04-2007,24.5,24.82,24.47,24.73,22206284,KO
05-04-2007,24.73,24.88,24.65,24.76,17959200,KO
09-04-2007,24.8,24.98,24.72,24.82,14632800,KO
10-04-2007,24.89,25.16,24.82,25.04,26317336,KO
11-04-2007,25.04,25.1,24.8,24.82,24526864,KO
12-04-2007,24.82,24.98,24.32,24.84,15512350,KO
13-04-2007,25.14,25.14,24.74,24.94,13838804,KO
16-04-2007,25,25.22,24.96,25.14,20138618,KO
17-04-2007,25.4,26.09,25.38,25.78,50479920,KO
18-04-2007,25.8,25.87,25.68,25.83,22955498,KO
19-04-2007,25.68,25.95,25.66,25.88,18696438,KO
20-04-2007,26.02,26.08,25.81,26.04,21201290,KO
23-04-2007,26.04,26.1,25.8,25.82,14465842,KO
24-04-2007,25.99,25.99,25.68,25.86,16133350,KO
25-04-2007,26,26.03,25.74,25.87,21407658,KO
26-04-2007,26,26.12,25.92,26.04,15174858,KO
27-04-2007,25.92,26.06,25.88,26.03,13926068,KO
30-04-2007,25.96,26.18,25.92,26.1,23525084,KO
01-05-2007,26.1,26.32,26.06,26.32,20606344,KO
02-05-2007,26.3,26.46,26.25,26.36,17734992,KO
03-05-2007,26.4,26.5,26.3,26.46,16276470,KO
04-05-2007,26.5,26.66,26.48,26.6,18070154,KO
07-05-2007,26.6,26.82,26.58,26.8,14151972,KO
08-05-2007,26.68,26.76,26.46,26.54,15197390,KO
09-05-2007,26.54,26.7,26.42,26.56,11234240,KO
10-05-2007,26.48,26.52,26.22,26.24,14908280,KO
11-05-2007,26.22,26.36,26.08,26.34,12985198,KO
14-05-2007,26.27,26.48,26.25,26.3,13295784,KO
15-05-2007,26.09,26.4,26.08,26.23,31653754,KO
16-05-2007,26.25,26.4,26.06,26.37,16792244,KO
17-05-2007,26.49,26.5,26.05,26.1,19083600,KO
18-05-2007,26.18,26.32,26.04,26.32,25835152,KO
21-05-2007,26.32,26.41,25.88,25.96,26409206,KO
22-05-2007,25.98,25.98,25.71,25.74,19142434,KO
23-05-2007,25.82,25.88,25.62,25.66,15169588,KO
24-05-2007,25.64,25.88,25.58,25.62,17767174,KO
25-05-2007,25.78,26.09,25.74,25.94,18503596,KO
29-05-2007,26.02,26.18,25.96,26.09,16716270,KO
30-05-2007,26.09,26.52,25.96,26.52,29592722,KO
31-05-2007,26.48,26.73,26.44,26.5,21420468,KO
01-06-2007,26.5,26.56,26.22,26.4,17018280,KO
04-06-2007,26.38,26.4,26.1,26.34,20438692,KO
05-06-2007,26.24,26.32,26.05,26.16,19285590,KO
06-06-2007,26.16,26.16,25.92,26,11386836,KO
07-06-2007,26,26.04,25.63,25.69,18724420,KO
08-06-2007,25.62,25.86,25.52,25.84,13355982,KO
11-06-2007,25.84,25.92,25.66,25.82,21803340,KO
12-06-2007,25.67,25.88,25.53,25.57,22830292,KO
13-06-2007,25.58,25.75,25.53,25.68,20071072,KO
14-06-2007,25.68,25.84,25.54,25.66,17991728,KO
15-06-2007,25.8,26.07,25.68,25.79,26430368,KO
18-06-2007,25.79,26,25.76,25.88,11102178,KO
19-06-2007,25.79,25.84,25.56,25.7,22151360,KO
20-06-2007,25.7,26.04,25.66,25.74,20021486,KO
21-06-2007,25.7,26.08,25.68,26.04,18874156,KO
22-06-2007,26.02,26.13,25.72,25.81,30178178,KO
25-06-2007,25.84,26.02,25.75,25.88,21450582,KO
26-06-2007,25.95,26.17,25.81,25.98,22278894,KO
27-06-2007,25.88,26.26,25.88,26.22,18175490,KO
28-06-2007,26.16,26.46,26.11,26.32,16126380,KO
29-06-2007,26.42,26.48,25.98,26.16,19029068,KO
02-07-2007,26.16,26.5,26.16,26.28,18294428,KO
03-07-2007,26.4,26.49,26.25,26.45,8382912,KO
05-07-2007,26.45,26.5,26.24,26.34,10865400,KO
06-07-2007,26.28,26.32,26.15,26.3,12349530,KO
09-07-2007,26.36,26.5,26.28,26.35,19237764,KO
10-07-2007,26.47,26.47,26.04,26.05,14505660,KO
11-07-2007,26,26.14,25.9,26.04,12185400,KO
12-07-2007,26.08,26.32,26.02,26.32,23446062,KO
13-07-2007,26.32,26.63,26.24,26.56,16634790,KO
16-07-2007,26.7,27.24,26.68,26.92,33549402,KO
17-07-2007,27.15,27.19,26.4,26.58,33032212,KO
18-07-2007,26.66,26.79,26.54,26.72,28491200,KO
19-07-2007,26.95,26.97,26.72,26.85,14462298,KO
20-07-2007,26.87,26.95,26.54,26.6,22397400,KO
23-07-2007,26.66,26.88,26.58,26.82,14068200,KO
24-07-2007,26.48,26.9,26.48,26.61,18704400,KO
25-07-2007,26.74,27.1,26.59,27.02,25612000,KO
26-07-2007,26.58,27.11,26.28,26.49,29490952,KO
27-07-2007,26.46,26.54,26.11,26.14,24082200,KO
30-07-2007,26.53,26.92,25.9,26.2,19912000,KO
31-07-2007,26.37,26.44,26.02,26.06,19887000,KO
01-08-2007,26.06,26.74,26.09,26.64,24743206,KO
02-08-2007,26.58,26.9,26.58,26.83,19700800,KO
03-08-2007,26.91,27.12,26.62,26.64,22045698,KO
06-08-2007,26.58,27.12,26.58,27.12,23335200,KO
07-08-2007,26.98,27.4,26.86,27.23,22657200,KO
08-08-2007,27.2,27.94,27.19,27.93,25172400,KO
09-08-2007,27.4,28.36,27.4,27.92,34247600,KO
10-08-2007,27.7,28.06,27.05,27.49,29816800,KO
13-08-2007,27.5,27.55,27.1,27.26,19166400,KO
14-08-2007,27.39,27.42,26.9,27.07,26200600,KO
15-08-2007,27.08,27.34,26.8,26.92,14280462,KO
16-08-2007,26.75,27.14,26.42,26.79,29002200,KO
17-08-2007,27.46,28.42,26.58,27.22,28468600,KO
20-08-2007,27.19,27.44,27.08,27.26,15993800,KO
21-08-2007,27.2,27.42,26.99,27.02,16782400,KO
22-08-2007,27.18,27.25,26.89,26.98,15279400,KO
23-08-2007,26.94,27.08,26.81,26.99,13929834,KO
24-08-2007,26.82,27.36,26.82,27,13493400,KO
27-08-2007,26.99,27.08,26.85,27,9995678,KO
28-08-2007,27,27,26.59,26.63,15707200,KO
29-08-2007,26.74,26.85,26.54,26.76,15922800,KO
30-08-2007,26.61,26.82,26.56,26.7,13982600,KO
31-08-2007,26.88,26.99,26.7,26.89,15046200,KO
04-09-2007,26.84,27.22,26.84,27.18,12462922,KO
05-09-2007,27.06,27.18,26.68,26.84,18939400,KO
06-09-2007,26.78,27.52,26.6,27.33,19000200,KO
07-09-2007,27.3,27.5,27.06,27.3,23982600,KO
10-09-2007,27.3,27.51,27.14,27.28,20346600,KO
11-09-2007,27.36,27.97,27.35,27.83,23866200,KO
12-09-2007,27.8,28.18,27.64,27.92,18524600,KO
13-09-2007,27.98,28.1,27.81,27.94,14353000,KO
14-09-2007,27.86,28.28,27.83,28.2,15459800,KO
17-09-2007,28,28.05,27.52,27.64,21078400,KO
18-09-2007,27.7,28.22,27.7,28.2,19898800,KO
19-09-2007,28.25,28.38,27.94,28.31,17220496,KO
20-09-2007,28.28,28.32,28.08,28.16,12583400,KO
21-09-2007,28.19,28.43,28.16,28.28,21948800,KO
24-09-2007,28.26,28.69,28.26,28.35,20872648,KO
25-09-2007,28.34,28.64,28.27,28.51,15230050,KO
26-09-2007,28.58,28.84,28.46,28.68,14776200,KO
27-09-2007,28.66,28.8,28.56,28.66,14274400,KO
28-09-2007,28.65,28.89,28.52,28.74,13063314,KO
01-10-2007,28.8,29.16,28.78,28.95,19918410,KO
02-10-2007,29,29.08,28.82,28.96,17565600,KO
03-10-2007,28.88,29.02,28.68,28.78,12628380,KO
04-10-2007,28.82,29.06,28.78,28.94,11534600,KO
05-10-2007,28.98,29.14,28.92,29.04,10896400,KO
08-10-2007,28.98,29.06,28.84,28.9,6021600,KO
09-10-2007,28.8,28.94,28.65,28.94,16272000,KO
10-10-2007,29,29.1,28.89,28.94,13236398,KO
11-10-2007,29,29.09,28.46,28.6,12950600,KO
12-10-2007,28.6,28.96,28.58,28.9,10410044,KO
15-10-2007,29.04,29.12,28.58,28.82,13808200,KO
16-10-2007,28.84,29.05,28.72,28.88,14228052,KO
17-10-2007,29.18,29.72,29.03,29.54,32814650,KO
18-10-2007,29.52,29.82,29.38,29.68,20777382,KO
19-10-2007,29.76,29.88,29.34,29.38,24175000,KO
22-10-2007,29.27,29.7,29.2,29.62,18253800,KO
23-10-2007,29.66,29.89,29.62,29.88,11663000,KO
24-10-2007,29.75,30.1,29.68,30.09,18634728,KO
25-10-2007,30.12,30.73,30.04,30.65,19553800,KO
26-10-2007,30.67,30.8,30.44,30.78,16187602,KO
29-10-2007,30.75,31.02,30.64,30.92,16951138,KO
30-10-2007,30.92,31.08,30.68,30.86,13740000,KO
31-10-2007,31,31.03,30.56,30.88,16640200,KO
01-11-2007,30.82,31,30.41,30.45,20035400,KO
02-11-2007,30.57,30.58,30,30.26,17154464,KO
05-11-2007,30.25,30.36,29.96,30.17,17845216,KO
06-11-2007,30.2,30.54,30.12,30.5,15286030,KO
07-11-2007,30.45,30.5,29.96,29.98,14500818,KO
08-11-2007,30.36,30.82,29.95,30.74,26091682,KO
09-11-2007,30.75,30.88,30.32,30.42,18202538,KO
12-11-2007,30.32,30.43,29.9,29.93,16680724,KO
13-11-2007,30.12,30.6,29.82,30.52,15330700,KO
14-11-2007,30.65,30.88,30.38,30.68,16545228,KO
15-11-2007,30.5,31.2,30.5,30.98,21229632,KO
16-11-2007,31.12,31.36,30.85,31.31,21454740,KO
19-11-2007,31.25,31.28,31,31.15,16893748,KO
20-11-2007,31.26,31.55,31.05,31.4,21572382,KO
21-11-2007,31.4,31.72,31.07,31.12,18076918,KO
23-11-2007,31.27,31.38,30.96,31.15,9446116,KO
26-11-2007,31.18,31.43,30.8,30.86,16775886,KO
27-11-2007,30.98,31.66,30.84,31.49,21048318,KO
28-11-2007,31.61,31.61,31.24,31.5,25498812,KO
29-11-2007,31.46,31.58,31.31,31.4,15031576,KO
30-11-2007,31.55,31.55,30.86,31.05,21685568,KO
03-12-2007,31.05,31.5,30.98,31.1,17111976,KO
04-12-2007,30.98,31.47,30.76,31.38,16878474,KO
05-12-2007,31.42,31.52,31.22,31.52,14622192,KO
06-12-2007,31.46,31.58,31.19,31.54,15825264,KO
07-12-2007,31.53,31.88,31.53,31.58,13413698,KO
10-12-2007,31.54,31.75,31.44,31.64,8487772,KO
11-12-2007,31.62,31.94,31.47,31.48,17336572,KO
12-12-2007,31.62,32.02,31.48,31.88,23243552,KO
13-12-2007,31.79,32.07,31.69,32.04,12418726,KO
14-12-2007,31.88,32.16,31.87,31.9,19006266,KO
17-12-2007,32,32.08,31.14,31.24,23869036,KO
18-12-2007,31.4,31.4,30.94,31.11,23756578,KO
19-12-2007,31.1,31.5,31.05,31.42,14407590,KO
20-12-2007,31.38,31.48,30.95,31.14,15065292,KO
21-12-2007,31.25,31.74,31.15,31.54,25374170,KO
24-12-2007,31.52,31.72,31.4,31.6,4593652,KO
26-12-2007,31.72,31.72,31.38,31.5,9484306,KO
27-12-2007,31.45,31.6,31.1,31.15,7729680,KO
28-12-2007,31.16,31.38,31,31.14,8346296,KO
31-12-2007,31.03,31.1,30.61,30.68,11729130,KO
02-01-2008,30.72,30.79,30.36,30.54,15453680,KO
03-01-2008,30.58,31.05,30.54,30.86,13902852,KO
04-01-2008,30.84,31.36,30.84,30.92,18028662,KO
07-01-2008,31.05,31.72,30.95,31.66,23781822,KO
08-01-2008,31.8,32.2,31.66,31.78,20883046,KO
09-01-2008,31.81,32.66,31.8,32.64,35950160,KO
10-01-2008,32.5,32.8,32.36,32.78,28944178,KO
11-01-2008,32.69,32.69,31.73,31.88,32147664,KO
14-01-2008,31.88,32.26,31.88,32.15,22931346,KO
15-01-2008,31.82,32.1,31.78,31.8,23024728,KO
16-01-2008,31.64,31.92,31.24,31.32,26584568,KO
17-01-2008,31.62,31.66,30.95,31.02,37274296,KO
18-01-2008,31.17,31.22,30.08,30.37,33759090,KO
22-01-2008,29.36,29.7,28.5,29.4,37369718,KO
23-01-2008,28.76,29.47,28.24,29.44,32255886,KO
24-01-2008,29.58,30.01,29.47,29.94,30700606,KO
25-01-2008,30.17,30.17,29.12,29.2,25926234,KO
28-01-2008,29.18,29.71,29.02,29.7,18341974,KO
29-01-2008,29.83,29.83,29.14,29.28,26833454,KO
30-01-2008,29.25,29.42,28.78,28.88,23066746,KO
31-01-2008,28.65,29.68,28.62,29.5,24046492,KO
01-02-2008,29.64,29.98,29.26,29.63,16520258,KO
04-02-2008,29.71,29.72,29.24,29.32,15315918,KO
05-02-2008,29.24,29.25,28.66,28.7,24710382,KO
06-02-2008,28.95,29.1,28.78,28.86,16817176,KO
07-02-2008,28.92,29.34,28.92,29.22,23313030,KO
08-02-2008,29.54,29.89,29.5,29.62,20221622,KO
11-02-2008,29.68,29.85,29.4,29.75,13637778,KO
12-02-2008,29.9,30.25,29.82,29.96,23827436,KO
13-02-2008,30.22,30.22,29.5,29.7,29039534,KO
14-02-2008,29.76,29.84,29.2,29.28,25045278,KO
15-02-2008,29.22,29.41,29,29.38,20761742,KO
19-02-2008,29.5,29.52,28.98,29.05,17217868,KO
20-02-2008,29.04,29.14,28.78,29.12,14831882,KO
21-02-2008,29.16,29.28,28.86,29,17465460,KO
22-02-2008,29,29.16,28.7,29.13,14769838,KO
25-02-2008,29.1,29.54,29.1,29.38,16020708,KO
26-02-2008,29.3,29.8,29.16,29.76,16809036,KO
27-02-2008,29.64,30.2,29.64,30.02,19823676,KO
28-02-2008,30,30.06,29.58,29.73,15435814,KO
29-02-2008,29.55,29.66,29.09,29.23,15967308,KO
03-03-2008,29.18,29.58,29.18,29.51,12492596,KO
04-03-2008,29.3,29.79,29.26,29.68,20105800,KO
05-03-2008,29.62,30,29.52,29.84,16079286,KO
06-03-2008,29.76,29.92,29.51,29.55,14564078,KO
07-03-2008,29.38,29.7,29.25,29.42,18332946,KO
10-03-2008,29.42,29.67,29.32,29.33,18910992,KO
11-03-2008,29.5,29.84,29.44,29.74,29836200,KO
12-03-2008,29.58,29.74,29.48,29.6,22601058,KO
13-03-2008,29.34,29.55,29.16,29.46,17541858,KO
14-03-2008,29.46,29.46,28.56,28.76,26531614,KO
17-03-2008,28.45,29.01,28.38,28.84,21630326,KO
18-03-2008,29.1,29.7,28.97,29.7,18365312,KO
19-03-2008,29.68,30.42,29.68,29.98,23260528,KO
20-03-2008,30.08,30.57,29.98,30.52,31028552,KO
24-03-2008,30.62,30.75,30.27,30.59,14037532,KO
25-03-2008,30.59,30.91,30.54,30.7,15298192,KO
26-03-2008,30.7,30.85,30.5,30.58,16547698,KO
27-03-2008,30.68,30.95,30.6,30.66,16830366,KO
28-03-2008,30.79,30.8,30.44,30.47,13671582,KO
31-03-2008,30.4,30.6,30.32,30.44,18541218,KO
01-04-2008,30.5,30.75,30.45,30.72,25873140,KO
02-04-2008,30.68,30.68,30.1,30.23,18166930,KO
03-04-2008,30.14,30.45,30.12,30.28,16176016,KO
04-04-2008,30.26,30.46,30.1,30.12,15262710,KO
07-04-2008,30.14,30.3,30.14,30.18,16193092,KO
08-04-2008,30.14,30.28,29.94,30.26,19942730,KO
09-04-2008,30.25,30.42,30.16,30.39,12997828,KO
10-04-2008,30.44,30.74,30.24,30.66,14842280,KO
11-04-2008,30.51,30.75,30.04,30.14,15567582,KO
14-04-2008,30.2,30.68,30.08,30.5,20029918,KO
15-04-2008,30.52,30.61,30.21,30.47,23445130,KO
16-04-2008,30.88,30.92,30.27,30.58,23118522,KO
17-04-2008,30.5,30.69,30.27,30.34,16659676,KO
18-04-2008,30.38,30.54,29.82,30.06,22254086,KO
21-04-2008,29.96,30.22,29.82,30.18,12428606,KO
22-04-2008,30.11,30.2,29.85,29.94,17273812,KO
23-04-2008,29.88,30.2,29.88,30.16,18987242,KO
24-04-2008,30.14,30.5,29.9,30.12,12836596,KO
25-04-2008,30.12,30.25,29.48,29.66,18802270,KO
28-04-2008,29.66,29.95,29.43,29.49,16098138,KO
29-04-2008,29.4,29.5,29.18,29.36,14868988,KO
30-04-2008,29.36,29.88,29.34,29.44,23361688,KO
01-05-2008,29.3,29.58,29.2,29.54,15128172,KO
02-05-2008,29.54,29.75,29.3,29.38,16519108,KO
05-05-2008,29.38,29.49,29.07,29.19,14121592,KO
06-05-2008,29.12,29.19,28.94,29.14,13390706,KO
07-05-2008,29.14,29.14,28.5,28.52,29866784,KO
08-05-2008,28.68,28.78,28.02,28.14,28003602,KO
09-05-2008,28.14,28.17,27.92,28.08,20828826,KO
12-05-2008,28.09,28.23,28,28.2,17243248,KO
13-05-2008,28.14,28.38,28.14,28.25,20877094,KO
14-05-2008,28.32,28.5,28.1,28.27,20732374,KO
15-05-2008,28.25,28.58,28.13,28.5,16503060,KO
16-05-2008,28.53,28.7,28.39,28.54,17960822,KO
19-05-2008,28.55,28.92,28.47,28.76,20009542,KO
20-05-2008,28.75,28.82,28.48,28.54,17955192,KO
21-05-2008,28.46,28.65,28.22,28.32,25203652,KO
22-05-2008,28.34,29.21,28.26,29.14,25230416,KO
23-05-2008,29.06,29.52,29,29.32,30582924,KO
27-05-2008,29.28,29.35,29.06,29.3,15614084,KO
28-05-2008,29.42,29.42,28.67,28.72,24045450,KO
29-05-2008,28.76,29.06,28.57,28.94,24705084,KO
30-05-2008,28.84,29,28.51,28.63,26833520,KO
02-06-2008,28.52,28.68,28.22,28.5,19121174,KO
03-06-2008,28.43,28.62,28.14,28.2,19540146,KO
04-06-2008,28.12,28.48,28.12,28.35,14971962,KO
05-06-2008,28.38,28.63,28.23,28.6,15701578,KO
06-06-2008,28.5,28.56,27.87,27.9,24947626,KO
09-06-2008,27.75,28.12,27.75,27.93,19351584,KO
10-06-2008,28.06,29.3,28,29,32679898,KO
11-06-2008,28.86,28.92,28.5,28.57,23458998,KO
12-06-2008,28.66,28.8,28.38,28.57,19043854,KO
13-06-2008,28.52,28.55,26.96,27.71,61756744,KO
16-06-2008,27.71,27.76,27.02,27.09,35385376,KO
17-06-2008,27.28,27.35,26.98,26.98,28668474,KO
18-06-2008,26.89,27,26.56,26.58,26037714,KO
19-06-2008,26.7,26.8,26.5,26.68,25221018,KO
20-06-2008,26.54,26.94,26.46,26.83,33273038,KO
23-06-2008,26.92,26.92,26.51,26.63,17910430,KO
24-06-2008,26.5,26.76,26.32,26.68,21827478,KO
25-06-2008,26.73,27.29,26.7,27.05,23750530,KO
26-06-2008,26.96,27.31,26.56,26.61,30532044,KO
27-06-2008,26.58,26.62,25.92,25.92,35673686,KO
30-06-2008,25.93,26.45,25.72,25.99,30141924,KO
01-07-2008,25.96,25.96,25.46,25.5,35341682,KO
02-07-2008,25.5,25.78,25.44,25.68,32506184,KO
03-07-2008,25.68,25.88,25.6,25.74,14907452,KO
07-07-2008,25.84,25.89,25.5,25.64,23402984,KO
08-07-2008,25.54,25.84,25.5,25.74,26657320,KO
09-07-2008,25.82,25.82,25.43,25.44,23205578,KO
10-07-2008,25.48,25.48,24.85,25.02,30312570,KO
11-07-2008,24.83,25.25,24.76,25.14,26939302,KO
14-07-2008,25.27,25.63,25.27,25.48,25123332,KO
15-07-2008,25.32,26,25.3,25.9,38457272,KO
16-07-2008,25.94,26.3,25.62,26.17,27189074,KO
17-07-2008,25.6,25.68,24.85,25.17,79214586,KO
18-07-2008,25.24,25.24,24.82,25.02,36494368,KO
21-07-2008,25.05,25.05,24.72,24.8,21761426,KO
22-07-2008,25.06,26.06,25.03,25.68,43142538,KO
23-07-2008,25.76,26.28,25.51,26.25,25824098,KO
24-07-2008,26.22,26.44,25.76,25.93,21340374,KO
25-07-2008,26.12,26.12,25.76,26.03,16867392,KO
28-07-2008,26,26.03,25.56,25.58,14039814,KO
29-07-2008,25.6,25.9,25.56,25.78,16244754,KO
30-07-2008,25.92,26,25.5,25.66,19486824,KO
31-07-2008,25.75,25.92,25.61,25.75,21216642,KO
01-08-2008,25.97,26.61,25.87,26.57,33155822,KO
04-08-2008,26.56,27.04,26.45,26.95,22278838,KO
05-08-2008,27.05,27.5,27.02,27.46,25483196,KO
06-08-2008,27.44,27.74,27.3,27.68,20379858,KO
07-08-2008,27.58,27.58,26.92,27,19928798,KO
08-08-2008,27,27.76,26.86,27.7,19658098,KO
11-08-2008,27.57,27.92,27.42,27.68,14183524,KO
12-08-2008,27.6,27.91,27.06,27.4,16704528,KO
13-08-2008,27.28,27.72,27.2,27.6,19036742,KO
14-08-2008,27.52,27.92,27.38,27.51,15411750,KO
15-08-2008,27.61,27.81,27.38,27.53,23891944,KO
18-08-2008,27.54,27.68,26.97,27.16,21154322,KO
19-08-2008,27.12,27.29,26.99,27.16,16564006,KO
20-08-2008,27.28,27.37,26.95,27.18,11033156,KO
21-08-2008,27.1,27.12,26.61,26.76,11670712,KO
22-08-2008,26.81,27.26,26.7,27.18,14812462,KO
25-08-2008,27.07,27.3,26.68,26.78,12329044,KO
26-08-2008,26.78,26.94,26.58,26.76,9461362,KO
27-08-2008,26.8,27,26.61,26.9,13605454,KO
28-08-2008,26.62,26.78,26.45,26.56,20860882,KO
29-08-2008,26.54,26.54,26.02,26.04,17841604,KO
02-09-2008,26.11,26.48,25.96,25.98,25763308,KO
03-09-2008,25.83,26.02,25.64,25.83,22448698,KO
04-09-2008,25.87,26.14,25.6,25.86,25901134,KO
05-09-2008,25.84,26.06,25.74,25.96,18286290,KO
08-09-2008,26.36,26.76,26.15,26.69,22308106,KO
09-09-2008,26.58,27.26,26.58,26.94,29464280,KO
10-09-2008,27.04,27.05,26.66,26.9,24609488,KO
11-09-2008,26.6,27.29,26.52,27.08,27410604,KO
12-09-2008,26.92,27.28,26.78,27.25,20364140,KO
15-09-2008,26.88,27.88,26.77,27.38,32247794,KO
16-09-2008,27.02,27.52,26.85,27.42,32826270,KO
17-09-2008,27.28,27.44,26.32,26.33,37535816,KO
18-09-2008,26.61,27.02,26.05,26.7,40347142,KO
19-09-2008,27.38,27.38,25.06,26.36,47989744,KO
22-09-2008,26.26,26.33,25.66,25.69,23355186,KO
23-09-2008,25.72,26.17,25.28,25.34,25686760,KO
24-09-2008,25.5,25.55,24.94,25.1,21742864,KO
25-09-2008,25.2,26.12,25.18,25.73,26174712,KO
26-09-2008,25.47,26.33,25.42,26.24,27517038,KO
29-09-2008,26.04,26.48,25.2,25.52,39031120,KO
30-09-2008,25.9,26.45,25.5,26.44,35193126,KO
01-10-2008,26.31,27.14,26.26,27.08,29101200,KO
02-10-2008,26.52,27.14,26.45,26.8,30668840,KO
03-10-2008,26.89,27.5,26.2,26.28,27852868,KO
06-10-2008,25.67,26.14,24.36,25.46,46243446,KO
07-10-2008,25.65,25.78,24.54,24.65,34821500,KO
08-10-2008,24.32,24.8,23.22,23.7,49084548,KO
09-10-2008,23.78,23.82,21.65,21.65,46292860,KO
10-10-2008,21.02,22.52,20.14,20.75,73571300,KO
13-10-2008,21.72,23.76,21.6,23.63,50480002,KO
14-10-2008,23.55,23.55,21.32,21.86,57671684,KO
15-10-2008,23.42,23.66,21.96,22.1,56259048,KO
16-10-2008,22.4,22.96,21.06,22.89,53073602,KO
17-10-2008,22.48,23.08,21.46,22.1,42033404,KO
20-10-2008,22.54,23.44,22.26,23.23,27773770,KO
21-10-2008,23.18,23.56,23,23.02,21926972,KO
22-10-2008,22.8,23.11,22.11,22.69,31891096,KO
23-10-2008,22.8,22.8,20.75,21.53,56326694,KO
24-10-2008,20.5,21.5,20.5,20.8,40799438,KO
27-10-2008,20.58,21.61,20.5,20.5,29417798,KO
28-10-2008,20.78,22.66,20.56,22.62,36052752,KO
29-10-2008,22.3,22.9,21.75,21.92,29860040,KO
30-10-2008,22.47,22.75,21.94,22.33,25942720,KO
31-10-2008,22.57,23,21.75,22.03,31870110,KO
03-11-2008,22.26,22.82,22.08,22.72,18576218,KO
04-11-2008,23.35,23.5,22.8,23.02,23809696,KO
05-11-2008,22.86,23.22,22.3,22.36,23496886,KO
06-11-2008,22.38,22.73,21.93,22.24,34002780,KO
07-11-2008,22.42,23.46,22.24,23.12,29183204,KO
10-11-2008,23.44,23.64,22.56,22.95,23039998,KO
11-11-2008,22.68,22.89,21.96,22.22,27492490,KO
12-11-2008,21.84,22.28,21.4,21.92,35028388,KO
13-11-2008,21.92,23.18,21.66,23.14,37547756,KO
14-11-2008,22.8,23.59,22.49,22.51,33382596,KO
17-11-2008,22.31,22.46,21.6,21.98,30685810,KO
18-11-2008,21.66,21.88,21.01,21.74,38923302,KO
19-11-2008,21.82,22.3,21.1,21.14,32382444,KO
20-11-2008,21,21.88,20.5,20.54,42269696,KO
21-11-2008,20.82,22.14,20.25,22,50106218,KO
24-11-2008,22.24,23.06,21.85,22.62,36720990,KO
25-11-2008,22.92,23.26,22.13,22.54,32546566,KO
26-11-2008,22.13,22.72,21.88,22.69,21348886,KO
28-11-2008,22.6,23.46,22.6,23.44,12566506,KO
01-12-2008,23.1,23.26,22.15,22.16,25153040,KO
02-12-2008,22.51,22.51,21.47,21.96,28669848,KO
03-12-2008,21.84,23.2,21.75,23.07,39896328,KO
04-12-2008,22.78,23.28,22.1,22.38,32059094,KO
05-12-2008,22.16,23.04,21.71,22.99,28276168,KO
08-12-2008,23.24,23.53,22.72,22.99,26908632,KO
09-12-2008,22.76,23.28,22.19,22.42,26635166,KO
10-12-2008,22.24,22.94,22.24,22.66,29368936,KO
11-12-2008,22.59,22.82,21.95,22.11,33285838,KO
12-12-2008,21.88,22.32,21.5,22.28,30457846,KO
15-12-2008,22.44,22.64,21.92,22.48,20399586,KO
16-12-2008,22.64,23.4,22.36,23.23,35062914,KO
17-12-2008,23.04,23.22,22.5,22.74,27721844,KO
18-12-2008,23.04,23.22,22.38,22.59,31095674,KO
19-12-2008,22.72,23,22.09,22.22,50548136,KO
22-12-2008,22.36,22.4,22,22.33,22377664,KO
23-12-2008,22.36,22.56,21.93,21.98,20210844,KO
24-12-2008,22.02,22.18,22,22.05,5325248,KO
26-12-2008,22.2,22.46,22.14,22.29,9626676,KO
29-12-2008,22.43,22.43,21.86,22.2,13951742,KO
30-12-2008,22.31,22.57,22.27,22.46,16001948,KO
31-12-2008,22.58,22.75,22.53,22.64,15550348,KO
02-01-2009,22.7,23,22.52,22.95,16355768,KO
05-01-2009,22.78,22.94,22.59,22.72,20237482,KO
06-01-2009,22.85,22.98,22.23,22.36,21313642,KO
07-01-2009,22.11,22.59,22.11,22.46,21581122,KO
08-01-2009,22.42,22.64,22.28,22.62,20086828,KO
09-01-2009,22.62,22.63,22.12,22.3,19802336,KO
12-01-2009,22.23,22.34,21.76,21.86,20469708,KO
13-01-2009,21.9,22.16,21.81,22.01,22602308,KO
14-01-2009,21.75,21.76,21.14,21.31,27053644,KO
15-01-2009,21.28,21.7,21.2,21.68,28061762,KO
16-01-2009,21.95,22.24,21.74,21.92,28353182,KO
20-01-2009,21.89,22.25,21.44,21.44,28332084,KO
21-01-2009,21.7,21.72,21.08,21.64,23800776,KO
22-01-2009,21.32,21.62,21.15,21.56,23490478,KO
23-01-2009,21.32,21.33,20.78,21.1,31256016,KO
26-01-2009,21.15,21.69,21.06,21.52,25212948,KO
27-01-2009,21.64,21.96,21.5,21.66,19822660,KO
28-01-2009,22,22,21.62,21.93,18563936,KO
29-01-2009,21.85,22.24,21.67,21.78,21362572,KO
30-01-2009,21.72,21.84,21.26,21.36,22607244,KO
02-02-2009,21.1,21.25,20.76,21.12,15967012,KO
03-02-2009,21.25,21.75,20.99,21.66,17951784,KO
04-02-2009,21.68,21.78,21.14,21.2,18308810,KO
05-02-2009,21.11,21.44,20.96,21.34,22119758,KO
06-02-2009,21.36,21.84,21.33,21.78,18723604,KO
09-02-2009,21.66,21.68,21,21.16,19690368,KO
10-02-2009,21,21.16,20.14,20.34,45494674,KO
11-02-2009,20.48,20.8,20.48,20.64,21246608,KO
12-02-2009,21.32,22.22,21.08,22.2,61228772,KO
13-02-2009,22.1,22.19,21.84,21.92,22736544,KO
17-02-2009,21.5,21.6,21.22,21.3,26438370,KO
18-02-2009,21.39,21.52,21.12,21.34,18108694,KO
19-02-2009,21.56,21.86,21.34,21.65,19814474,KO
20-02-2009,21.48,21.74,21.19,21.42,30173394,KO
23-02-2009,21.51,21.6,20.96,21.04,23461626,KO
24-02-2009,21.36,21.6,21.1,21.53,26217926,KO
25-02-2009,21.47,21.64,21.08,21.18,26352744,KO
26-02-2009,21.38,21.38,20.5,20.54,21336284,KO
27-02-2009,20.48,20.65,20.22,20.42,35449964,KO
02-03-2009,20.22,20.36,19.81,19.84,31199634,KO
03-03-2009,19.9,20.15,19.38,19.42,37264414,KO
04-03-2009,19.62,20.16,19.42,19.86,33885488,KO
05-03-2009,19.58,19.72,18.72,18.92,36470966,KO
06-03-2009,19.08,19.6,19.05,19.55,33002808,KO
09-03-2009,19.74,19.94,19.36,19.38,35127820,KO
10-03-2009,19.82,19.84,19.32,19.58,35183602,KO
11-03-2009,19.58,19.98,19.52,19.78,27254208,KO
12-03-2009,19.79,20.43,19.68,20.42,25473808,KO
13-03-2009,20.54,20.72,20.22,20.61,24396640,KO
16-03-2009,20.73,21,20.56,20.64,23203840,KO
17-03-2009,20.67,20.84,20.41,20.72,20243282,KO
18-03-2009,20.65,21.12,20.5,20.82,28796276,KO
19-03-2009,20.92,21.12,20.9,21.09,22777722,KO
20-03-2009,21.16,21.57,21.16,21.32,38332330,KO
23-03-2009,21.58,22.07,21.5,22.07,26502410,KO
24-03-2009,21.8,22.17,21.7,22.01,21878966,KO
25-03-2009,22.2,22.44,22.02,22.38,24486720,KO
26-03-2009,22.48,22.5,21.91,22.42,27807778,KO
27-03-2009,22.22,22.6,22.22,22.55,23103820,KO
30-03-2009,22.25,22.33,21.72,21.96,22905760,KO
31-03-2009,22.14,22.36,21.93,21.98,23837562,KO
01-04-2009,21.88,22.5,21.75,22.43,21254646,KO
02-04-2009,22.65,22.91,22.32,22.67,24926658,KO
03-04-2009,22.68,22.88,22.24,22.48,17890010,KO
06-04-2009,22.35,22.62,22.27,22.5,16083982,KO
07-04-2009,22.42,22.58,22.23,22.31,15667298,KO
08-04-2009,22.34,22.57,22.26,22.5,13605098,KO
09-04-2009,22.86,22.86,22.41,22.5,16204268,KO
13-04-2009,22.48,22.48,22.2,22.36,13174350,KO
14-04-2009,22.3,22.3,21.9,22.1,16458324,KO
15-04-2009,22.1,22.56,22.05,22.52,16665460,KO
16-04-2009,22.68,22.76,22.17,22.55,17325502,KO
17-04-2009,22.62,22.72,22.33,22.51,22425872,KO
20-04-2009,22.42,22.5,21.9,22.16,27667592,KO
21-04-2009,22.08,22.48,21.31,21.54,37529722,KO
22-04-2009,21.6,21.61,21.3,21.46,28969294,KO
23-04-2009,21.54,21.58,21.34,21.46,28036130,KO
24-04-2009,21.48,21.54,21.28,21.4,29316010,KO
27-04-2009,21.21,21.48,21.04,21.12,23763964,KO
28-04-2009,21.06,21.28,21,21.14,18167796,KO
29-04-2009,21.18,21.54,21.18,21.36,20426224,KO
30-04-2009,21.56,22.04,21.4,21.52,35959090,KO
01-05-2009,21.57,21.6,21.09,21.24,21220908,KO
04-05-2009,21.3,21.62,21.12,21.58,26789272,KO
05-05-2009,21.66,21.88,21.51,21.57,22393512,KO
06-05-2009,21.75,21.8,21.38,21.47,19488538,KO
07-05-2009,21.66,21.66,21.28,21.4,27058960,KO
08-05-2009,21.48,21.58,21.26,21.46,24164240,KO
11-05-2009,21.36,21.6,21.27,21.38,18438116,KO
12-05-2009,21.48,22.34,21.43,22.2,37052012,KO
13-05-2009,22.02,22.2,21.72,21.82,23717624,KO
14-05-2009,21.96,22.58,21.96,22.45,34590142,KO
15-05-2009,22.42,22.54,22.32,22.48,34102136,KO
18-05-2009,22.57,23.06,22.34,23.04,28462834,KO
19-05-2009,23.07,23.46,22.91,23.32,31898720,KO
20-05-2009,23.4,23.64,23.27,23.5,33380962,KO
21-05-2009,23.32,23.41,23.2,23.34,28367240,KO
22-05-2009,23.34,23.86,23.32,23.65,24576226,KO
26-05-2009,23.5,23.74,23.44,23.6,28784794,KO
27-05-2009,23.56,23.6,23.27,23.32,19064908,KO
28-05-2009,23.32,23.6,23.18,23.45,18940152,KO
29-05-2009,23.5,24.58,23.48,24.58,45437414,KO
01-06-2009,24.62,24.72,24.36,24.51,42668528,KO
02-06-2009,24.5,24.96,24.44,24.83,33441804,KO
03-06-2009,24.67,24.75,24.38,24.54,26863024,KO
04-06-2009,24.57,24.9,24.36,24.88,21710242,KO
05-06-2009,24.96,24.97,24.62,24.72,19833264,KO
08-06-2009,24.62,24.82,24.4,24.69,15849304,KO
09-06-2009,24.76,24.8,24.43,24.54,20322356,KO
10-06-2009,24.65,24.68,24.02,24.2,28236734,KO
11-06-2009,24.06,24.6,24.04,24.29,20572212,KO
12-06-2009,24.34,24.52,24.24,24.44,17240620,KO
15-06-2009,24.3,24.33,24.05,24.06,17630184,KO
16-06-2009,24.1,24.16,23.91,23.92,15866872,KO
17-06-2009,23.94,24.32,23.92,23.96,16653620,KO
18-06-2009,24,24.82,23.98,24.78,24154848,KO
19-06-2009,24.86,24.94,24.36,24.4,30718284,KO
22-06-2009,24.26,24.4,24,24,21359752,KO
23-06-2009,24.1,24.26,23.88,23.9,18727164,KO
24-06-2009,24.06,24.24,23.68,23.75,17778134,KO
25-06-2009,23.71,24.02,23.59,23.92,20630016,KO
26-06-2009,23.86,24.14,23.82,24.06,26201502,KO
29-06-2009,24.07,24.25,24.06,24.14,17526474,KO
30-06-2009,24.1,24.12,23.9,24,31447620,KO
01-07-2009,24.24,24.8,24.2,24.59,24212344,KO
02-07-2009,24.38,24.72,24.38,24.44,22201398,KO
06-07-2009,24.34,24.52,24.19,24.5,16671728,KO
07-07-2009,24.36,24.58,24.28,24.32,17108824,KO
08-07-2009,24.28,24.44,24.08,24.26,21320980,KO
09-07-2009,24.36,24.42,24.26,24.36,17426930,KO
10-07-2009,24.25,24.44,24.01,24.16,15620218,KO
13-07-2009,24.19,24.59,24.05,24.52,20608804,KO
14-07-2009,24.51,24.68,24.37,24.64,15369038,KO
15-07-2009,24.74,25.29,24.7,25.26,20127004,KO
16-07-2009,25.18,25.44,25.08,25.4,15817636,KO
17-07-2009,25.16,25.28,25.02,25.16,19808742,KO
20-07-2009,25.3,25.52,25.04,25.52,19108344,KO
21-07-2009,25.42,25.42,24.9,25.18,28738996,KO
22-07-2009,25.16,25.17,24.42,24.56,28360342,KO
23-07-2009,24.56,25.01,24.44,24.59,26759536,KO
24-07-2009,24.7,24.82,24.42,24.68,16573820,KO
27-07-2009,24.68,24.8,24.58,24.76,16259010,KO
28-07-2009,24.72,24.88,24.5,24.7,16079470,KO
29-07-2009,24.71,24.97,24.54,24.64,18125090,KO
30-07-2009,24.91,25.25,24.78,24.84,19437958,KO
31-07-2009,24.82,25.1,24.75,24.92,16822850,KO
03-08-2009,25.02,25.05,24.65,24.8,18445538,KO
04-08-2009,24.78,25.08,24.68,24.75,17583186,KO
05-08-2009,24.76,24.8,24.5,24.58,15009938,KO
06-08-2009,24.7,24.78,24.6,24.7,13811860,KO
07-08-2009,24.83,24.88,24.58,24.67,13305676,KO
10-08-2009,24.63,24.74,24.49,24.72,13499118,KO
11-08-2009,24.71,24.74,24.48,24.52,12509014,KO
12-08-2009,24.48,24.54,24.22,24.23,24901360,KO
13-08-2009,24.22,24.32,23.71,24.06,26560606,KO
14-08-2009,24.02,24.24,24,24.24,14806258,KO
17-08-2009,24.22,24.4,24.06,24.35,16213556,KO
18-08-2009,24.38,24.48,24.24,24.3,15516780,KO
19-08-2009,24.16,24.74,24.16,24.68,17039412,KO
20-08-2009,24.7,24.79,24.56,24.71,11873070,KO
21-08-2009,24.8,24.99,24.62,24.96,17650556,KO
24-08-2009,24.9,24.9,24.4,24.53,21744678,KO
25-08-2009,24.56,24.58,24.34,24.37,21428148,KO
26-08-2009,24.41,24.66,24.35,24.59,13591826,KO
27-08-2009,24.59,24.82,24.38,24.72,13884764,KO
28-08-2009,24.81,24.82,24.46,24.53,13716036,KO
31-08-2009,24.42,24.68,24.25,24.38,21321428,KO
01-09-2009,24.36,24.62,24.19,24.26,24554642,KO
02-09-2009,24.28,25.15,24.28,24.9,40824184,KO
03-09-2009,24.82,24.92,24.62,24.79,22579938,KO
04-09-2009,24.65,25.04,24.52,24.98,15118544,KO
08-09-2009,24.97,25.4,24.86,25.2,31284164,KO
09-09-2009,25.2,25.4,25.12,25.32,15813210,KO
10-09-2009,25.26,25.4,25.08,25.29,21545164,KO
11-09-2009,25.06,25.87,25,25.76,34130468,KO
14-09-2009,25.54,26.24,25.46,26.08,33166894,KO
15-09-2009,26.04,26.29,25.82,26.22,27725546,KO
16-09-2009,26.22,26.41,25.95,26.34,26114966,KO
17-09-2009,26.25,26.72,26.21,26.71,27358448,KO
18-09-2009,26.84,27.06,26.65,26.88,124173802,KO
21-09-2009,26.74,26.88,26.39,26.5,24712118,KO
22-09-2009,26.66,26.66,26.36,26.42,19426656,KO
23-09-2009,26.47,26.58,26.08,26.29,20835398,KO
24-09-2009,26.29,26.57,26.12,26.17,24283880,KO
25-09-2009,26.16,26.64,26.14,26.48,21737434,KO
28-09-2009,26.52,26.82,26.45,26.56,15193554,KO
29-09-2009,26.7,26.77,26.6,26.66,17321072,KO
30-09-2009,26.66,26.98,26.3,26.85,28275776,KO
01-10-2009,26.7,26.85,26.52,26.56,28070882,KO
02-10-2009,26.53,27.04,26.46,26.94,25169330,KO
05-10-2009,26.9,27,26.65,26.9,15555566,KO
06-10-2009,26.9,27.32,26.83,27.16,19109674,KO
07-10-2009,27.43,27.64,27.16,27.4,20761398,KO
08-10-2009,27.5,27.5,27.16,27.3,18030244,KO
09-10-2009,27.34,27.45,27.13,27.32,11828208,KO
12-10-2009,27.42,27.62,27.26,27.4,16014282,KO
13-10-2009,27.38,27.48,27.28,27.4,11939782,KO
14-10-2009,27.46,27.52,27.3,27.42,16080868,KO
15-10-2009,27.36,27.6,27.18,27.46,24242974,KO
16-10-2009,27.46,27.6,27.34,27.5,22090606,KO
19-10-2009,27.57,27.75,27.34,27.4,20659978,KO
20-10-2009,26.8,27.08,26.59,27.04,26859494,KO
21-10-2009,26.91,27.34,26.85,27.04,16511714,KO
22-10-2009,26.79,27.14,26.7,27.08,16360924,KO
23-10-2009,26.96,27.08,26.56,26.62,21709950,KO
26-10-2009,26.54,27.15,26.36,26.62,21567630,KO
27-10-2009,26.62,26.96,26.54,26.73,14735084,KO
28-10-2009,26.62,27,26.62,26.76,16017144,KO
29-10-2009,26.76,27.06,26.58,27.04,14806996,KO
30-10-2009,27.03,27.14,26.56,26.66,21812256,KO
02-11-2009,26.76,26.96,26.58,26.86,18603758,KO
03-11-2009,26.82,26.84,26.38,26.56,16330324,KO
04-11-2009,26.71,27,26.52,26.74,14114282,KO
05-11-2009,26.76,27.24,26.72,27.2,16316262,KO
06-11-2009,26.98,27.25,26.9,27.24,10680340,KO
09-11-2009,27.3,27.75,27.08,27.74,19231198,KO
10-11-2009,27.68,28.1,27.62,27.9,16139960,KO
11-11-2009,28.03,28.14,27.87,28.06,14304802,KO
12-11-2009,28.06,28.19,27.92,27.97,15195974,KO
13-11-2009,28.03,28.35,27.95,28.23,23357790,KO
16-11-2009,28.32,28.54,28.22,28.37,16239676,KO
17-11-2009,28.32,28.46,28.22,28.44,11343930,KO
18-11-2009,28.46,28.5,28.14,28.29,15253038,KO
19-11-2009,28.12,28.49,28.02,28.44,18154338,KO
20-11-2009,28.34,28.84,28.34,28.74,20698672,KO
23-11-2009,28.86,29.18,28.86,29.12,18542284,KO
24-11-2009,29.22,29.22,28.93,29.1,15598152,KO
25-11-2009,29.18,29.18,29,29.06,13383020,KO
27-11-2009,28.49,28.76,28.2,28.59,15675378,KO
30-11-2009,28.64,28.66,28.4,28.6,18884930,KO
01-12-2009,28.8,29.13,28.69,29.04,15359958,KO
02-12-2009,28.92,29.1,28.84,28.98,13600348,KO
03-12-2009,29.04,29.04,28.58,28.64,20243592,KO
04-12-2009,28.8,29.02,28.4,28.74,24927250,KO
07-12-2009,28.48,29.05,28.35,28.94,16705264,KO
08-12-2009,28.76,28.87,28.54,28.84,18290792,KO
09-12-2009,28.72,28.92,28.52,28.92,19495036,KO
10-12-2009,28.99,29.46,28.96,29.29,30755358,KO
11-12-2009,29.3,29.7,29.3,29.56,30435584,KO
14-12-2009,29.56,29.72,29.46,29.52,16670128,KO
15-12-2009,29.58,29.6,29.42,29.53,15299664,KO
16-12-2009,29.48,29.6,29.19,29.21,19604830,KO
17-12-2009,29.13,29.14,28.47,28.49,25472712,KO
18-12-2009,28.63,28.63,28.16,28.46,37737720,KO
21-12-2009,28.51,28.8,28.45,28.59,14616174,KO
22-12-2009,28.58,28.79,28.54,28.64,12111668,KO
23-12-2009,28.6,28.75,28.5,28.64,10939572,KO
24-12-2009,28.74,28.76,28.52,28.72,5814108,KO
28-12-2009,28.7,28.79,28.64,28.72,7679410,KO
29-12-2009,28.72,28.98,28.72,28.87,9551172,KO
30-12-2009,28.87,28.95,28.74,28.84,9625142,KO
31-12-2009,28.79,28.88,28.46,28.5,10848954,KO
04-01-2010,28.58,28.61,28.45,28.52,13870548,KO
05-01-2010,28.42,28.5,28.07,28.18,23173028,KO
06-01-2010,28.18,28.22,27.99,28.16,19265472,KO
07-01-2010,28.16,28.18,27.88,28.1,13234530,KO
08-01-2010,27.73,27.82,27.38,27.58,28717474,KO
11-01-2010,27.58,28.22,27.4,28.14,28643528,KO
12-01-2010,28.04,28.5,28.03,28.44,23269606,KO
13-01-2010,28.43,28.72,28.34,28.52,15157758,KO
14-01-2010,28.52,28.62,28.38,28.56,12392514,KO
15-01-2010,28.48,28.68,28.02,28.14,27462892,KO
19-01-2010,28.11,28.24,27.96,28.21,14615206,KO
20-01-2010,28.08,28.2,27.64,27.75,18813290,KO
21-01-2010,27.78,27.79,27.1,27.18,27400624,KO
22-01-2010,27.18,27.43,26.99,27.12,23551608,KO
25-01-2010,27.24,27.27,26.94,27.18,16853166,KO
26-01-2010,27.04,27.25,26.94,27.07,15515000,KO
27-01-2010,27,27.33,26.85,27.26,20414672,KO
28-01-2010,27.36,27.42,27.06,27.09,20907948,KO
29-01-2010,27.22,27.47,26.95,27.12,22149018,KO
01-02-2010,27.26,27.28,27,27.19,14536172,KO
02-02-2010,27.26,27.6,27.08,27.52,16888614,KO
03-02-2010,27.46,27.48,27.26,27.44,15899402,KO
04-02-2010,27.28,27.34,26.7,26.72,21344376,KO
05-02-2010,26.62,26.72,26.26,26.54,29287906,KO
08-02-2010,26.64,26.64,26.28,26.32,16725218,KO
09-02-2010,26.84,27.49,26.68,27,31495982,KO
10-02-2010,27.3,27.3,26.58,26.9,18717406,KO
11-02-2010,26.8,27.16,26.64,27.11,26327126,KO
12-02-2010,26.96,27.2,26.81,26.99,24640866,KO
16-02-2010,27.26,27.41,26.96,27.41,19339344,KO
17-02-2010,27.4,27.78,27.38,27.66,17064572,KO
18-02-2010,27.58,27.96,27.58,27.96,17267968,KO
19-02-2010,27.9,27.95,27.59,27.86,18944650,KO
22-02-2010,27.9,27.93,27.64,27.69,13487482,KO
23-02-2010,27.7,27.8,27.4,27.42,14835498,KO
24-02-2010,27.5,27.59,27.34,27.58,14474086,KO
25-02-2010,26.57,26.79,26.3,26.56,63665866,KO
26-02-2010,26.54,26.54,26.12,26.36,63096744,KO
01-03-2010,26.61,26.68,26.4,26.64,39450796,KO
02-03-2010,26.69,26.84,26.58,26.65,24506136,KO
03-03-2010,26.65,27.06,26.59,26.96,26575144,KO
04-03-2010,27.35,27.52,27.16,27.24,28985272,KO
05-03-2010,27.34,27.48,27.18,27.35,24238520,KO
08-03-2010,27.36,27.44,27.16,27.23,18916536,KO
09-03-2010,27.17,27.3,26.98,27.09,23071280,KO
10-03-2010,27.13,27.18,27.02,27.1,21578064,KO
11-03-2010,26.89,26.89,26.5,26.8,29154626,KO
12-03-2010,26.84,26.88,26.63,26.68,22335368,KO
15-03-2010,26.86,26.92,26.68,26.82,23873882,KO
16-03-2010,26.9,26.94,26.78,26.85,22287648,KO
17-03-2010,26.91,27,26.8,26.92,26074316,KO
18-03-2010,26.95,27.02,26.87,26.98,23497480,KO
19-03-2010,27.07,27.53,26.8,27.38,43610768,KO
22-03-2010,27.24,27.42,27.2,27.27,18127330,KO
23-03-2010,27.36,27.67,27.2,27.65,19082630,KO
24-03-2010,27.61,27.68,27.3,27.31,17053186,KO
25-03-2010,27.46,27.59,27.32,27.4,16638648,KO
26-03-2010,27.4,27.48,27.25,27.32,16276766,KO
29-03-2010,27.4,27.48,27.34,27.38,13853592,KO
30-03-2010,27.45,27.52,27.3,27.44,13631482,KO
31-03-2010,27.4,27.64,27.25,27.5,22922002,KO
01-04-2010,27.68,27.72,27.56,27.65,14346694,KO
05-04-2010,27.78,27.78,27.32,27.43,19192012,KO
06-04-2010,27.42,27.42,27.11,27.14,17604012,KO
07-04-2010,27.15,27.15,26.78,26.91,24060698,KO
08-04-2010,26.89,26.89,26.72,26.88,19466764,KO
09-04-2010,26.96,27.3,26.92,27.3,20641628,KO
12-04-2010,27.32,27.43,27.26,27.38,16930468,KO
13-04-2010,27.34,27.54,27.32,27.51,15057916,KO
14-04-2010,27.52,27.53,27.32,27.48,13865120,KO
15-04-2010,27.38,27.38,27.06,27.13,20350880,KO
16-04-2010,27.12,27.57,27.08,27.48,35079346,KO
19-04-2010,27.49,27.66,27.46,27.66,26471530,KO
20-04-2010,27.61,27.64,27.16,27.24,32516638,KO
21-04-2010,27.28,27.29,27,27.1,19263080,KO
22-04-2010,27.07,27.26,27,27.16,20299216,KO
23-04-2010,27.23,27.23,26.87,26.94,21675866,KO
26-04-2010,27,27.18,26.86,26.86,17891942,KO
27-04-2010,26.83,26.93,26.42,26.44,27600258,KO
28-04-2010,26.5,26.78,26.28,26.68,24756314,KO
29-04-2010,26.81,27.1,26.78,26.87,17437428,KO
30-04-2010,26.81,26.98,26.7,26.72,19349540,KO
03-05-2010,26.86,26.98,26.63,26.88,16123482,KO
04-05-2010,26.7,26.9,26.52,26.59,23282728,KO
05-05-2010,26.72,26.95,26.6,26.83,23670976,KO
06-05-2010,26.84,27.1,25.6,26.15,47916690,KO
07-05-2010,26.1,26.42,25.77,26.34,43535708,KO
10-05-2010,26.92,27.04,26.62,27.02,35311764,KO
11-05-2010,26.81,27.04,26.75,26.8,23167288,KO
12-05-2010,26.9,27.05,26.71,27.01,24005340,KO
13-05-2010,26.98,27,26.72,26.74,19321048,KO
14-05-2010,26.68,26.82,26.43,26.67,25868138,KO
17-05-2010,26.74,26.78,26.42,26.7,17395604,KO
18-05-2010,26.85,26.86,26.54,26.55,20437490,KO
19-05-2010,26.5,26.68,26.23,26.56,21119632,KO
20-05-2010,26.25,26.25,25.76,25.77,29294660,KO
21-05-2010,25.42,25.86,25.15,25.8,34233942,KO
24-05-2010,25.6,25.93,25.51,25.73,16918828,KO
25-05-2010,25.18,25.36,24.97,25.31,28693790,KO
26-05-2010,25.42,25.44,24.97,25.04,32614288,KO
27-05-2010,25.3,25.62,25.13,25.62,22663600,KO
28-05-2010,25.59,25.97,25.5,25.7,23577336,KO
01-06-2010,25.56,26.06,25.36,25.64,24274716,KO
02-06-2010,25.77,26.2,25.58,26.2,18742106,KO
03-06-2010,26.34,26.5,26.22,26.38,23564304,KO
04-06-2010,26.07,26.07,25.51,25.64,23942774,KO
07-06-2010,25.62,25.75,25.38,25.4,20177654,KO
08-06-2010,25.4,25.91,25.26,25.78,22429716,KO
09-06-2010,25.78,25.92,25.58,25.68,17661970,KO
10-06-2010,25.93,26.25,25.93,26.22,18789914,KO
11-06-2010,25.86,25.86,25.56,25.82,14961198,KO
14-06-2010,25.97,25.98,25.73,25.76,13656298,KO
15-06-2010,25.92,26.1,25.78,26.09,16372490,KO
16-06-2010,25.92,26.22,25.88,26.2,16784620,KO
17-06-2010,26.25,26.35,26.02,26.18,20744366,KO
18-06-2010,26.2,26.36,26.13,26.16,28407778,KO
21-06-2010,26.41,26.49,26.14,26.24,18348492,KO
22-06-2010,26.23,26.54,26.22,26.23,20804978,KO
23-06-2010,26.28,26.32,26,26.12,20717952,KO
24-06-2010,26.06,26.24,25.84,25.9,17401394,KO
25-06-2010,25.9,25.96,25.13,25.13,57969494,KO
28-06-2010,25.36,25.69,25.3,25.54,23525340,KO
29-06-2010,25.29,25.48,25.05,25.16,23505286,KO
30-06-2010,25.19,25.29,25,25.06,21933752,KO
01-07-2010,25.15,25.15,24.74,25.02,26030832,KO
02-07-2010,25.11,25.23,24.92,25.02,16271000,KO
06-07-2010,25.3,25.34,25.01,25.22,18338110,KO
07-07-2010,25.27,25.8,25.15,25.74,23480028,KO
08-07-2010,25.84,26.22,25.78,26.21,21562510,KO
09-07-2010,26.18,26.24,26.04,26.2,12948124,KO
12-07-2010,26.08,26.24,25.98,26.22,10770484,KO
13-07-2010,26.37,26.48,26.3,26.36,13706386,KO
14-07-2010,26.28,26.46,26.21,26.41,12392530,KO
15-07-2010,26.36,26.48,26.16,26.42,14970044,KO
16-07-2010,26.38,26.54,26.1,26.18,19563726,KO
19-07-2010,26.27,26.28,26.02,26.14,11367302,KO
20-07-2010,25.98,26.68,25.96,26.62,19539156,KO
21-07-2010,26.75,27.39,26.64,27.04,36363860,KO
22-07-2010,27,27.34,26.99,27.13,20692084,KO
23-07-2010,27.1,27.42,26.98,27.38,16177386,KO
26-07-2010,27.42,27.49,27.35,27.47,13305652,KO
27-07-2010,27.46,27.62,27.41,27.52,17905418,KO
28-07-2010,27.52,27.6,27.38,27.44,12954744,KO
29-07-2010,27.54,27.65,27.33,27.5,18320380,KO
30-07-2010,27.36,27.64,27.22,27.56,16706866,KO
02-08-2010,27.91,28.24,27.82,28.2,32091200,KO
03-08-2010,28.14,28.26,28.03,28.19,15437568,KO
04-08-2010,28.26,28.35,28.1,28.28,11974328,KO
05-08-2010,28.2,28.21,27.9,28.18,15099606,KO
06-08-2010,28.05,28.4,27.82,28.38,18090686,KO
09-08-2010,28.18,28.7,28.18,28.56,18738224,KO
10-08-2010,28.32,28.7,28.26,28.49,15375830,KO
11-08-2010,28.12,28.38,27.99,28.02,24302420,KO
12-08-2010,27.76,27.94,27.68,27.84,18782706,KO
13-08-2010,27.82,27.99,27.68,27.86,14922038,KO
16-08-2010,27.76,27.96,27.56,27.94,13958358,KO
17-08-2010,28.01,28.21,27.75,28.06,18060422,KO
18-08-2010,28.06,28.06,27.8,27.92,16616946,KO
19-08-2010,27.86,27.86,27.48,27.64,18781268,KO
20-08-2010,27.46,27.72,27.46,27.65,19263164,KO
23-08-2010,27.76,27.94,27.7,27.8,15240174,KO
24-08-2010,27.58,27.97,27.58,27.83,24397810,KO
25-08-2010,27.71,27.86,27.53,27.7,15863032,KO
26-08-2010,27.72,27.76,27.48,27.58,14822034,KO
27-08-2010,27.72,28.1,27.52,28.08,19665484,KO
30-08-2010,28.1,28.12,27.76,27.78,10232744,KO
31-08-2010,27.6,28.02,27.5,27.91,18778176,KO
01-09-2010,28.19,28.66,28.14,28.66,24165986,KO
02-09-2010,28.71,28.71,28.43,28.69,14702092,KO
03-09-2010,28.68,28.8,28.54,28.78,14867618,KO
07-09-2010,28.76,28.9,28.7,28.82,14402614,KO
08-09-2010,28.86,29.1,28.85,28.92,18378706,KO
09-09-2010,29.12,29.24,28.9,29.14,18118380,KO
10-09-2010,29.14,29.32,29,29.26,18445444,KO
13-09-2010,29.24,29.25,28.88,29.02,18025900,KO
14-09-2010,28.92,29.06,28.78,28.8,20986038,KO
15-09-2010,28.68,28.8,28.61,28.71,17402374,KO
16-09-2010,28.7,28.84,28.62,28.76,16577516,KO
17-09-2010,28.82,28.99,28.71,28.78,19977792,KO
20-09-2010,28.81,29,28.78,28.98,14064012,KO
21-09-2010,28.9,29.1,28.82,29.06,14759016,KO
22-09-2010,29.08,29.26,29.05,29.12,14763978,KO
23-09-2010,29.01,29.14,28.86,28.94,12695908,KO
24-09-2010,29.16,29.4,29.12,29.31,13819340,KO
27-09-2010,29.38,29.43,29.28,29.3,10544444,KO
28-09-2010,29.3,29.62,29.18,29.55,19884016,KO
29-09-2010,29.5,29.5,29.21,29.38,15755330,KO
30-09-2010,29.43,29.58,29.12,29.26,15849576,KO
01-10-2010,29.52,29.62,29.26,29.56,16468564,KO
04-10-2010,29.46,29.52,29.28,29.44,11526244,KO
05-10-2010,29.58,29.86,29.5,29.83,20073404,KO
06-10-2010,29.82,29.9,29.68,29.9,14125330,KO
07-10-2010,29.84,29.84,29.6,29.72,14967368,KO
08-10-2010,29.74,29.85,29.53,29.7,16197798,KO
11-10-2010,29.78,29.81,29.66,29.78,12998244,KO
12-10-2010,29.67,29.9,29.67,29.8,16173912,KO
13-10-2010,29.86,29.98,29.83,29.97,24015570,KO
14-10-2010,29.97,29.99,29.84,29.96,14502778,KO
15-10-2010,29.98,29.99,29.87,29.97,19699200,KO
18-10-2010,29.9,30,29.9,30,19674506,KO
19-10-2010,29.98,30.24,29.92,30.17,35058776,KO
20-10-2010,30.18,30.84,30.18,30.58,32412086,KO
21-10-2010,30.5,30.88,30.5,30.74,23312876,KO
22-10-2010,30.74,30.87,30.72,30.8,9535296,KO
25-10-2010,30.64,30.88,30.5,30.5,21228406,KO
26-10-2010,30.4,30.68,30.38,30.62,15506188,KO
27-10-2010,30.51,30.6,30.15,30.6,19038260,KO
28-10-2010,30.64,30.78,30.44,30.6,16543616,KO
29-10-2010,30.58,30.75,30.52,30.66,14240276,KO
01-11-2010,30.68,30.98,30.6,30.86,18001176,KO
02-11-2010,30.9,30.97,30.89,30.93,13215768,KO
03-11-2010,30.92,30.98,30.64,30.98,15692398,KO
04-11-2010,30.97,31.32,30.94,31.22,27486892,KO
05-11-2010,31.21,31.32,31,31.29,16015536,KO
08-11-2010,31.25,31.28,31.15,31.23,11142170,KO
09-11-2010,31.24,31.36,31.18,31.32,16640824,KO
10-11-2010,31.28,31.32,31.15,31.28,18017032,KO
11-11-2010,31.24,31.4,31.18,31.4,16253574,KO
12-11-2010,31.36,31.48,31.2,31.46,20033596,KO
15-11-2010,31.44,31.66,31.41,31.48,22959946,KO
16-11-2010,31.46,31.49,30.91,31.04,23639758,KO
17-11-2010,31.07,31.36,31.05,31.26,16762324,KO
18-11-2010,31.44,31.98,31.42,31.92,41436492,KO
19-11-2010,31.8,32.16,31.78,32.16,40774830,KO
22-11-2010,32.03,32.16,31.79,32.14,33680456,KO
23-11-2010,31.96,32,31.64,31.81,17678204,KO
24-11-2010,31.92,32.32,31.91,32.3,16110846,KO
26-11-2010,32.06,32.18,32,32.06,9017210,KO
29-11-2010,31.78,31.82,31.44,31.7,22400974,KO
30-11-2010,31.48,31.79,31.46,31.58,23550884,KO
01-12-2010,31.97,32.4,31.92,32.35,20951582,KO
02-12-2010,32.32,32.48,32.26,32.45,22773558,KO
03-12-2010,32.4,32.47,32.24,32.25,20685642,KO
06-12-2010,32.18,32.24,32,32,22223596,KO
07-12-2010,32.2,32.28,32.06,32.07,19724846,KO
08-12-2010,32.04,32.22,32.04,32.2,18242994,KO
09-12-2010,32.3,32.46,32.28,32.42,19628072,KO
10-12-2010,32.44,32.45,32.14,32.32,17909264,KO
13-12-2010,32.2,32.48,32.15,32.42,18758408,KO
14-12-2010,32.42,32.44,31.85,31.95,27936784,KO
15-12-2010,31.95,32.48,31.88,32.37,26126542,KO
16-12-2010,32.42,32.72,32.34,32.67,28828048,KO
17-12-2010,32.51,32.88,32.42,32.85,29294110,KO
20-12-2010,32.73,32.87,32.6,32.66,18271358,KO
21-12-2010,32.68,32.8,32.58,32.74,18731210,KO
22-12-2010,32.7,32.8,32.52,32.8,15419708,KO
23-12-2010,32.76,32.94,32.74,32.79,13080664,KO
27-12-2010,32.78,32.78,32.53,32.54,9924480,KO
28-12-2010,32.56,32.72,32.53,32.68,9868470,KO
29-12-2010,32.7,32.83,32.68,32.72,8755776,KO
30-12-2010,32.72,32.8,32.68,32.75,9285696,KO
31-12-2010,32.68,32.9,32.68,32.88,10773350,KO
03-01-2011,32.94,32.94,32.56,32.61,18947000,KO
04-01-2011,32.51,32.6,31.9,31.94,27941600,KO
05-01-2011,31.9,31.98,31.43,31.74,34390410,KO
06-01-2011,31.81,31.83,31.42,31.52,21728464,KO
07-01-2011,31.39,31.5,31.28,31.46,16596904,KO
10-01-2011,31.35,31.6,31.28,31.53,14907694,KO
11-01-2011,31.67,31.71,31.34,31.34,15515432,KO
12-01-2011,31.6,31.68,31.35,31.52,14225056,KO
13-01-2011,31.62,31.93,31.56,31.7,17947478,KO
14-01-2011,31.68,31.68,31.49,31.56,12641914,KO
18-01-2011,31.6,31.87,31.58,31.74,16343860,KO
19-01-2011,31.84,31.96,31.6,31.71,18338222,KO
20-01-2011,31.81,31.94,31.38,31.46,20595310,KO
21-01-2011,31.59,31.6,31.36,31.38,16723780,KO
24-01-2011,31.44,31.64,31.34,31.62,15065014,KO
25-01-2011,31.61,31.66,31.27,31.48,18197208,KO
26-01-2011,31.58,31.64,31.43,31.48,13657504,KO
27-01-2011,31.6,31.6,31.32,31.35,13521192,KO
28-01-2011,31.42,31.64,31.07,31.1,23842280,KO
31-01-2011,31.16,31.42,30.94,31.42,15717762,KO
01-02-2011,31.44,31.66,31.42,31.52,16027920,KO
02-02-2011,31.58,31.74,31.28,31.43,15597650,KO
03-02-2011,31.35,31.49,31.06,31.28,12998252,KO
04-02-2011,31.32,31.43,31.18,31.28,9384868,KO
07-02-2011,31.34,31.34,31.16,31.26,12013636,KO
08-02-2011,31.22,31.46,31.17,31.44,13068724,KO
09-02-2011,32.05,32.38,31.44,31.58,29995010,KO
10-02-2011,31.58,31.77,31.41,31.77,18361340,KO
11-02-2011,31.62,31.83,31.56,31.78,19100346,KO
14-02-2011,31.84,31.88,31.5,31.57,12134926,KO
15-02-2011,31.46,31.61,31.28,31.6,16289718,KO
16-02-2011,31.54,31.74,31.44,31.7,12996334,KO
17-02-2011,31.69,32.36,31.64,32.28,18453794,KO
18-02-2011,32.3,32.32,32.06,32.28,24653846,KO
22-02-2011,31.68,32.14,31.66,31.88,17951354,KO
23-02-2011,31.89,32.17,31.85,31.96,18202888,KO
24-02-2011,32.1,32.18,31.86,31.94,17067158,KO
25-02-2011,31.88,32.2,31.86,32.16,11442250,KO
28-02-2011,32.08,32.24,31.93,31.96,19381912,KO
01-03-2011,32.14,32.62,32.1,32.46,31085498,KO
02-03-2011,32.3,32.41,32.06,32.22,20775892,KO
03-03-2011,32.4,32.94,32.39,32.78,29019586,KO
04-03-2011,32.7,32.78,32.38,32.6,23069086,KO
07-03-2011,32.66,32.87,32.24,32.61,23639374,KO
08-03-2011,32.7,32.92,32.61,32.82,20731104,KO
09-03-2011,32.76,32.84,32.63,32.81,14824760,KO
10-03-2011,32.62,32.77,32.48,32.64,17909514,KO
11-03-2011,32.46,32.56,32.24,32.4,12015330,KO
14-03-2011,32.17,32.3,31.76,31.97,17809200,KO
15-03-2011,31.48,31.64,31.18,31.52,25444292,KO
16-03-2011,31.34,31.44,30.64,30.8,31989090,KO
17-03-2011,31.22,31.4,30.96,31.14,20142648,KO
18-03-2011,31.48,31.65,31.22,31.35,23663556,KO
21-03-2011,31.56,31.93,31.52,31.78,12553622,KO
22-03-2011,31.84,31.88,31.62,31.76,8435582,KO
23-03-2011,31.64,32.26,31.62,32.14,12966340,KO
24-03-2011,32.29,32.54,32.28,32.34,13322426,KO
25-03-2011,32.44,32.7,32.41,32.61,12428898,KO
28-03-2011,32.6,32.74,32.52,32.52,11606628,KO
29-03-2011,32.6,32.86,32.54,32.86,11572294,KO
30-03-2011,32.86,33.24,32.8,33.02,18839690,KO
31-03-2011,32.98,33.42,32.98,33.17,17773156,KO
01-04-2011,33.44,33.74,33.3,33.61,18740142,KO
04-04-2011,33.61,33.9,33.58,33.83,13486752,KO
05-04-2011,33.75,33.88,33.66,33.74,12489690,KO
06-04-2011,33.78,33.91,33.6,33.82,14110278,KO
07-04-2011,33.72,33.88,33.47,33.72,12752802,KO
08-04-2011,33.7,33.82,33.43,33.64,11209412,KO
11-04-2011,33.63,33.92,33.4,33.7,14665396,KO
12-04-2011,33.49,33.56,33.2,33.45,16620366,KO
13-04-2011,33.62,33.74,33.48,33.64,8503558,KO
14-04-2011,33.67,34.24,33.54,34.16,23882432,KO
15-04-2011,34.16,34.18,33.94,34,17519188,KO
18-04-2011,33.78,33.82,33.32,33.66,16113978,KO
19-04-2011,33.6,33.75,33.48,33.54,10709752,KO
20-04-2011,33.94,34.02,33.8,33.92,12838810,KO
21-04-2011,33.94,34.08,33.74,33.94,10977674,KO
25-04-2011,33.98,33.99,33.66,33.87,10712908,KO
26-04-2011,33.32,33.52,32.9,33.46,32710418,KO
27-04-2011,33.68,33.71,33.28,33.5,16872880,KO
28-04-2011,33.47,33.72,33.33,33.7,14086360,KO
29-04-2011,33.78,33.88,33.64,33.73,14824164,KO
02-05-2011,33.88,33.93,33.73,33.86,12518936,KO
03-05-2011,33.86,33.95,33.78,33.94,10547582,KO
04-05-2011,33.93,33.96,33.6,33.73,13548296,KO
05-05-2011,33.85,33.87,33.2,33.35,14220502,KO
06-05-2011,33.72,33.79,33.36,33.45,17059808,KO
09-05-2011,33.43,33.64,33.42,33.48,8886106,KO
10-05-2011,33.5,33.73,33.49,33.67,11120404,KO
11-05-2011,33.64,33.84,33.45,33.66,11221230,KO
12-05-2011,33.68,34.22,33.58,34.16,17104508,KO
13-05-2011,34.14,34.38,34.01,34.09,16000540,KO
16-05-2011,34.05,34.12,33.86,33.92,12362058,KO
17-05-2011,33.86,34.09,33.75,34,13299264,KO
18-05-2011,34,34.18,33.82,34.15,13429020,KO
19-05-2011,34.2,34.35,34,34.23,12971826,KO
20-05-2011,34.16,34.26,33.94,34.15,12977966,KO
23-05-2011,33.8,33.95,33.59,33.74,13237742,KO
24-05-2011,33.83,33.89,33.6,33.74,10881338,KO
25-05-2011,33.64,33.75,33.41,33.46,13136230,KO
26-05-2011,33.37,33.46,33.15,33.35,14878300,KO
27-05-2011,33.44,33.58,33.24,33.26,9097266,KO
31-05-2011,33.47,33.62,33.32,33.4,20293966,KO
01-06-2011,33.3,33.59,33.3,33.38,14883546,KO
02-06-2011,33.32,33.38,32.81,33.02,14269468,KO
03-06-2011,32.64,32.92,32.61,32.76,12937820,KO
06-06-2011,32.76,32.88,32.68,32.71,10442352,KO
07-06-2011,32.76,32.86,32.59,32.6,11534050,KO
08-06-2011,32.62,32.76,32.54,32.7,11752812,KO
09-06-2011,32.72,34.03,32.64,32.94,13112328,KO
10-06-2011,32.84,32.91,32.62,32.7,14003160,KO
13-06-2011,32.55,32.62,32.4,32.56,19081582,KO
14-06-2011,32.7,32.92,32.65,32.8,14044916,KO
15-06-2011,32.7,32.75,32.32,32.48,16378418,KO
16-06-2011,32.48,32.88,32.4,32.74,15543782,KO
17-06-2011,32.94,33.12,32.81,32.81,21341146,KO
20-06-2011,32.68,33.07,32.68,32.92,11091622,KO
21-06-2011,33.06,33.14,32.88,33.13,14264898,KO
22-06-2011,33.14,33.41,33.06,33.2,15714820,KO
23-06-2011,32.96,32.98,32.22,32.49,26468110,KO
24-06-2011,32.54,32.69,32.36,32.46,32073778,KO
27-06-2011,32.42,32.73,32.42,32.6,14778586,KO
28-06-2011,32.76,33.05,32.68,33.02,12932338,KO
29-06-2011,33.1,33.42,33.09,33.36,17035310,KO
30-06-2011,33.49,33.74,33.41,33.64,15594708,KO
01-07-2011,33.51,34.04,33.51,34.04,16486824,KO
05-07-2011,34.04,34.4,34.04,34.15,14782984,KO
06-07-2011,34.16,34.38,34.14,34.26,11486078,KO
07-07-2011,34.41,34.44,34.29,34.38,12424014,KO
08-07-2011,34.18,34.34,34.06,34.34,12671522,KO
11-07-2011,33.88,34.14,33.86,34.05,14152258,KO
12-07-2011,33.98,34.22,33.86,33.92,13351754,KO
13-07-2011,34.08,34.22,33.88,34.03,14687838,KO
14-07-2011,33.98,34.17,33.68,33.84,15011132,KO
15-07-2011,33.92,33.94,33.64,33.76,17492976,KO
18-07-2011,33.63,33.72,33.3,33.56,14792882,KO
19-07-2011,33.85,34.89,33.76,34.66,37415394,KO
20-07-2011,34.62,34.67,34.4,34.44,15833820,KO
21-07-2011,34.41,34.81,34.25,34.67,22085434,KO
22-07-2011,34.78,34.91,34.74,34.86,13326930,KO
25-07-2011,34.56,34.78,34.5,34.63,13155378,KO
26-07-2011,34.68,34.73,34.54,34.6,11830624,KO
27-07-2011,34.38,34.62,34.27,34.34,18677766,KO
28-07-2011,34.32,34.64,34.31,34.4,15270622,KO
29-07-2011,34.18,34.42,33.95,34,20554916,KO
01-08-2011,34.25,34.26,33.52,33.86,17654470,KO
02-08-2011,33.7,33.8,33.54,33.54,18138248,KO
03-08-2011,33.5,34.28,33.48,34.2,28086690,KO
04-08-2011,33.88,34.06,32.87,32.91,32327660,KO
05-08-2011,33.14,33.63,32.52,33.38,43916474,KO
08-08-2011,33.09,33.6,32.22,32.56,65774340,KO
09-08-2011,32.91,33.44,31.8,33.34,43130032,KO
10-08-2011,33.12,33.25,31.85,31.98,38237106,KO
11-08-2011,32,33.66,31.96,33.24,38406726,KO
12-08-2011,33.5,33.88,33.2,33.57,20310232,KO
15-08-2011,33.74,34.21,33.63,34.1,23081498,KO
16-08-2011,33.84,34.24,33.78,34.08,21414640,KO
17-08-2011,34.23,34.68,34.08,34.64,23175822,KO
18-08-2011,34.12,34.47,33.53,33.88,39571598,KO
19-08-2011,33.76,34.14,33.43,33.55,30478432,KO
22-08-2011,34,34.03,33.58,33.64,19656198,KO
23-08-2011,33.74,34.53,33.66,34.53,23951730,KO
24-08-2011,34.42,34.86,34.28,34.84,19475810,KO
25-08-2011,34.8,34.8,33.88,33.98,25319832,KO
26-08-2011,33.96,34.38,33.35,34.25,19849562,KO
29-08-2011,34.48,34.92,34.44,34.86,17660410,KO
30-08-2011,34.89,35.14,34.76,34.93,31681386,KO
31-08-2011,34.94,35.38,34.83,35.22,22322616,KO
01-09-2011,35.04,35.55,34.89,35.22,23529854,KO
02-09-2011,34.86,35,34.75,34.87,17531058,KO
06-09-2011,33.72,34.77,33.7,34.72,25784514,KO
07-09-2011,35,35.42,34.96,35.4,21305340,KO
08-09-2011,35.33,35.88,35.28,35.58,24869232,KO
09-09-2011,35.3,35.32,34.36,34.68,32893096,KO
12-09-2011,34.22,34.77,34.1,34.69,29144062,KO
13-09-2011,34.48,34.66,34.29,34.55,21423010,KO
14-09-2011,34.67,35.25,34.27,34.88,22250224,KO
15-09-2011,34.96,35.51,34.92,35.51,21186248,KO
16-09-2011,35.69,35.84,35.51,35.62,34621936,KO
19-09-2011,35.04,35.34,34.98,35.24,28571958,KO
20-09-2011,35.4,35.74,35.26,35.32,18314132,KO
21-09-2011,35.42,35.54,34.64,34.64,23531486,KO
22-09-2011,33.68,34.08,33.31,33.91,36341408,KO
23-09-2011,33.68,33.86,33.44,33.71,24284330,KO
26-09-2011,34,34.44,33.83,34.38,24008040,KO
27-09-2011,35.06,35.2,34.64,34.78,22249362,KO
28-09-2011,34.91,35.08,33.94,34.03,19032068,KO
29-09-2011,34.46,34.82,34.09,34.52,21372600,KO
30-09-2011,34.22,34.55,33.78,33.78,25028244,KO
03-10-2011,33.3,33.46,32.56,32.71,38471052,KO
04-10-2011,32.4,32.72,31.67,32.62,30828574,KO
05-10-2011,32.74,32.8,32.28,32.76,23037882,KO
06-10-2011,32.98,33,32.22,32.7,25205328,KO
07-10-2011,33.26,33.26,32.7,32.95,18857762,KO
10-10-2011,33.28,33.46,33,33.45,12356430,KO
11-10-2011,33.36,33.6,33.3,33.4,11160806,KO
12-10-2011,33.62,33.98,33.4,33.74,17549604,KO
13-10-2011,33.66,33.79,33.44,33.7,12909314,KO
14-10-2011,34.1,34.1,33.68,33.92,13506830,KO
17-10-2011,33.91,33.92,33.41,33.5,20233926,KO
18-10-2011,33.62,33.74,33.2,33.37,23650928,KO
19-10-2011,33.5,33.91,33.44,33.52,15389260,KO
20-10-2011,33.74,33.79,33.29,33.56,13323888,KO
21-10-2011,33.97,34.16,33.73,34.1,23150490,KO
24-10-2011,34.2,34.32,33.8,33.94,13609126,KO
25-10-2011,33.96,33.96,33.4,33.48,14228088,KO
26-10-2011,33.64,33.77,33.2,33.74,16041184,KO
27-10-2011,34.46,34.54,34.05,34.28,26706134,KO
28-10-2011,34.26,34.49,34.2,34.46,17307346,KO
31-10-2011,34.32,34.52,34.14,34.16,18998506,KO
01-11-2011,33.56,33.75,33.39,33.52,23694194,KO
02-11-2011,33.71,34.03,33.68,33.88,14538810,KO
03-11-2011,34.05,34.41,34,34.32,17363244,KO
04-11-2011,33.98,34.08,33.64,33.89,15177222,KO
07-11-2011,33.83,34.14,33.64,34.1,12514664,KO
08-11-2011,34.14,34.36,33.9,34.32,12063456,KO
09-11-2011,33.92,34,33.43,33.52,18243280,KO
10-11-2011,33.8,33.88,33.46,33.7,16201668,KO
11-11-2011,33.98,34.3,33.98,34.06,12882744,KO
14-11-2011,33.9,33.98,33.71,33.9,9429222,KO
15-11-2011,33.89,34.22,33.74,34,12217562,KO
16-11-2011,33.84,33.9,33.46,33.5,17783120,KO
17-11-2011,33.47,33.7,33.05,33.31,17467200,KO
18-11-2011,33.6,33.86,33.45,33.7,18688320,KO
21-11-2011,33.34,33.44,32.7,32.98,18588166,KO
22-11-2011,32.8,33.18,32.77,32.98,11787900,KO
23-11-2011,32.73,32.75,32.4,32.44,14089562,KO
25-11-2011,32.58,32.68,32.37,32.37,7572602,KO
28-11-2011,32.63,32.88,32.38,32.58,21318096,KO
29-11-2011,32.58,33.25,32.5,33.1,21656612,KO
30-11-2011,33.67,33.98,33.36,33.62,25300262,KO
01-12-2011,33.5,33.79,33.34,33.42,15428922,KO
02-12-2011,33.73,33.78,33.08,33.19,21170646,KO
05-12-2011,33.47,33.6,32.94,33.16,17955346,KO
06-12-2011,33.24,33.51,33.07,33.34,16731142,KO
07-12-2011,33.28,33.54,33.1,33.39,16837600,KO
08-12-2011,33.35,33.62,33.28,33.36,16118468,KO
09-12-2011,33.56,33.88,33.46,33.78,18298418,KO
12-12-2011,33.63,33.75,33.16,33.44,13380092,KO
13-12-2011,33.54,33.64,33.14,33.24,14281778,KO
14-12-2011,33.12,33.46,33.03,33.13,15762016,KO
15-12-2011,33.46,33.7,33.4,33.44,13474480,KO
16-12-2011,33.74,33.86,33.63,33.72,23957038,KO
19-12-2011,33.73,33.94,33.61,33.68,11775292,KO
20-12-2011,33.94,34.32,33.92,34.2,15930948,KO
21-12-2011,34.26,34.9,34.16,34.78,18730402,KO
22-12-2011,34.67,34.8,34.44,34.6,15586948,KO
23-12-2011,34.62,34.98,34.6,34.97,9255170,KO
27-12-2011,34.9,35.1,34.9,34.94,10099926,KO
28-12-2011,34.91,35.02,34.7,34.76,8209876,KO
29-12-2011,34.8,35.1,34.76,35.08,8733998,KO
30-12-2011,35,35.14,34.98,34.98,7862614,KO
03-01-2012,35.08,35.36,35.05,35.07,15639732,KO
04-01-2012,34.96,35.04,34.75,34.85,14239030,KO
05-01-2012,34.88,34.93,34.68,34.68,14287550,KO
06-01-2012,34.74,34.81,34.31,34.46,13646430,KO
09-01-2012,34.5,34.58,34.4,34.46,10522724,KO
10-01-2012,34.74,34.76,34.56,34.67,12964298,KO
11-01-2012,34.18,34.38,33.78,34.03,23428896,KO
12-01-2012,34.21,34.25,33.68,33.78,15238274,KO
13-01-2012,33.67,33.72,33.28,33.5,19992932,KO
17-01-2012,33.87,33.94,33.66,33.68,15576930,KO
18-01-2012,33.73,33.91,33.59,33.8,13288832,KO
19-01-2012,33.82,33.87,33.63,33.72,13544804,KO
20-01-2012,33.77,34.06,33.7,34.04,19171992,KO
23-01-2012,34,34.31,33.96,34.26,13803050,KO
24-01-2012,34.08,34.25,33.86,33.95,14751848,KO
25-01-2012,33.96,34.25,33.77,34.22,14475908,KO
26-01-2012,34.31,34.31,33.88,34,14721234,KO
27-01-2012,33.96,34.07,33.62,33.72,16825360,KO
30-01-2012,33.64,33.78,33.52,33.73,10591592,KO
31-01-2012,33.99,33.99,33.59,33.76,13544318,KO
01-02-2012,33.94,34.17,33.9,33.92,14918750,KO
02-02-2012,34.04,34.12,33.88,33.92,13150292,KO
03-02-2012,34.13,34.24,33.92,34.04,16556194,KO
06-02-2012,33.92,34.12,33.85,34.02,14591826,KO
07-02-2012,34.04,34.72,33.82,34.28,24270922,KO
08-02-2012,34.42,34.42,34.1,34.16,16428362,KO
09-02-2012,34.18,34.2,33.88,33.98,16312730,KO
10-02-2012,33.76,33.97,33.71,33.97,10996762,KO
13-02-2012,34.21,34.3,33.97,34.22,11090926,KO
14-02-2012,34.24,34.46,34.05,34.45,12595942,KO
15-02-2012,34.62,34.62,34.12,34.2,14778568,KO
16-02-2012,34.3,34.5,34.21,34.43,11751820,KO
17-02-2012,34.54,34.58,34.3,34.52,14841646,KO
21-02-2012,34.44,34.52,34.25,34.41,13428482,KO
22-02-2012,34.3,34.67,34.3,34.62,13766522,KO
23-02-2012,34.54,34.65,34.46,34.59,11119988,KO
24-02-2012,34.68,34.75,34.42,34.5,12485304,KO
27-02-2012,34.34,34.5,34.26,34.42,12086118,KO
28-02-2012,34.48,34.55,34.4,34.42,9049588,KO
29-02-2012,34.45,34.99,34.45,34.93,23467180,KO
01-03-2012,34.94,34.98,34.7,34.8,15299320,KO
02-03-2012,34.7,34.8,34.48,34.59,11996234,KO
05-03-2012,34.51,34.67,34.5,34.62,10338482,KO
06-03-2012,34.41,34.54,34.32,34.38,13161968,KO
07-03-2012,34.38,34.47,34.25,34.4,10936676,KO
08-03-2012,34.59,34.75,34.55,34.64,33754766,KO
09-03-2012,34.72,34.87,34.66,34.76,36742432,KO
12-03-2012,34.74,35.17,34.67,35.08,18146946,KO
13-03-2012,34.76,35.14,34.76,35.12,18067852,KO
14-03-2012,35.13,35.31,35.05,35.11,12917810,KO
15-03-2012,35.14,35.17,34.89,35.16,17991302,KO
16-03-2012,35.19,35.23,34.94,35.08,22899238,KO
19-03-2012,35.1,35.26,35,35.2,10652228,KO
20-03-2012,35.02,35.38,34.96,35.3,10180276,KO
21-03-2012,35.24,35.7,35.18,35.56,19870672,KO
22-03-2012,35.5,35.79,35.47,35.71,14253058,KO
23-03-2012,35.7,35.8,35.64,35.74,16206890,KO
26-03-2012,35.87,35.95,35.8,35.95,11536568,KO
27-03-2012,35.91,35.99,35.82,35.94,11430326,KO
28-03-2012,35.98,36.41,35.95,36.33,26260640,KO
29-03-2012,36.18,37.2,36.14,36.9,41063966,KO
30-03-2012,36.81,37.07,36.66,37,26560698,KO
02-04-2012,36.92,37.1,36.82,37.07,14578978,KO
03-04-2012,36.84,37.04,36.73,36.88,12989968,KO
04-04-2012,36.64,36.8,36.61,36.73,12487378,KO
05-04-2012,36.64,36.76,36.54,36.74,11531538,KO
09-04-2012,36.48,36.56,36.37,36.44,9806688,KO
10-04-2012,36.29,36.31,35.98,36.01,17290436,KO
11-04-2012,36.22,36.24,35.92,36.06,12034198,KO
12-04-2012,36.08,36.13,35.91,36.11,10640440,KO
13-04-2012,36.11,36.3,35.97,35.97,10525550,KO
16-04-2012,36.11,36.4,36.07,36.22,14148138,KO
17-04-2012,36.59,37.24,36.59,36.98,22614624,KO
18-04-2012,36.91,37.18,36.86,37.08,11779692,KO
19-04-2012,37.14,37.17,36.71,36.91,10731492,KO
20-04-2012,36.98,37.18,36.87,37.06,13460876,KO
23-04-2012,36.99,37.04,36.66,36.84,10474160,KO
24-04-2012,36.96,37.18,36.86,37.06,10296204,KO
25-04-2012,37.27,37.52,37.16,37.46,18597574,KO
26-04-2012,37.48,37.98,37.41,37.86,16782266,KO
27-04-2012,37.98,38.91,37.96,38.32,23702214,KO
30-04-2012,38.21,38.45,37.96,38.16,26521134,KO
01-05-2012,38.27,38.5,38.14,38.46,13842292,KO
02-05-2012,38.37,38.62,38.32,38.58,16559324,KO
03-05-2012,38.68,38.82,38.6,38.72,15611992,KO
04-05-2012,38.66,38.8,38.48,38.5,13160678,KO
07-05-2012,38.48,38.72,38.42,38.64,8965336,KO
08-05-2012,38.5,38.64,38.31,38.57,10579522,KO
09-05-2012,38.3,38.6,38.24,38.39,14081908,KO
10-05-2012,38.6,38.85,38.6,38.7,12665306,KO
11-05-2012,38.6,38.87,38.6,38.74,10603818,KO
14-05-2012,38.56,38.62,38.31,38.44,15411682,KO
15-05-2012,38.28,38.58,38.13,38.28,16398074,KO
16-05-2012,38.33,38.42,37.96,38.16,17804660,KO
17-05-2012,38.08,38.15,37.5,37.56,22311370,KO
18-05-2012,37.62,37.64,36.74,37.02,31913452,KO
21-05-2012,37.1,37.3,37.06,37.26,13489370,KO
22-05-2012,37.29,37.29,36.96,37.1,15260600,KO
23-05-2012,37,37.28,36.91,37.28,18008700,KO
24-05-2012,37.4,37.92,37.3,37.78,20204652,KO
25-05-2012,37.81,37.84,37.5,37.62,8999416,KO
29-05-2012,37.86,37.86,37.53,37.73,10533760,KO
30-05-2012,37.54,37.62,37.41,37.53,13884618,KO
31-05-2012,37.48,37.61,37.33,37.36,15157598,KO
01-06-2012,37,37.22,36.5,36.54,20844544,KO
04-06-2012,36.52,36.87,36.28,36.82,13397714,KO
05-06-2012,36.66,36.82,36.52,36.62,12275438,KO
06-06-2012,36.7,37.3,36.65,37.3,12496370,KO
07-06-2012,37.5,37.53,37.1,37.14,14342938,KO
08-06-2012,37.08,37.68,37.08,37.62,11595488,KO
11-06-2012,37.86,37.89,37.31,37.33,10659204,KO
12-06-2012,37.49,37.62,37.17,37.6,11911082,KO
13-06-2012,37.3,37.56,37.24,37.34,9376072,KO
14-06-2012,37.4,38,37.35,37.87,13945348,KO
15-06-2012,38.06,38.1,37.71,38.04,19760800,KO
18-06-2012,37.98,38.21,37.88,37.99,10457618,KO
19-06-2012,38.12,38.12,37.83,37.87,11115296,KO
20-06-2012,37.84,37.87,37.42,37.78,14707038,KO
21-06-2012,37.9,38,37.31,37.34,12803840,KO
22-06-2012,37.48,37.65,37.43,37.47,15268262,KO
25-06-2012,37.23,37.42,37.08,37.38,9734284,KO
26-06-2012,37.5,37.68,37.1,37.54,11859342,KO
27-06-2012,37.62,38.24,37.62,38.17,13644262,KO
28-06-2012,38.05,38.34,37.84,38.28,10891102,KO
29-06-2012,38.56,39.1,38.54,39.1,18521476,KO
02-07-2012,39.05,39.5,39,39.46,13352042,KO
03-07-2012,39.44,39.68,39.36,39.58,7343284,KO
05-07-2012,39.51,39.57,39.1,39.22,10546314,KO
06-07-2012,39.01,39.14,38.92,39.08,10036316,KO
09-07-2012,39.03,39.1,38.86,38.99,8615428,KO
10-07-2012,39.26,39.27,38.91,38.99,11583810,KO
11-07-2012,38.95,38.98,38.58,38.73,13645906,KO
12-07-2012,38.52,38.64,38.26,38.32,19112140,KO
13-07-2012,38.32,38.8,38.17,38.64,13307418,KO
16-07-2012,38.55,38.7,38.1,38.24,17580328,KO
17-07-2012,39.03,39.33,38.38,38.84,21209998,KO
18-07-2012,38.82,38.84,38.41,38.72,13851912,KO
19-07-2012,38.76,38.8,38.25,38.78,18052112,KO
20-07-2012,38.64,38.68,38.4,38.52,16437528,KO
23-07-2012,38.28,38.5,38.18,38.44,10656006,KO
24-07-2012,38.45,38.48,38.05,38.33,10445926,KO
25-07-2012,38.48,38.61,38.36,38.51,9021236,KO
26-07-2012,38.85,39.46,38.85,39.42,14144474,KO
27-07-2012,39.52,40.12,39.45,40,17824998,KO
30-07-2012,39.88,40.58,39.78,40.56,15947768,KO
31-07-2012,40.35,40.66,40.2,40.4,16333784,KO
01-08-2012,40.48,40.62,40.3,40.5,12955904,KO
02-08-2012,40.36,40.5,39.76,39.88,13393086,KO
03-08-2012,40.1,40.5,40,40.42,11834080,KO
06-08-2012,40.5,40.62,40.31,40.32,9179256,KO
07-08-2012,40.42,40.49,39.88,39.88,12782740,KO
08-08-2012,39.86,40,39.68,39.78,8790122,KO
09-08-2012,39.74,39.89,39.42,39.62,9583926,KO
10-08-2012,39.58,39.6,39.3,39.4,20288766,KO
13-08-2012,39.15,39.39,39.05,39.3,8898145,KO
14-08-2012,39.6,39.67,39.25,39.38,10843276,KO
15-08-2012,39.42,39.55,39.23,39.35,7692619,KO
16-08-2012,39.4,39.63,39.31,39.55,8825078,KO
17-08-2012,39.66,39.73,39.27,39.53,10541000,KO
20-08-2012,39.54,39.59,39.26,39.47,9213087,KO
21-08-2012,39.41,39.69,39.23,39.26,8329064,KO
22-08-2012,39.14,39.25,38.69,38.77,13482367,KO
23-08-2012,38.81,38.84,38.02,38.11,14973650,KO
24-08-2012,38.07,38.55,38.07,38.47,9317730,KO
27-08-2012,38.56,38.56,38.12,38.17,9589801,KO
28-08-2012,38.14,38.32,37.77,38,16149003,KO
29-08-2012,38.05,38.05,37.38,37.46,23436918,KO
30-08-2012,37.38,37.63,37.13,37.14,17041897,KO
31-08-2012,37.41,37.58,37.15,37.4,20711518,KO
04-09-2012,37.52,37.59,37.22,37.28,17300819,KO
05-09-2012,37.36,37.62,37.11,37.51,20839147,KO
06-09-2012,37.78,38.3,37.7,38.15,19853443,KO
07-09-2012,38.38,38.5,37.74,37.9,16393193,KO
10-09-2012,37.96,37.98,37.59,37.66,18218704,KO
11-09-2012,37.63,37.83,37.56,37.77,16506229,KO
12-09-2012,37.79,37.83,37.51,37.55,14633783,KO
13-09-2012,37.73,38.49,37.61,38.35,23803484,KO
14-09-2012,38.55,38.55,38.01,38.12,25093649,KO
17-09-2012,38.16,38.38,38.03,38.35,23594470,KO
18-09-2012,38.38,39,38.3,38.62,24374217,KO
19-09-2012,38.66,38.81,38.41,38.52,26277357,KO
20-09-2012,38.39,38.87,38.38,38.64,26963339,KO
21-09-2012,38.73,38.74,37.88,38.03,98988831,KO
24-09-2012,37.81,38.24,37.81,38.12,21901914,KO
25-09-2012,38.21,38.27,37.66,37.68,20299109,KO
26-09-2012,37.78,38.19,37.74,37.76,16677902,KO
27-09-2012,38.06,38.35,37.9,38.31,15176376,KO
28-09-2012,38.17,38.22,37.9,37.93,22723426,KO
01-10-2012,38.16,38.6,38.15,38.38,16673796,KO
02-10-2012,38.56,38.69,38.11,38.34,10277169,KO
03-10-2012,38.32,38.52,38.14,38.24,13637519,KO
04-10-2012,38.46,38.55,38.19,38.33,9654464,KO
05-10-2012,38.49,38.6,38.25,38.58,12287893,KO
08-10-2012,38.54,38.68,38.44,38.58,9434512,KO
09-10-2012,38.5,38.83,38.46,38.56,13078850,KO
10-10-2012,38.65,38.73,38.05,38.09,13755026,KO
11-10-2012,38.2,38.28,38.02,38.11,10843749,KO
12-10-2012,38.26,38.39,38.11,38.23,12061961,KO
15-10-2012,38.09,38.25,38.01,38.13,13785047,KO
16-10-2012,38.18,38.22,37.44,37.9,25813326,KO
17-10-2012,38.06,38.14,37.7,37.74,15449577,KO
18-10-2012,37.76,38.07,37.46,37.84,23064508,KO
19-10-2012,37.93,37.94,37.4,37.4,19867589,KO
22-10-2012,37.37,37.48,36.96,37.23,13342577,KO
23-10-2012,36.96,36.98,36.54,36.61,13287371,KO
24-10-2012,36.6,37.04,36.6,36.88,13531429,KO
25-10-2012,37,37.19,36.85,37.09,10457860,KO
26-10-2012,37.12,37.26,36.78,37.04,11896560,KO
31-10-2012,37.16,37.41,36.92,37.18,11643477,KO
01-11-2012,37.15,37.56,37.15,37.33,10622251,KO
02-11-2012,37.58,37.65,37,37.08,11237632,KO
05-11-2012,36.95,36.99,36.63,36.77,12140355,KO
06-11-2012,36.92,37.48,36.86,37.42,11448519,KO
07-11-2012,37.28,37.39,36.4,36.72,16744925,KO
08-11-2012,36.65,37.11,36.36,36.36,12921839,KO
09-11-2012,36.05,36.52,36.05,36.29,11520285,KO
12-11-2012,36.29,36.29,35.98,36.08,10170595,KO
13-11-2012,36.03,36.56,35.98,36.16,12111137,KO
14-11-2012,36.19,36.36,35.86,36.01,13509193,KO
15-11-2012,35.9,36.48,35.86,36.43,17644599,KO
16-11-2012,36.49,36.65,36.27,36.56,15625197,KO
19-11-2012,36.85,37.29,36.81,37.24,14076154,KO
20-11-2012,37.23,37.27,36.85,37.25,12278571,KO
21-11-2012,37.33,37.47,37.22,37.39,8631306,KO
23-11-2012,37.55,37.95,37.49,37.93,5365418,KO
26-11-2012,37.58,37.78,37.23,37.36,13218886,KO
27-11-2012,37.44,37.79,37.34,37.42,11873691,KO
28-11-2012,37.06,37.57,36.8,37.56,14846888,KO
29-11-2012,37.68,37.97,37.5,37.97,12434397,KO
30-11-2012,37.94,37.98,37.66,37.92,13043803,KO
03-12-2012,37.9,37.94,37.33,37.38,12865790,KO
04-12-2012,37.31,37.5,37.14,37.15,11794140,KO
05-12-2012,37.2,37.5,37.08,37.31,14561351,KO
06-12-2012,37.34,37.44,37.3,37.38,8976877,KO
07-12-2012,37.44,37.74,37.39,37.71,10654686,KO
10-12-2012,37.7,37.78,37.51,37.64,8603236,KO
11-12-2012,37.63,37.99,37.58,37.86,10675145,KO
12-12-2012,37.89,37.93,37.5,37.64,14682038,KO
13-12-2012,37.7,37.79,37.53,37.6,11442047,KO
14-12-2012,37.52,37.77,37.5,37.66,11800897,KO
17-12-2012,37.79,37.82,37.38,37.5,17597425,KO
18-12-2012,37.53,37.7,37.13,37.28,17954012,KO
19-12-2012,37.25,37.29,36.77,36.78,17991829,KO
20-12-2012,36.69,37.1,36.65,37.05,16184981,KO
21-12-2012,37,37.19,36.53,36.89,27946979,KO
24-12-2012,36.72,36.8,36.57,36.73,4851746,KO
26-12-2012,36.7,36.8,36.24,36.42,9982068,KO
27-12-2012,36.35,36.55,36.2,36.42,11380520,KO
28-12-2012,36.22,36.42,35.95,35.97,14058048,KO
31-12-2012,35.88,36.28,35.58,36.25,15656007,KO
02-01-2013,36.99,37.6,36.66,37.6,21877247,KO
03-01-2013,37.45,37.6,37.11,37.6,16357984,KO
04-01-2013,37.65,37.87,37.52,37.66,15311842,KO
07-01-2013,37.52,37.52,37.1,37.3,14610536,KO
08-01-2013,37.19,37.28,36.91,37.04,14328026,KO
09-01-2013,37.2,37.2,36.83,37.03,10563740,KO
10-01-2013,37.12,37.17,36.76,36.96,15604072,KO
11-01-2013,36.84,36.94,36.52,36.91,15644756,KO
14-01-2013,36.95,37.11,36.8,36.99,11001439,KO
15-01-2013,36.99,37.43,36.8,37.32,12721576,KO
16-01-2013,37.21,37.42,37.12,37.32,9168529,KO
17-01-2013,37.43,37.66,37.33,37.51,12122702,KO
18-01-2013,37.49,37.71,37.3,37.7,14060897,KO
22-01-2013,37.74,37.74,37.05,37.13,21250177,KO
23-01-2013,37.08,37.26,37.04,37.13,13575362,KO
24-01-2013,37.2,37.25,37,37.11,13259031,KO
25-01-2013,37.18,37.25,36.91,37.05,14041641,KO
28-01-2013,37.07,37.11,36.86,37.01,13388625,KO
29-01-2013,36.88,37.57,36.86,37.42,17708686,KO
30-01-2013,37.4,37.61,37.32,37.5,13220456,KO
31-01-2013,37.53,37.53,37.11,37.24,12973749,KO
01-02-2013,37.54,37.71,37.37,37.54,11939265,KO
04-02-2013,37.48,37.58,37.3,37.35,9456531,KO
05-02-2013,37.56,38.16,37.56,38.14,17897284,KO
06-02-2013,38.13,38.43,38,38.31,16823833,KO
07-02-2013,38.42,39.06,38.35,38.91,18806978,KO
08-02-2013,38.85,38.94,38.6,38.77,12308001,KO
11-02-2013,38.71,38.83,38.41,38.61,12159872,KO
12-02-2013,38.11,38.16,37.28,37.56,30700731,KO
13-02-2013,37.67,37.94,37.01,37.21,19945753,KO
14-02-2013,37.24,37.51,36.7,36.84,22749090,KO
15-02-2013,36.94,37.42,36.54,37.42,25216374,KO
19-02-2013,37.51,37.77,37.46,37.67,14851051,KO
20-02-2013,37.7,37.88,37.41,37.73,12949360,KO
21-02-2013,37.62,37.79,37.43,37.71,14137170,KO
22-02-2013,37.76,38.52,37.71,38.52,20102895,KO
25-02-2013,38.56,38.72,37.72,37.72,15880343,KO
26-02-2013,37.95,38.19,37.78,38.11,15771057,KO
27-02-2013,38.03,38.54,37.92,38.45,14277317,KO
28-02-2013,38.47,38.97,38.42,38.72,19011794,KO
01-03-2013,38.49,38.79,38.49,38.7,13727554,KO
04-03-2013,38.6,38.82,38.45,38.82,9934533,KO
05-03-2013,38.98,39,38.56,38.68,13244475,KO
06-03-2013,38.8,39.04,38.7,39.02,11655103,KO
07-03-2013,39.04,39.19,38.84,39.12,15104996,KO
08-03-2013,39.17,39.42,39.03,39.22,11187262,KO
11-03-2013,39.2,39.38,39.18,39.31,9201701,KO
12-03-2013,39.28,39.31,38.8,38.96,11375868,KO
13-03-2013,38.82,38.87,38.55,38.59,14358871,KO
14-03-2013,38.82,39.12,38.66,39.02,14574170,KO
15-03-2013,38.82,38.94,38.66,38.83,20808695,KO
18-03-2013,38.61,38.94,38.57,38.76,11480329,KO
19-03-2013,38.92,39.4,38.82,39.33,15193142,KO
20-03-2013,39.4,39.92,39.36,39.87,19272460,KO
21-03-2013,39.85,40.43,39.76,40.07,23063866,KO
22-03-2013,39.98,40.28,39.89,40.04,16128824,KO
25-03-2013,40.11,40.25,39.96,40.12,15718886,KO
26-03-2013,40.13,40.7,40.13,40.69,13666691,KO
27-03-2013,40.45,40.54,40.06,40.22,14562180,KO
28-03-2013,40.38,40.6,40.02,40.44,14227403,KO
01-04-2013,40.39,40.49,40.17,40.45,8202005,KO
02-04-2013,40.43,40.9,40.42,40.72,13359176,KO
03-04-2013,40.78,40.82,40.08,40.17,13639274,KO
04-04-2013,40.27,40.59,40.2,40.54,11437125,KO
05-04-2013,40.21,40.36,40.01,40.08,10731445,KO
08-04-2013,40.04,40.87,39.77,40.86,22758507,KO
09-04-2013,40.81,41.13,40.51,40.71,21057905,KO
10-04-2013,40.78,41.17,40.71,41.07,9705033,KO
11-04-2013,41.13,41.41,41.06,41.18,10962497,KO
12-04-2013,40.91,41.11,40.68,41.08,10394706,KO
15-04-2013,40.85,40.99,40.05,40.09,16050923,KO
16-04-2013,41.4,42.48,41.25,42.37,32147487,KO
17-04-2013,42.14,42.7,42.03,42.55,24209833,KO
18-04-2013,42.48,42.65,42.09,42.1,16034117,KO
19-04-2013,42.28,42.77,42.2,42.66,13886657,KO
22-04-2013,42.52,42.85,42.4,42.72,10552646,KO
23-04-2013,42.78,42.96,42.26,42.7,11224304,KO
24-04-2013,42.64,42.9,42.1,42.15,11370081,KO
25-04-2013,42.26,42.54,42.08,42.35,10197008,KO
26-04-2013,42.18,42.43,42.09,42.1,15164860,KO
29-04-2013,42.24,42.29,41.92,42.24,11326618,KO
30-04-2013,42.15,42.39,41.88,42.33,13447669,KO
01-05-2013,42.15,42.56,42.14,42.21,8711164,KO
02-05-2013,41.66,42.16,41.49,41.96,18717641,KO
03-05-2013,42.17,42.42,41.96,42.24,11758220,KO
06-05-2013,42.29,42.29,41.87,42.08,9358529,KO
07-05-2013,42.21,42.71,42.15,42.7,13786613,KO
08-05-2013,42.54,42.68,42.16,42.46,12636375,KO
09-05-2013,42.51,42.56,42,42.12,10114077,KO
10-05-2013,42.11,42.24,41.85,42.15,9927794,KO
13-05-2013,42.14,42.44,42,42.19,9290908,KO
14-05-2013,42.18,42.67,42.01,42.52,13027556,KO
15-05-2013,42.5,43.1,42.39,42.92,12306770,KO
16-05-2013,42.91,43.43,42.79,43.09,12330856,KO
17-05-2013,43.05,43.13,42.56,42.97,12615057,KO
20-05-2013,42.95,42.95,42.3,42.38,9966285,KO
21-05-2013,42.48,42.56,42.07,42.34,9150320,KO
22-05-2013,42.28,42.86,42.04,42.25,13616827,KO
23-05-2013,41.93,42.07,41.56,41.93,10934347,KO
24-05-2013,41.54,42.37,41.5,42.24,11542056,KO
28-05-2013,42.6,43.05,42.4,42.55,14412976,KO
29-05-2013,42.34,42.43,41.31,41.4,16987135,KO
30-05-2013,41.49,41.6,40.75,40.77,20876731,KO
31-05-2013,40.65,40.77,39.99,39.99,26204079,KO
03-06-2013,39.95,40.84,39.63,40.81,16581194,KO
04-06-2013,41.59,41.72,40.95,41.42,19241140,KO
05-06-2013,41.4,41.4,40.6,40.65,16429238,KO
06-06-2013,40.55,40.79,40.31,40.79,11171674,KO
07-06-2013,41.2,41.73,40.98,41.41,14460573,KO
10-06-2013,41.5,41.52,41.04,41.18,11247680,KO
11-06-2013,40.88,40.98,40.4,40.79,16476072,KO
12-06-2013,40.79,40.94,40.28,40.39,11611590,KO
13-06-2013,40.31,40.48,39.68,40.41,17866680,KO
14-06-2013,40.38,40.79,40.26,40.34,13583058,KO
17-06-2013,40.54,40.91,40.4,40.68,12411010,KO
18-06-2013,40.7,41,40.57,40.93,9893068,KO
19-06-2013,41.01,41.44,40.41,40.41,16936295,KO
20-06-2013,40.27,40.35,38.97,39.13,24902453,KO
21-06-2013,39.63,39.97,39.3,39.76,21941399,KO
24-06-2013,39.45,40.01,39.13,39.53,16437055,KO
25-06-2013,39.82,39.92,39.44,39.72,12945437,KO
26-06-2013,40.08,40.48,40.06,40.33,13857725,KO
27-06-2013,40.65,40.88,40.24,40.26,11461350,KO
28-06-2013,40.25,40.44,40.1,40.11,16319518,KO
01-07-2013,40.5,40.92,40.36,40.46,10754583,KO
02-07-2013,40.47,40.74,40.18,40.37,12248784,KO
03-07-2013,40.24,40.56,40.03,40.49,5264817,KO
05-07-2013,40.72,40.8,40.15,40.52,10402250,KO
08-07-2013,40.65,40.76,40.42,40.54,9936974,KO
09-07-2013,40.86,41.07,40.72,40.83,8762106,KO
10-07-2013,40.92,40.96,40.53,40.68,9541546,KO
11-07-2013,41,41.15,40.74,41.03,13489716,KO
12-07-2013,41.03,41.13,40.73,41.03,10686347,KO
15-07-2013,41.05,41.25,40.93,41.01,11423360,KO
16-07-2013,39.78,40.5,39.5,40.23,33581325,KO
17-07-2013,40.55,40.98,40.31,40.84,18516852,KO
18-07-2013,40.86,41.07,40.74,40.81,9708855,KO
19-07-2013,40.88,41.1,40.79,41.09,11408605,KO
22-07-2013,41.08,41.14,40.76,40.84,9427675,KO
23-07-2013,40.95,41.13,40.79,40.96,9405642,KO
24-07-2013,41.12,41.13,40.75,40.86,10512444,KO
25-07-2013,40.81,40.88,40.48,40.84,9148367,KO
26-07-2013,40.65,40.65,40.01,40.64,12279650,KO
29-07-2013,40.61,40.68,40.26,40.28,10132339,KO
30-07-2013,40.42,40.73,40.25,40.32,10769816,KO
31-07-2013,40.41,40.58,40.06,40.08,13557988,KO
01-08-2013,40.4,40.75,40.4,40.57,12001513,KO
02-08-2013,40.03,40.41,39.92,40.22,25516983,KO
05-08-2013,40.18,40.47,40.18,40.29,9933155,KO
06-08-2013,40.23,40.43,40.06,40.37,8646231,KO
07-08-2013,40.31,40.33,40.06,40.15,9306078,KO
08-08-2013,40.3,40.36,40.02,40.2,9481129,KO
09-08-2013,40.25,40.32,40.05,40.16,9021737,KO
12-08-2013,40.04,40.1,39.71,39.83,13970568,KO
13-08-2013,39.93,40.05,39.5,39.65,13548896,KO
14-08-2013,39.59,39.68,39.35,39.53,13793185,KO
15-08-2013,39.3,39.4,39.02,39.09,14229747,KO
16-08-2013,39.03,39.18,38.71,39.05,20570070,KO
19-08-2013,39.05,39.09,38.69,38.78,11920345,KO
20-08-2013,38.85,39.14,38.65,38.65,10238163,KO
21-08-2013,38.63,38.7,38.25,38.28,15800303,KO
22-08-2013,38.32,38.52,38.1,38.31,10309257,KO
23-08-2013,38.61,38.61,38.37,38.52,11303083,KO
26-08-2013,38.6,38.6,38.11,38.12,12740595,KO
27-08-2013,37.98,38.24,37.8,38.15,16742431,KO
28-08-2013,38.06,38.53,38.05,38.35,19245419,KO
29-08-2013,38.47,38.47,38.1,38.1,14217637,KO
30-08-2013,38.16,38.28,38,38.18,14296781,KO
03-09-2013,38.27,38.4,37.8,37.9,19069017,KO
04-09-2013,37.88,38.73,37.81,38.54,19144161,KO
05-09-2013,38.63,38.69,38.06,38.24,14291080,KO
06-09-2013,38.38,38.62,38.1,38.35,13977744,KO
09-09-2013,38.52,38.56,38.27,38.52,10608582,KO
10-09-2013,38.77,38.78,38.51,38.63,11759743,KO
11-09-2013,38.68,38.78,38.53,38.78,11987306,KO
12-09-2013,38.59,38.61,38.28,38.44,12114310,KO
13-09-2013,38.56,38.74,38.42,38.69,11623631,KO
16-09-2013,39.03,39.2,38.74,38.86,13400179,KO
17-09-2013,38.81,39.1,38.79,38.79,12883282,KO
18-09-2013,38.81,39.6,38.58,39.59,18085571,KO
19-09-2013,39.64,39.67,39.15,39.31,14254642,KO
20-09-2013,39.33,39.4,38.78,39.4,30698540,KO
23-09-2013,39.16,39.19,38.44,38.63,19017398,KO
24-09-2013,38.72,38.87,38.52,38.53,15083286,KO
25-09-2013,38.65,38.68,38.3,38.33,11446220,KO
26-09-2013,38.49,38.74,38.39,38.74,10941177,KO
27-09-2013,38.57,38.58,38.14,38.4,12610159,KO
30-09-2013,38.19,38.3,37.75,37.88,18104384,KO
01-10-2013,38,38.09,37.62,37.95,13195990,KO
02-10-2013,37.81,37.81,37.21,37.43,25670796,KO
03-10-2013,37.46,37.46,37.13,37.16,14437945,KO
04-10-2013,37.25,37.27,36.91,37.2,17219130,KO
07-10-2013,37.08,37.38,36.83,37.05,16708632,KO
08-10-2013,37.1,37.41,36.9,37.28,20471333,KO
09-10-2013,37.38,37.42,37.01,37.08,19001966,KO
10-10-2013,37.77,37.86,37.44,37.78,17177894,KO
11-10-2013,37.92,37.92,37.52,37.77,14266861,KO
14-10-2013,37.56,37.95,37.51,37.91,14202900,KO
15-10-2013,38.18,38.37,37.6,37.66,21676647,KO
16-10-2013,38.01,38.24,37.78,38,17996947,KO
17-10-2013,38.06,38.56,38.01,38.55,15900176,KO
18-10-2013,38.58,38.78,38.42,38.78,18897288,KO
21-10-2013,38.95,38.95,38.6,38.82,12977494,KO
22-10-2013,38.86,39.25,38.69,39.09,17110211,KO
23-10-2013,39.08,39.25,38.8,39.09,12601279,KO
24-10-2013,39.15,39.37,38.76,38.8,17143771,KO
25-10-2013,38.84,39.13,38.63,39.03,14391341,KO
28-10-2013,39.02,39.74,38.99,39.61,16552094,KO
29-10-2013,39.57,39.96,39.35,39.8,14199602,KO
30-10-2013,39.88,39.89,39.51,39.62,12359952,KO
31-10-2013,39.51,39.86,39.51,39.57,14853535,KO
01-11-2013,39.57,39.72,39.32,39.61,12430394,KO
04-11-2013,39.71,39.81,39.3,39.51,10253227,KO
05-11-2013,39.36,39.64,39.22,39.5,10582003,KO
06-11-2013,39.62,40.22,39.42,40.05,17197998,KO
07-11-2013,40.08,40.25,39.76,39.83,16233163,KO
08-11-2013,39.74,40.05,39.49,40.05,11903577,KO
11-11-2013,40.01,40.05,39.77,39.87,9568206,KO
12-11-2013,39.91,39.99,39.62,39.88,10509186,KO
13-11-2013,39.82,40.12,39.65,40.12,11771162,KO
14-11-2013,40.09,40.44,40.03,40.21,10894366,KO
15-11-2013,40.16,40.32,39.96,40.22,12021512,KO
18-11-2013,40.24,40.24,40,40.17,9553863,KO
19-11-2013,40.14,40.22,39.92,40.14,11014819,KO
20-11-2013,40.05,40.45,39.94,40.06,14422486,KO
21-11-2013,40.2,40.5,40.1,40.43,26364544,KO
22-11-2013,40.34,40.46,40.09,40.43,26397103,KO
25-11-2013,40.48,40.88,40.33,40.37,14059132,KO
26-11-2013,40.49,40.6,40.24,40.25,14240538,KO
27-11-2013,40.09,40.38,39.69,40.19,9909068,KO
29-11-2013,40.27,40.48,40.11,40.19,8641107,KO
02-12-2013,40.1,40.2,39.75,40.08,16739680,KO
03-12-2013,40.05,40.39,40.01,40.35,16592298,KO
04-12-2013,40.2,40.47,39.94,40.37,13196116,KO
05-12-2013,40.28,40.4,39.8,39.83,18171207,KO
06-12-2013,40.05,40.5,40.05,40.46,12557216,KO
09-12-2013,40.39,40.5,40.2,40.4,12237657,KO
10-12-2013,40.26,40.29,39.75,39.85,15967788,KO
11-12-2013,39.95,40.34,39.89,40.13,14963476,KO
12-12-2013,39.97,40.21,39.18,39.21,19817651,KO
13-12-2013,39.42,39.64,39.21,39.23,14037380,KO
16-12-2013,39.44,39.57,39.2,39.27,14562149,KO
17-12-2013,39.11,39.25,38.87,39.1,17664055,KO
18-12-2013,39.25,40.08,39,40.02,23887038,KO
19-12-2013,39.99,40.1,39.56,39.86,14791981,KO
20-12-2013,39.92,40.19,39.85,40.04,22244802,KO
23-12-2013,40.1,40.24,39.87,40.16,10952475,KO
24-12-2013,40.17,40.31,40.1,40.19,4783757,KO
26-12-2013,40.22,40.54,40.14,40.49,8588472,KO
27-12-2013,40.69,40.79,40.53,40.66,6762203,KO
30-12-2013,40.77,41.14,40.76,41.09,10927592,KO
31-12-2013,41.13,41.39,40.98,41.31,11730170,KO
02-01-2014,41.12,41.22,40.51,40.66,12720197,KO
03-01-2014,40.68,40.73,40.35,40.46,10403834,KO
06-01-2014,40.48,40.59,40.16,40.27,11041224,KO
07-01-2014,40.48,40.72,40.29,40.39,11879587,KO
08-01-2014,40.44,40.44,39.83,39.94,15357527,KO
09-01-2014,39.95,40,39.52,39.73,14074835,KO
10-01-2014,39.96,40.29,39.9,40.13,13314525,KO
13-01-2014,40,40.13,39.5,39.53,14136793,KO
14-01-2014,39.64,39.92,39.58,39.69,12808195,KO
15-01-2014,39.83,39.94,39.58,39.76,12845194,KO
16-01-2014,39.78,39.82,39.58,39.71,11076882,KO
17-01-2014,39.72,39.75,39.28,39.28,14027351,KO
21-01-2014,39.64,39.92,39.53,39.92,17590424,KO
22-01-2014,39.99,40.09,39.75,39.9,9856355,KO
23-01-2014,39.61,39.64,39.12,39.24,14867404,KO
24-01-2014,39.08,39.25,38.82,38.84,16533729,KO
27-01-2014,38.82,38.98,38.71,38.73,14603927,KO
28-01-2014,38.77,39.08,38.62,38.87,8931212,KO
29-01-2014,38.57,38.57,37.82,37.9,23776371,KO
30-01-2014,38,38.41,38,38.17,13663569,KO
31-01-2014,37.95,38.16,37.72,37.82,16185576,KO
03-02-2014,38.02,38.02,37.1,37.2,23195836,KO
04-02-2014,37.44,37.55,37.21,37.48,17797978,KO
05-02-2014,37.49,37.72,37.38,37.61,13716618,KO
06-02-2014,38.76,38.94,37.92,38.03,22665049,KO
07-02-2014,38.17,38.35,37.87,37.95,20495016,KO
10-02-2014,38.07,38.62,37.84,38.57,20915498,KO
11-02-2014,38.67,38.78,38.51,38.64,15417558,KO
12-02-2014,38.85,38.92,38.4,38.51,10633637,KO
13-02-2014,38.13,38.76,38.13,38.65,10449553,KO
14-02-2014,38.6,39.02,38.27,38.93,16047482,KO
18-02-2014,37.98,38.11,37.26,37.47,46195701,KO
19-02-2014,37.5,37.6,37.05,37.1,26650629,KO
20-02-2014,37.06,37.52,36.89,37.3,22652321,KO
21-02-2014,37.59,37.62,37.14,37.18,19440449,KO
24-02-2014,37.3,37.6,37.22,37.5,24225051,KO
25-02-2014,37.63,37.94,37.5,37.77,22879234,KO
26-02-2014,37.9,37.94,37.72,37.87,18202510,KO
27-02-2014,37.84,38.11,37.8,38.07,18441483,KO
28-02-2014,38.08,38.39,38.04,38.2,15765571,KO
03-03-2014,37.88,38.16,37.85,38.12,18732279,KO
04-03-2014,38.34,38.39,38.23,38.31,20456788,KO
05-03-2014,38.42,38.45,38.25,38.35,14367749,KO
06-03-2014,38.4,38.55,38.27,38.47,14740674,KO
07-03-2014,38.56,38.61,38.36,38.55,17074233,KO
10-03-2014,38.55,38.65,38.44,38.65,14541439,KO
11-03-2014,38.84,38.84,38.54,38.8,13845663,KO
12-03-2014,38.27,38.5,38.21,38.47,15692277,KO
13-03-2014,38.45,38.49,37.92,37.97,18302808,KO
14-03-2014,37.95,38.32,37.88,38.17,14687231,KO
17-03-2014,38.17,38.37,38.05,38.27,19202973,KO
18-03-2014,38.27,38.46,38.14,38.4,16880363,KO
19-03-2014,38.36,38.58,38.1,38.14,20882157,KO
20-03-2014,38.11,38.47,37.95,38.45,13227981,KO
21-03-2014,38.78,38.83,38.28,38.44,19210757,KO
24-03-2014,38.48,38.54,38.2,38.4,15693042,KO
25-03-2014,38.49,38.8,38.46,38.62,16898937,KO
26-03-2014,38.69,38.94,38.61,38.61,15835535,KO
27-03-2014,38.51,39,38.48,38.82,13031474,KO
28-03-2014,38.89,39.03,38.82,38.95,11502051,KO
31-03-2014,38.99,39.03,38.46,38.66,24489838,KO
01-04-2014,38.53,38.89,38.31,38.41,20516452,KO
02-04-2014,38.49,38.54,38.3,38.33,15709122,KO
03-04-2014,38.39,38.49,38.04,38.07,18113991,KO
04-04-2014,38.24,38.48,38.14,38.22,15453554,KO
07-04-2014,38.27,38.89,38.26,38.62,17295654,KO
08-04-2014,38.67,38.9,38.48,38.9,14770515,KO
09-04-2014,38.84,38.99,38.7,38.99,12031360,KO
10-04-2014,38.98,39.4,38.82,38.89,21025736,KO
11-04-2014,38.83,39.22,38.57,38.63,18085746,KO
14-04-2014,38.71,38.8,38.4,38.73,19389800,KO
15-04-2014,39.83,40.47,39.5,40.18,47529158,KO
16-04-2014,40.12,40.59,40.12,40.59,21926145,KO
17-04-2014,40.43,40.72,40.25,40.72,18547111,KO
21-04-2014,40.47,40.76,40.35,40.75,12630881,KO
22-04-2014,40.58,40.76,40.42,40.71,17405459,KO
23-04-2014,40.7,40.81,40.56,40.73,12072454,KO
24-04-2014,40.7,40.89,40.46,40.7,11401621,KO
25-04-2014,40.46,41.01,40.44,41.01,16811384,KO
28-04-2014,40.82,41.28,40.74,41.03,20736717,KO
29-04-2014,40.97,41.03,40.52,40.57,18928395,KO
30-04-2014,40.69,40.88,40.59,40.79,12361992,KO
01-05-2014,40.79,40.8,40.26,40.78,15385753,KO
02-05-2014,40.79,40.96,40.63,40.95,14197753,KO
05-05-2014,40.65,40.93,40.55,40.76,10164164,KO
06-05-2014,40.52,40.66,40.45,40.49,9359857,KO
07-05-2014,40.7,40.97,40.63,40.91,11115932,KO
08-05-2014,40.85,40.96,40.65,40.73,8538993,KO
09-05-2014,40.78,40.95,40.71,40.87,8516358,KO
12-05-2014,40.88,40.97,40.69,40.82,8906010,KO
13-05-2014,40.83,41.22,40.82,41.11,11579715,KO
14-05-2014,41.02,41.18,40.83,40.89,10036175,KO
15-05-2014,40.62,40.96,40.44,40.52,12379234,KO
16-05-2014,40.52,40.91,40.45,40.89,13824170,KO
19-05-2014,40.6,40.73,40.42,40.71,7559456,KO
20-05-2014,40.8,40.93,40.57,40.58,9640511,KO
21-05-2014,40.55,40.88,40.5,40.87,8607297,KO
22-05-2014,40.77,40.84,40.53,40.58,8430681,KO
23-05-2014,40.63,40.7,40.53,40.58,6255168,KO
27-05-2014,40.56,40.82,40.48,40.77,11291392,KO
28-05-2014,40.7,40.88,40.53,40.58,7536671,KO
29-05-2014,40.68,40.87,40.6,40.66,9867262,KO
30-05-2014,40.54,40.92,40.49,40.91,10446099,KO
02-06-2014,40.75,40.89,40.68,40.86,7472050,KO
03-06-2014,40.72,41,40.71,40.88,10493219,KO
04-06-2014,40.91,40.92,40.71,40.79,7864666,KO
05-06-2014,40.73,41,40.63,40.89,10133496,KO
06-06-2014,40.94,41.06,40.84,40.99,8760639,KO
09-06-2014,40.85,41.09,40.85,40.91,7316402,KO
10-06-2014,40.84,41.15,40.81,41.07,9169620,KO
11-06-2014,40.98,41.06,40.79,40.86,9648619,KO
12-06-2014,40.41,40.68,40.37,40.42,11583569,KO
13-06-2014,40.39,40.54,40.25,40.37,9203771,KO
16-06-2014,40.19,40.77,40.15,40.66,12878160,KO
17-06-2014,41.18,41.2,40.61,40.92,26927159,KO
18-06-2014,40.79,41.57,40.75,41.56,18518178,KO
19-06-2014,41.54,41.87,41.53,41.79,13275256,KO
20-06-2014,41.87,41.88,41.53,41.69,23403271,KO
23-06-2014,41.46,41.74,41.33,41.73,13099754,KO
24-06-2014,41.52,41.89,41.47,41.85,14962791,KO
25-06-2014,41.6,41.98,41.46,41.96,17621843,KO
26-06-2014,41.91,42.05,41.78,42.03,16905479,KO
27-06-2014,41.99,42.29,41.91,42.19,18674412,KO
30-06-2014,41.98,42.49,41.82,42.36,14068762,KO
01-07-2014,42.39,42.45,42.15,42.29,11497697,KO
02-07-2014,42.31,42.41,42.15,42.29,6707175,KO
03-07-2014,42.26,42.32,42.01,42.23,7537718,KO
07-07-2014,41.96,42.2,41.93,42.14,9000085,KO
08-07-2014,41.97,42.25,41.91,41.94,10091147,KO
09-07-2014,41.93,42.16,41.79,41.95,9900209,KO
10-07-2014,41.56,42.29,41.55,42.26,12564494,KO
11-07-2014,42.12,42.25,41.88,41.97,9772958,KO
14-07-2014,41.99,42.39,41.98,42.38,11857698,KO
15-07-2014,42.41,42.43,41.95,42.1,10551682,KO
16-07-2014,42.26,42.39,42.02,42.12,10331524,KO
17-07-2014,41.93,42.15,41.83,42.02,9983505,KO
18-07-2014,42.14,42.47,42.02,42.43,19272396,KO
21-07-2014,42.12,42.57,42.09,42.4,17607218,KO
22-07-2014,41.1,41.33,40.61,41.19,24707572,KO
23-07-2014,40.98,41.05,40.63,40.81,17531713,KO
24-07-2014,40.97,41.1,40.66,40.97,14856012,KO
25-07-2014,40.92,41.04,40.81,41,10809949,KO
28-07-2014,40.99,41,40.61,40.68,11709721,KO
29-07-2014,40.75,40.78,40.35,40.35,10872629,KO
30-07-2014,40.45,40.5,39.61,39.62,20346235,KO
31-07-2014,39.53,39.73,39.25,39.29,15436851,KO
01-08-2014,39.13,39.49,39.06,39.29,13568610,KO
04-08-2014,39.41,39.46,39.12,39.4,11013475,KO
05-08-2014,39.34,39.53,39.1,39.18,11639154,KO
06-08-2014,39.13,39.96,39.13,39.92,17567544,KO
07-08-2014,39.96,40.01,39.33,39.35,14367594,KO
08-08-2014,39.34,39.58,39.26,39.45,13666969,KO
11-08-2014,39.52,39.87,39.52,39.57,14102644,KO
12-08-2014,39.56,39.84,39.54,39.68,13297538,KO
13-08-2014,39.7,40.1,39.7,39.94,9646476,KO
14-08-2014,39.93,40.19,39.93,40.18,6902023,KO
15-08-2014,40.85,41.15,40.66,40.88,23221550,KO
18-08-2014,40.79,41.42,40.79,41.35,14892233,KO
19-08-2014,41.35,41.48,41.16,41.26,10261305,KO
20-08-2014,41.15,41.34,41.09,41.25,6791695,KO
21-08-2014,41.29,41.69,41.22,41.41,11951213,KO
22-08-2014,41.29,41.52,41.05,41.12,11244643,KO
25-08-2014,41.32,41.44,41.12,41.41,10229332,KO
26-08-2014,41.41,41.7,41.41,41.6,8416524,KO
27-08-2014,41.53,41.71,41.44,41.6,7701957,KO
28-08-2014,41.51,41.7,41.44,41.63,9747093,KO
29-08-2014,41.6,41.75,41.47,41.72,7666718,KO
02-09-2014,41.52,41.84,41.31,41.64,9798704,KO
03-09-2014,41.69,41.85,41.66,41.78,8644484,KO
04-09-2014,41.8,42.17,41.73,41.87,16785311,KO
05-09-2014,41.86,41.86,41.61,41.84,12768144,KO
08-09-2014,41.67,41.94,41.63,41.78,9097707,KO
09-09-2014,41.77,42.03,41.75,41.94,11892490,KO
10-09-2014,41.9,42.19,41.83,42.17,17558019,KO
11-09-2014,41.68,42.06,41.66,41.95,19615854,KO
12-09-2014,41.9,41.92,41.36,41.46,12979948,KO
15-09-2014,41.45,41.58,41.33,41.5,12259597,KO
16-09-2014,41.29,41.8,41.18,41.64,15232844,KO
17-09-2014,41.77,41.78,41.32,41.61,16703094,KO
18-09-2014,41.75,41.88,41.55,41.79,12594172,KO
19-09-2014,41.98,42.34,41.75,42.05,47559738,KO
22-09-2014,41.85,42.25,41.73,42.22,11518108,KO
23-09-2014,42,42.16,41.88,41.89,10252374,KO
24-09-2014,41.85,42.34,41.85,42.27,13540935,KO
25-09-2014,42.06,42.17,41.77,41.78,11076728,KO
26-09-2014,42,42.25,41.71,42.2,9939569,KO
29-09-2014,41.9,42.26,41.88,42.25,12446707,KO
30-09-2014,42.1,42.81,42.08,42.66,22613730,KO
01-10-2014,42.55,42.85,42.37,42.74,30409720,KO
02-10-2014,42.6,42.78,42.42,42.66,16643440,KO
03-10-2014,42.86,43.07,42.66,43,14046676,KO
06-10-2014,43.03,43.68,42.97,43.6,20331446,KO
07-10-2014,43.48,44.14,43.48,43.92,24936592,KO
08-10-2014,43.58,44.56,43.51,44.55,26115610,KO
09-10-2014,44.44,44.75,43.87,43.87,25030528,KO
10-10-2014,43.88,44.87,43.85,44.47,25920757,KO
13-10-2014,44.28,44.63,44.03,44.07,20183940,KO
14-10-2014,44.04,44.12,43.47,43.64,21027832,KO
15-10-2014,42.7,43.53,42.7,43.23,22988937,KO
16-10-2014,42.65,42.94,42.38,42.56,22519282,KO
17-10-2014,42.69,43.03,42.31,42.88,23236041,KO
20-10-2014,42.75,43.47,42.71,43.29,17647782,KO
21-10-2014,40.8,41.19,40.26,40.68,55953509,KO
22-10-2014,40.19,41.11,40.1,40.62,27728233,KO
23-10-2014,40.94,41.38,40.74,40.86,23347181,KO
24-10-2014,40.98,41.27,40.92,41.03,13396421,KO
27-10-2014,40.7,40.9,40.56,40.76,17222528,KO
28-10-2014,40.76,40.86,40.51,40.56,18660970,KO
29-10-2014,40.65,41.03,40.52,40.96,25767750,KO
30-10-2014,41,41.59,40.83,41.4,18295604,KO
31-10-2014,41.83,41.89,41.4,41.88,18477684,KO
03-11-2014,41.79,42.28,41.59,41.81,13239536,KO
04-11-2014,41.77,42.05,41.66,41.82,10105358,KO
05-11-2014,42.3,42.54,41.99,42.31,20676761,KO
06-11-2014,42.43,42.62,42.11,42.29,11528817,KO
07-11-2014,42.45,42.46,42.14,42.32,11803792,KO
10-11-2014,42.25,42.57,42.09,42.39,9088938,KO
11-11-2014,42.38,42.71,42.36,42.51,8563691,KO
12-11-2014,42.51,42.89,42.31,42.71,12768769,KO
13-11-2014,42.65,43.08,42.63,42.79,12007696,KO
14-11-2014,42.7,42.97,42.5,42.73,10939478,KO
17-11-2014,42.75,42.99,42.73,42.92,10663996,KO
18-11-2014,42.95,43.86,42.75,43.53,26143194,KO
19-11-2014,43.67,44.43,43.56,44.22,25402296,KO
20-11-2014,43.96,44.42,43.85,44.25,13465446,KO
21-11-2014,44.58,44.74,44.28,44.5,14382672,KO
24-11-2014,44.51,44.78,44.2,44.27,12890827,KO
25-11-2014,44.27,44.59,44.12,44.43,10741655,KO
26-11-2014,43.99,44.36,43.97,44.29,9200463,KO
28-11-2014,44.15,45,44.15,44.83,10501972,KO
01-12-2014,44.18,44.76,44.13,44.55,10065657,KO
02-12-2014,44.37,44.67,44.23,44.54,9878097,KO
03-12-2014,44.42,44.44,43.76,43.8,15246481,KO
04-12-2014,43.62,43.84,43.37,43.5,13804776,KO
05-12-2014,43.5,43.61,43.2,43.53,12536928,KO
08-12-2014,43.51,43.63,43.09,43.14,12806339,KO
09-12-2014,42.15,42.53,41.67,42.04,25714579,KO
10-12-2014,42.04,42.24,41.56,41.6,18324132,KO
11-12-2014,41.62,42.01,41.5,41.53,16201523,KO
12-12-2014,41.39,41.61,40.87,40.91,18432381,KO
15-12-2014,41.13,41.18,40.56,40.57,23378508,KO
16-12-2014,40.2,41.31,39.8,40.39,23475421,KO
17-12-2014,40.44,41.76,40.38,41.55,20223938,KO
18-12-2014,41.86,42.39,41.75,42.39,18030716,KO
19-12-2014,42.44,42.79,41.89,41.95,24009502,KO
22-12-2014,42.14,42.44,42.09,42.35,11190862,KO
23-12-2014,42.54,43.14,42.47,42.97,13411294,KO
24-12-2014,43.1,43.23,42.92,42.94,6405910,KO
26-12-2014,42.97,43.3,42.93,42.96,6466883,KO
29-12-2014,42.8,43.06,42.49,42.86,8694509,KO
30-12-2014,42.74,42.99,42.65,42.76,9222049,KO
31-12-2014,42.92,42.94,42.22,42.22,9369464,KO
02-01-2015,42.26,42.4,41.8,42.14,9921091,KO
05-01-2015,42.69,42.97,42.08,42.14,26292592,KO
06-01-2015,42.41,42.94,42.24,42.46,16897487,KO
07-01-2015,42.8,43.11,42.58,42.99,13412270,KO
08-01-2015,43.18,43.57,43.1,43.51,21743628,KO
09-01-2015,43.47,43.56,42.95,43.03,12733549,KO
12-01-2015,43.07,43.2,42.46,42.64,11415829,KO
13-01-2015,42.83,43.24,42.45,42.63,12529493,KO
14-01-2015,42.08,42.6,42.07,42.56,13447646,KO
15-01-2015,42.83,42.86,42.17,42.38,11193063,KO
16-01-2015,42.36,42.59,42.24,42.53,15114873,KO
20-01-2015,42.7,43.32,42.61,43.16,17047295,KO
21-01-2015,42.89,43.43,42.76,43.36,10720566,KO
22-01-2015,43.37,43.83,43.07,43.78,14709117,KO
23-01-2015,43.6,43.75,43.18,43.31,12357723,KO
26-01-2015,43.18,43.23,42.83,43,11151861,KO
27-01-2015,42.54,42.64,42.15,42.39,15274036,KO
28-01-2015,42.59,42.8,41.9,41.92,14278506,KO
29-01-2015,41.77,42.15,41.47,42.1,13657918,KO
30-01-2015,41.83,41.93,41.11,41.17,19193704,KO
02-02-2015,41.21,41.63,40.9,41.59,15197517,KO
03-02-2015,41.75,41.85,41.37,41.63,13193129,KO
04-02-2015,41.77,42.09,41.62,41.68,16399992,KO
05-02-2015,41.8,41.82,41.51,41.79,11078513,KO
06-02-2015,41.63,41.76,41.32,41.45,12366380,KO
09-02-2015,41.38,41.45,41.04,41.23,13371066,KO
10-02-2015,42.91,43.03,42.2,42.4,32184188,KO
11-02-2015,42.1,42.49,41.7,42.37,20496282,KO
12-02-2015,42.4,42.66,42.07,42.17,13818248,KO
13-02-2015,42.02,42.23,41.76,41.99,10792091,KO
17-02-2015,41.81,41.88,41.64,41.81,12804246,KO
18-02-2015,41.75,41.8,41.47,41.73,9789765,KO
19-02-2015,41.68,42.24,41.53,42.11,16578304,KO
20-02-2015,42.04,42.11,41.64,41.97,15982353,KO
23-02-2015,41.71,42.17,41.69,41.85,11830339,KO
24-02-2015,41.85,42.33,41.77,42.13,12782659,KO
25-02-2015,42.17,42.24,41.74,42.05,10323318,KO
26-02-2015,42.04,42.55,41.97,42.46,14346538,KO
27-02-2015,42.52,43.66,42.47,43.3,28312835,KO
02-03-2015,43.12,43.28,43.08,43.2,13514600,KO
03-03-2015,43.11,43.16,42.84,42.95,10036311,KO
04-03-2015,42.92,42.98,42.47,42.5,16262994,KO
05-03-2015,42.56,42.6,42.25,42.4,9222960,KO
06-03-2015,42.12,42.2,41.33,41.52,18180467,KO
09-03-2015,41.53,41.55,41.32,41.39,10123274,KO
10-03-2015,41.1,41.15,40.68,40.69,14599065,KO
11-03-2015,40.73,40.73,40.08,40.1,18549681,KO
12-03-2015,40.1,40.57,40.02,40.57,17728747,KO
13-03-2015,40.44,40.57,39.61,39.91,17438430,KO
16-03-2015,40,40.35,39.99,40.29,15238783,KO
17-03-2015,40.67,40.73,40.32,40.51,21661805,KO
18-03-2015,40.48,40.79,39.8,40.6,26247491,KO
19-03-2015,40.48,40.52,39.96,40.02,16057555,KO
20-03-2015,40.07,40.66,40.01,40.65,31608480,KO
23-03-2015,40.64,40.94,40.5,40.62,17060523,KO
24-03-2015,40.91,40.98,40.47,40.47,13485734,KO
25-03-2015,40.59,40.7,40.24,40.45,22811328,KO
26-03-2015,40.34,40.56,40.23,40.35,17359635,KO
27-03-2015,40.48,40.48,39.97,40.08,14384361,KO
30-03-2015,40.11,40.61,39.94,40.51,12561436,KO
31-03-2015,40.51,40.9,40.35,40.55,16604780,KO
01-04-2015,40.79,40.81,40.23,40.68,14300701,KO
02-04-2015,40.73,40.87,40.48,40.68,14343102,KO
06-04-2015,40.77,41.61,40.59,41.17,19843401,KO
07-04-2015,41.05,41.37,40.97,41.01,9773391,KO
08-04-2015,40.98,41.09,40.74,40.89,8954659,KO
09-04-2015,40.8,41.08,40.63,41.05,12710885,KO
10-04-2015,41.09,41.16,40.85,40.88,8719980,KO
13-04-2015,40.97,40.97,40.7,40.7,9616271,KO
14-04-2015,40.59,40.65,40.32,40.51,11209674,KO
15-04-2015,40.59,40.81,40.32,40.4,11189056,KO
16-04-2015,40.41,40.86,40.3,40.6,13120966,KO
17-04-2015,40.47,40.66,40.1,40.3,15330311,KO
20-04-2015,40.42,40.9,40.41,40.66,13023939,KO
21-04-2015,40.67,40.99,40.54,40.78,19673063,KO
22-04-2015,41.56,41.57,41.07,41.31,26887158,KO
23-04-2015,41.23,41.41,40.92,40.95,17408798,KO
24-04-2015,41.04,41.12,40.81,40.89,11623319,KO
27-04-2015,41,41.15,40.78,40.83,10044553,KO
28-04-2015,40.95,40.97,40.6,40.77,12174756,KO
29-04-2015,40.66,40.75,40.4,40.49,11371397,KO
30-04-2015,40.4,40.58,40.28,40.56,12700757,KO
01-05-2015,40.58,40.93,40.5,40.91,10848323,KO
04-05-2015,40.88,41.1,40.77,40.96,10204805,KO
05-05-2015,41.14,41.14,40.68,40.75,11721254,KO
06-05-2015,41.04,41.09,40.39,40.66,11906874,KO
07-05-2015,40.53,40.91,40.51,40.7,13834747,KO
08-05-2015,41,41.17,40.85,40.98,11144434,KO
11-05-2015,40.98,41.39,40.88,40.94,10113526,KO
12-05-2015,40.77,40.96,40.52,40.69,12384499,KO
13-05-2015,40.75,41.36,40.72,41.05,13183745,KO
14-05-2015,41.3,41.6,41.25,41.5,9960964,KO
15-05-2015,41.45,41.69,41.43,41.52,8479028,KO
18-05-2015,41.49,41.49,41.25,41.32,11511687,KO
19-05-2015,41.23,41.39,41.13,41.31,9071997,KO
20-05-2015,41.37,41.59,41.31,41.35,10965231,KO
21-05-2015,41.26,41.32,41.07,41.23,9270925,KO
22-05-2015,41.12,41.24,41.04,41.21,11909499,KO
26-05-2015,41.12,41.18,40.74,40.99,15194348,KO
27-05-2015,40.94,41.2,40.83,41.12,9863138,KO
28-05-2015,41.2,41.3,40.88,41.14,9395168,KO
29-05-2015,41.18,41.18,40.76,40.96,19628649,KO
01-06-2015,41.36,41.4,40.88,40.94,12684052,KO
02-06-2015,40.84,41.16,40.68,40.99,11878845,KO
03-06-2015,41.1,41.21,40.78,40.87,8153777,KO
04-06-2015,40.71,40.98,40.53,40.59,10145794,KO
05-06-2015,40.48,40.52,40.08,40.1,15975551,KO
08-06-2015,40.1,40.26,40.02,40.16,14339260,KO
09-06-2015,40.17,40.42,40.11,40.2,10772741,KO
10-06-2015,40.32,40.54,40.28,40.33,11979870,KO
11-06-2015,40.11,40.25,40.03,40.1,11944854,KO
12-06-2015,40.04,40.12,39.84,39.96,15568577,KO
15-06-2015,39.83,39.86,39.57,39.59,11364793,KO
16-06-2015,39.63,40.16,39.6,40.08,12517410,KO
17-06-2015,40.08,40.32,40.01,40.27,13898422,KO
18-06-2015,40.16,40.74,40.16,40.65,16314590,KO
19-06-2015,40.59,40.65,40.4,40.4,23550571,KO
22-06-2015,40.51,40.81,40.46,40.48,8775913,KO
23-06-2015,40.43,40.52,40.31,40.38,11094928,KO
24-06-2015,40.37,40.45,40.19,40.19,10385088,KO
25-06-2015,40.28,40.34,40.02,40.02,10607592,KO
26-06-2015,40.1,40.35,40,40,16215596,KO
29-06-2015,39.8,39.98,39.4,39.4,15500771,KO
30-06-2015,39.61,39.61,39.12,39.23,14621325,KO
01-07-2015,39.38,39.6,39.28,39.5,11177431,KO
02-07-2015,39.63,39.81,39.35,39.49,8975923,KO
06-07-2015,39.32,39.6,39.22,39.42,10252593,KO
07-07-2015,39.49,40.38,39.4,40.25,20335005,KO
08-07-2015,39.99,40.23,39.84,39.86,11383747,KO
09-07-2015,40.46,40.58,39.9,39.92,13392040,KO
10-07-2015,40.27,40.52,40.16,40.39,13360379,KO
13-07-2015,40.56,40.77,40.49,40.66,9854203,KO
14-07-2015,40.9,41.26,40.84,41.17,19531043,KO
15-07-2015,41.15,41.36,41.1,41.13,11252142,KO
16-07-2015,41.42,41.6,41.35,41.48,10483688,KO
17-07-2015,41.31,41.32,41.05,41.25,9608302,KO
20-07-2015,41.35,41.54,41.22,41.38,10024168,KO
21-07-2015,41.38,41.52,41.1,41.19,13653823,KO
22-07-2015,40.81,41.59,40.59,40.9,15528630,KO
23-07-2015,40.99,41.02,40.48,40.84,13522199,KO
24-07-2015,40.76,40.83,40.41,40.44,10912528,KO
27-07-2015,40.28,40.58,40.16,40.54,10945666,KO
28-07-2015,40.65,40.73,40.44,40.55,11021821,KO
29-07-2015,40.53,40.71,40.49,40.59,8479899,KO
30-07-2015,40.55,40.75,40.39,40.56,9095488,KO
31-07-2015,40.88,41.22,40.77,41.08,15309490,KO
03-08-2015,40.85,41.55,40.84,41.54,14672571,KO
04-08-2015,41.51,41.87,41.34,41.85,17559905,KO
05-08-2015,41.92,42.22,41.82,42.12,15329248,KO
06-08-2015,42,42.25,41.86,41.92,11378874,KO
07-08-2015,41.81,41.97,41.53,41.77,10886719,KO
10-08-2015,41.89,41.99,41.58,41.68,9501875,KO
11-08-2015,41.4,41.57,41.17,41.48,11254885,KO
12-08-2015,41.13,41.26,40.85,41.26,9793289,KO
13-08-2015,41.28,41.38,41.01,41.1,10270853,KO
14-08-2015,41.01,41.25,40.96,41.25,9905619,KO
17-08-2015,41.03,41.45,40.97,41.35,8272813,KO
18-08-2015,41.28,41.53,41.19,41.3,11199353,KO
19-08-2015,41.14,41.24,40.78,40.78,15796547,KO
20-08-2015,40.52,40.82,40.42,40.55,14213092,KO
21-08-2015,40.16,40.47,39.51,39.53,27228652,KO
24-08-2015,37.99,38.94,36.56,38.38,43576384,KO
25-08-2015,39.13,39.28,37.93,37.99,30782052,KO
26-08-2015,38.75,38.83,37.89,38.73,23284206,KO
27-08-2015,39.06,39.38,38.6,39.27,17262603,KO
28-08-2015,39.11,39.47,39.05,39.45,14455148,KO
31-08-2015,39.15,39.45,39.05,39.32,12587993,KO
01-09-2015,38.67,39.03,38.54,38.75,23514228,KO
02-09-2015,39.03,39.07,38.56,38.9,14037549,KO
03-09-2015,38.9,39.34,38.84,39.16,13259437,KO
04-09-2015,38.68,38.79,38.38,38.52,15366319,KO
08-09-2015,38.87,39.03,38.6,38.9,15047265,KO
09-09-2015,39.12,39.21,38.2,38.3,13681680,KO
10-09-2015,38.31,38.65,38.25,38.42,14906877,KO
11-09-2015,38.01,38.19,37.84,38.13,11706499,KO
14-09-2015,38.22,38.22,37.85,38.1,8947041,KO
15-09-2015,38.07,38.63,37.92,38.5,12966388,KO
16-09-2015,38.67,39.19,38.47,39.15,22139264,KO
17-09-2015,39.15,39.61,39.04,39.38,21027503,KO
18-09-2015,38.86,39.3,38.71,38.98,27445211,KO
21-09-2015,39.05,39.31,38.94,39.19,12555386,KO
22-09-2015,38.68,38.99,38.58,38.79,14929221,KO
23-09-2015,38.79,38.88,38.55,38.76,8885289,KO
24-09-2015,38.52,39.2,38.51,39.15,19267187,KO
25-09-2015,39.43,40.08,39.33,39.62,22194856,KO
28-09-2015,39.52,39.82,39.33,39.53,19307154,KO
29-09-2015,39.52,39.71,39.33,39.66,14138095,KO
30-09-2015,39.88,40.23,39.8,40.12,19564315,KO
01-10-2015,40.22,40.47,39.6,39.8,19549604,KO
02-10-2015,39.56,40.39,39.36,40.39,15230732,KO
05-10-2015,40.45,41.05,40.43,41.01,15389278,KO
06-10-2015,41.04,41.34,40.93,40.96,14424907,KO
07-10-2015,41.14,41.61,41.1,41.52,14340456,KO
08-10-2015,41.26,41.99,41.26,41.98,11920044,KO
09-10-2015,41.82,42.12,41.78,42.02,13858500,KO
12-10-2015,41.83,42.29,41.81,42,12290688,KO
13-10-2015,41.8,41.91,41.54,41.65,12837462,KO
14-10-2015,41.56,41.96,41.56,41.68,13759293,KO
15-10-2015,41.87,42.03,41.6,41.92,11780506,KO
16-10-2015,42.16,42.21,41.88,42.02,20350495,KO
19-10-2015,41.9,42.06,41.8,41.99,15511067,KO
20-10-2015,42,42.4,42,42.29,16196165,KO
21-10-2015,41.94,42.52,41.71,42.19,19254915,KO
22-10-2015,42.44,43.85,42.41,43.24,35907676,KO
23-10-2015,43.31,43.31,42.75,42.79,18770618,KO
26-10-2015,42.76,42.89,42.46,42.59,14749340,KO
27-10-2015,42.5,42.77,42.48,42.61,30165362,KO
28-10-2015,42.75,42.84,42.21,42.73,13642253,KO
29-10-2015,42.66,42.9,42.34,42.79,9336531,KO
30-10-2015,42.8,42.86,42.35,42.35,15170388,KO
02-11-2015,42.32,42.36,41.9,42.24,16191517,KO
03-11-2015,42.18,42.32,41.81,42.16,9692954,KO
04-11-2015,42.27,42.39,41.89,41.97,10471093,KO
05-11-2015,42,42.35,41.98,42.33,9556379,KO
06-11-2015,41.97,42.22,41.61,41.96,11919360,KO
09-11-2015,41.7,41.79,41.34,41.54,10810596,KO
10-11-2015,41.44,41.81,41.43,41.77,8259868,KO
11-11-2015,41.94,42.2,41.92,42.04,9087103,KO
12-11-2015,42.01,42.05,41.57,41.58,10475766,KO
13-11-2015,41.46,41.78,41.36,41.38,11173474,KO
16-11-2015,41.43,42,41.39,41.96,10882140,KO
17-11-2015,41.85,42.15,41.5,41.67,12592426,KO
18-11-2015,41.77,42.35,41.68,42.28,12906433,KO
19-11-2015,42.32,43.3,42.32,43.11,23670806,KO
20-11-2015,43.31,43.58,42.4,42.43,19592752,KO
23-11-2015,42.55,43.18,42.53,42.96,13201960,KO
24-11-2015,42.7,43.6,42.66,43.36,15767155,KO
25-11-2015,43.32,43.5,43.24,43.36,10344857,KO
27-11-2015,43.04,43.24,42.8,43.15,7236711,KO
30-11-2015,43.12,43.15,42.6,42.62,15589785,KO
01-12-2015,42.73,43.1,42.73,42.89,11145233,KO
02-12-2015,42.83,42.93,42.59,42.77,12587879,KO
03-12-2015,42.73,42.89,42.32,42.46,15004860,KO
04-12-2015,42.58,43.48,42.58,43.29,16487972,KO
07-12-2015,43.31,43.44,43,43.2,12030718,KO
08-12-2015,43.05,43.25,42.8,43.01,10736213,KO
09-12-2015,42.78,43.26,42.5,42.66,12945502,KO
10-12-2015,42.73,43.07,42.52,42.76,15483321,KO
11-12-2015,42.63,42.83,42.14,42.27,17313443,KO
14-12-2015,42.31,42.76,41.97,42.45,20010489,KO
15-12-2015,42.84,43.24,42.76,43.07,17916382,KO
16-12-2015,43.25,43.91,43.25,43.84,21868610,KO
17-12-2015,43.81,43.89,43.42,43.49,14697025,KO
18-12-2015,43.36,43.42,42.5,42.5,24583695,KO
21-12-2015,42.82,42.94,42.46,42.78,10444353,KO
22-12-2015,42.86,43.39,42.71,43.29,12280757,KO
23-12-2015,43.39,43.72,43.35,43.67,9092284,KO
24-12-2015,43.49,43.72,43.42,43.54,3036573,KO
28-12-2015,43.44,43.52,43.31,43.49,6326143,KO
29-12-2015,43.54,43.78,43.5,43.71,7739815,KO
30-12-2015,43.75,43.77,43.45,43.57,5112475,KO
31-12-2015,43.3,43.34,42.87,42.96,9727907,KO
04-01-2016,42.34,42.5,41.96,42.4,15995580,KO
05-01-2016,42.31,42.62,42.17,42.55,15781895,KO
06-01-2016,42.2,42.51,42.04,42.32,16245132,KO
07-01-2016,41.65,42.11,41.45,41.62,20563576,KO
08-01-2016,41.65,42.12,41.41,41.51,14645913,KO
11-01-2016,41.58,41.86,41.29,41.58,15815238,KO
12-01-2016,42.3,42.45,41.87,42.12,21814837,KO
13-01-2016,42.17,42.57,41.79,41.85,16726042,KO
14-01-2016,41.99,42.17,41.64,41.88,16027368,KO
15-01-2016,40.95,41.59,40.93,41.5,21051551,KO
19-01-2016,41.77,42.12,41.65,41.92,15422324,KO
20-01-2016,41.45,41.62,40.75,41.38,19915619,KO
21-01-2016,41.45,41.51,41.09,41.39,15547104,KO
22-01-2016,41.64,42.24,41.45,42.06,15208224,KO
25-01-2016,42.24,42.5,41.93,42.16,12417205,KO
26-01-2016,42.16,42.5,41.93,42.08,12993277,KO
27-01-2016,42.18,42.46,41.81,42.09,14127087,KO
28-01-2016,42.18,42.72,42.06,42.57,16584086,KO
29-01-2016,42.86,43.26,42.65,42.92,20277988,KO
01-02-2016,42.6,43.15,42.57,43,17057030,KO
02-02-2016,42.7,42.79,42.4,42.44,12290891,KO
03-02-2016,42.8,42.94,42.28,42.72,15954448,KO
04-02-2016,42.52,42.89,42.4,42.53,14337446,KO
05-02-2016,42.93,42.99,42.26,42.44,17211132,KO
08-02-2016,42.17,42.7,41.9,42.65,17212266,KO
09-02-2016,42.26,43.49,42.26,43.3,24830959,KO
10-02-2016,43.34,43.39,42.51,42.55,16729648,KO
11-02-2016,42.03,42.61,41.98,42.41,16674549,KO
12-02-2016,42.72,43.14,42.56,43.11,15136536,KO
16-02-2016,43.32,43.46,43.02,43.36,12530512,KO
17-02-2016,43.42,43.62,43.28,43.49,12291456,KO
18-02-2016,43.63,43.73,43.3,43.61,11154372,KO
19-02-2016,43.58,43.77,43.28,43.77,12844569,KO
22-02-2016,43.76,44.16,43.63,43.94,20665831,KO
23-02-2016,43.74,44.05,43.66,43.69,11040919,KO
24-02-2016,43.56,43.94,43.37,43.91,10817258,KO
25-02-2016,43.96,44.18,43.86,44.16,10896236,KO
26-02-2016,44.04,44.06,43.1,43.14,18396818,KO
29-02-2016,43.17,43.61,42.92,43.13,14978142,KO
01-03-2016,43.38,43.69,43.17,43.69,12357745,KO
02-03-2016,43.47,43.77,43.42,43.77,12846779,KO
03-03-2016,43.61,43.98,43.54,43.96,13107704,KO
04-03-2016,43.78,44.15,43.68,44.11,13642606,KO
07-03-2016,43.91,44.14,43.86,44.01,10676088,KO
08-03-2016,43.92,44.47,43.81,44.32,17328529,KO
09-03-2016,44.39,44.83,44.29,44.81,18460015,KO
10-03-2016,44.84,45.26,44.68,45.23,28872311,KO
11-03-2016,45,45.25,44.93,45.2,16040369,KO
14-03-2016,45.04,45.42,45.04,45.29,13180200,KO
15-03-2016,45.08,45.56,45.07,45.24,13686335,KO
16-03-2016,45.05,45.17,44.55,45.05,15358873,KO
17-03-2016,45.05,45.91,44.96,45.77,24060212,KO
18-03-2016,45.84,45.87,45.39,45.6,23565240,KO
21-03-2016,45.42,45.87,45.36,45.67,9729114,KO
22-03-2016,45.55,45.73,45.39,45.5,13745629,KO
23-03-2016,45.4,45.71,45.35,45.46,9249598,KO
24-03-2016,45.45,45.6,45.19,45.58,10877622,KO
28-03-2016,45.56,45.93,45.51,45.8,13301621,KO
29-03-2016,45.86,46.51,45.81,46.48,24998792,KO
30-03-2016,46.63,46.73,46.33,46.58,14311787,KO
31-03-2016,46.55,46.88,46.32,46.39,15442555,KO
01-04-2016,46.14,46.87,46.11,46.83,14922472,KO
04-04-2016,46.84,46.93,46.5,46.89,10617685,KO
05-04-2016,46.62,46.81,46.44,46.53,10676337,KO
06-04-2016,46.57,46.73,46.38,46.71,9122640,KO
07-04-2016,46.5,46.58,46.16,46.36,9256269,KO
08-04-2016,46.44,46.98,46.44,46.87,11858469,KO
11-04-2016,46.9,47.13,46.41,46.44,11853461,KO
12-04-2016,46.41,46.76,46.35,46.65,11214744,KO
13-04-2016,46.77,46.78,45.82,46.04,13229301,KO
14-04-2016,46.06,46.22,45.74,45.83,12981237,KO
15-04-2016,45.82,46.16,45.68,46.1,13610621,KO
18-04-2016,46.13,46.28,45.82,46.22,11536795,KO
19-04-2016,46.31,46.62,46.15,46.6,14404009,KO
20-04-2016,45.34,45.38,44.06,44.37,40336343,KO
21-04-2016,44.26,44.28,42.87,43.66,36993624,KO
22-04-2016,43.79,44.66,43.79,44.54,25080039,KO
25-04-2016,44.5,44.72,44.38,44.71,11169758,KO
26-04-2016,44.92,44.96,44.43,44.53,13919510,KO
27-04-2016,44.64,44.86,44.25,44.68,11298579,KO
28-04-2016,44.5,44.9,44.46,44.63,10913144,KO
29-04-2016,44.53,44.86,44.5,44.8,11705398,KO
02-05-2016,44.57,45.19,44.57,44.98,12513205,KO
03-05-2016,44.87,45.06,44.65,44.84,10374219,KO
04-05-2016,44.72,45.11,44.5,44.98,9335549,KO
05-05-2016,44.93,45.49,44.87,45.06,8788146,KO
06-05-2016,45.06,45.41,44.92,45.32,8562895,KO
09-05-2016,45.32,45.5,45.17,45.24,8110493,KO
10-05-2016,45.44,45.84,45.42,45.75,8931387,KO
11-05-2016,45.73,45.88,45.45,45.46,8774436,KO
12-05-2016,45.55,45.9,45.48,45.83,10452647,KO
13-05-2016,45.75,45.83,45.23,45.35,10228712,KO
16-05-2016,45.16,45.73,45.14,45.62,9398662,KO
17-05-2016,45.45,45.56,44.71,44.75,17410329,KO
18-05-2016,44.56,44.83,44.23,44.48,12437476,KO
19-05-2016,44.25,44.39,44.04,44.32,10568211,KO
20-05-2016,44.51,44.54,43.94,43.95,12903441,KO
23-05-2016,44.07,44.16,43.94,43.97,13547854,KO
24-05-2016,44.1,44.42,44,44.37,12632692,KO
25-05-2016,44.51,44.63,44.25,44.38,9216856,KO
26-05-2016,44.53,44.76,44.44,44.69,8695697,KO
27-05-2016,44.71,44.96,44.65,44.78,7871352,KO
31-05-2016,44.98,44.98,44.26,44.6,18935249,KO
01-06-2016,44.6,44.78,44.49,44.7,8916015,KO
02-06-2016,44.7,44.72,44.5,44.72,6693945,KO
03-06-2016,44.75,45.05,44.68,45.04,13434865,KO
06-06-2016,45.09,45.48,45.08,45.37,10310560,KO
07-06-2016,45.35,45.48,45.2,45.32,9812617,KO
08-06-2016,45.24,45.66,45.19,45.55,7915417,KO
09-06-2016,45.33,45.8,45.31,45.76,8042866,KO
10-06-2016,45.62,46.01,45.56,45.99,12357013,KO
13-06-2016,45.48,45.67,45.09,45.12,10613533,KO
14-06-2016,44.85,45.13,44.44,45.04,11298208,KO
15-06-2016,45.12,45.34,44.88,45.01,8360350,KO
16-06-2016,44.87,45.34,44.72,45.31,11305429,KO
17-06-2016,45.17,45.22,44.38,44.79,20805405,KO
20-06-2016,45.09,45.31,44.96,44.98,10712366,KO
21-06-2016,45.16,45.28,45,45.13,7919395,KO
22-06-2016,45.25,45.32,44.81,44.86,10738930,KO
23-06-2016,45.03,45.17,44.84,45.08,9655345,KO
24-06-2016,44.2,44.56,43.82,43.93,26003657,KO
27-06-2016,43.67,43.88,43.32,43.78,15805581,KO
28-06-2016,44.06,44.19,43.67,44.18,16509784,KO
29-06-2016,44.39,44.71,44.24,44.44,12250905,KO
30-06-2016,44.52,45.33,44.49,45.33,16056522,KO
01-07-2016,45.32,45.41,45.07,45.12,11799738,KO
05-07-2016,45.16,45.67,45.15,45.43,12339123,KO
06-07-2016,45.5,45.55,44.92,45.27,10902573,KO
07-07-2016,45.42,45.52,44.97,45.09,9741108,KO
08-07-2016,45.3,45.52,45.07,45.38,11127077,KO
11-07-2016,45.35,45.77,45.11,45.57,10937780,KO
12-07-2016,45.64,45.71,45.18,45.58,9746907,KO
13-07-2016,45.61,45.76,45.43,45.74,8028398,KO
14-07-2016,45.73,45.94,45.58,45.69,7621235,KO
15-07-2016,45.88,45.9,45.44,45.63,10620966,KO
18-07-2016,45.69,45.7,45.48,45.63,7958371,KO
19-07-2016,45.46,45.71,45.43,45.63,7761133,KO
20-07-2016,45.75,45.77,45.39,45.51,8478211,KO
21-07-2016,45.34,45.51,45.26,45.45,8150077,KO
22-07-2016,45.5,45.84,45.46,45.83,8836148,KO
25-07-2016,45.81,45.83,45.47,45.57,9134338,KO
26-07-2016,45.53,45.65,44.83,44.88,15819907,KO
27-07-2016,43.9,44.06,43.1,43.4,37461073,KO
28-07-2016,43.27,43.69,43.22,43.65,13077828,KO
29-07-2016,43.72,43.75,43.48,43.63,16530511,KO
01-08-2016,43.69,43.83,43.43,43.45,12349682,KO
02-08-2016,43.35,43.58,43.31,43.53,12825187,KO
03-08-2016,43.66,43.7,43.37,43.64,12119080,KO
04-08-2016,43.56,43.8,43.4,43.51,11244053,KO
05-08-2016,43.65,43.75,43.41,43.48,10398203,KO
08-08-2016,43.43,43.52,43.22,43.44,8680309,KO
09-08-2016,43.5,43.64,43.38,43.47,7281332,KO
10-08-2016,43.64,43.69,43.5,43.61,8412055,KO
11-08-2016,43.72,43.87,43.62,43.75,11303281,KO
12-08-2016,43.91,44.19,43.79,44.03,10928925,KO
15-08-2016,44.1,44.33,44.01,44.24,10390642,KO
16-08-2016,44.25,44.25,43.83,43.83,9706132,KO
17-08-2016,44.01,44.07,43.78,44.06,11208499,KO
18-08-2016,44.01,44.26,44,44.1,9144293,KO
19-08-2016,44.05,44.06,43.74,43.92,9385920,KO
22-08-2016,43.94,43.94,43.72,43.74,8687524,KO
23-08-2016,43.85,43.98,43.74,43.85,8421061,KO
24-08-2016,43.82,43.94,43.66,43.85,11508919,KO
25-08-2016,43.85,43.94,43.63,43.67,9815662,KO
26-08-2016,43.72,43.92,43.31,43.32,11824943,KO
29-08-2016,43.34,43.61,43.33,43.54,9544573,KO
30-08-2016,43.46,43.53,43.12,43.24,9720067,KO
31-08-2016,43.43,43.46,43.08,43.43,10217936,KO
01-09-2016,43.21,43.41,43.2,43.35,8457766,KO
02-09-2016,43.52,43.83,43.47,43.66,9009555,KO
06-09-2016,43.74,43.8,43.4,43.79,8600372,KO
07-09-2016,43.72,43.8,43.53,43.64,8656580,KO
08-09-2016,43.67,43.73,43.45,43.63,10020425,KO
09-09-2016,43.43,43.43,42.27,42.27,23624237,KO
12-09-2016,42.36,43.23,42.34,43.19,15932296,KO
13-09-2016,42.77,42.77,42.21,42.28,12962720,KO
14-09-2016,42.27,42.41,41.99,42.11,9823933,KO
15-09-2016,42.01,42.39,41.88,42.36,10244620,KO
16-09-2016,42.17,42.26,41.96,42.14,16353971,KO
19-09-2016,42.16,42.37,42.08,42.1,7659863,KO
20-09-2016,42.31,42.53,42.24,42.34,8407163,KO
21-09-2016,42.28,42.61,42.1,42.53,13654653,KO
22-09-2016,42.71,43.01,42.69,42.96,9288268,KO
23-09-2016,42.81,42.94,42.65,42.74,8852719,KO
26-09-2016,42.71,42.72,42.01,42.05,15036043,KO
27-09-2016,42.19,42.63,42,42.59,11920432,KO
28-09-2016,42.63,42.76,42.03,42.15,15523783,KO
29-09-2016,42.02,42.39,41.85,42.03,12671673,KO
30-09-2016,42.21,42.5,42.06,42.32,14375702,KO
03-10-2016,42.31,42.31,41.88,42.03,11152793,KO
04-10-2016,42.34,42.34,41.78,41.84,13682703,KO
05-10-2016,41.93,42.07,41.67,41.81,9607263,KO
06-10-2016,41.68,41.94,41.58,41.71,9722878,KO
07-10-2016,41.83,41.94,41.56,41.73,8122809,KO
10-10-2016,41.92,41.99,41.6,41.73,8983623,KO
11-10-2016,41.66,41.7,41.4,41.54,12249060,KO
12-10-2016,41.63,41.84,41.5,41.78,12216588,KO
13-10-2016,41.65,41.89,41.51,41.76,17655643,KO
14-10-2016,41.85,41.9,41.62,41.67,9893840,KO
17-10-2016,41.73,41.86,41.57,41.6,10792512,KO
18-10-2016,41.81,42,41.73,41.97,11297333,KO
19-10-2016,41.93,42.12,41.81,42.05,16367383,KO
20-10-2016,41.97,42.11,41.89,41.93,10620494,KO
21-10-2016,41.85,42.17,41.68,42.13,14401515,KO
24-10-2016,42.32,42.77,42.25,42.56,13439196,KO
25-10-2016,42.64,42.88,42.43,42.54,16484713,KO
26-10-2016,43,43.03,42.41,42.44,16886249,KO
27-10-2016,42.63,42.64,41.9,42.12,14537030,KO
28-10-2016,42.26,42.47,42.1,42.23,13398353,KO
31-10-2016,42.12,42.41,42.12,42.4,13327475,KO
01-11-2016,42.4,42.42,41.91,42.12,12223368,KO
02-11-2016,42.1,42.34,42.01,42.05,12034271,KO
03-11-2016,42.22,42.22,41.96,42.03,11257978,KO
04-11-2016,41.85,42.04,41.69,41.69,14464185,KO
07-11-2016,42.04,42.5,42.04,42.46,14038532,KO
08-11-2016,42.37,42.98,42.37,42.88,12036581,KO
09-11-2016,41.76,42.32,41.7,42.27,21350962,KO
10-11-2016,41.86,42.26,40.86,40.94,33245534,KO
11-11-2016,40.95,41.13,40.63,41.03,13420962,KO
14-11-2016,41.13,41.42,40.85,41.17,19514172,KO
15-11-2016,41.18,41.52,41.17,41.44,16553962,KO
16-11-2016,41.4,41.65,41.16,41.26,12681351,KO
17-11-2016,41.28,41.3,41,41.12,12398821,KO
18-11-2016,41.03,41.2,40.9,40.91,16345262,KO
21-11-2016,40.74,41.36,40.73,41.36,12307041,KO
22-11-2016,41.45,41.7,41.24,41.37,12743512,KO
23-11-2016,41.22,41.31,41.03,41.12,9294081,KO
25-11-2016,41.39,41.58,41.24,41.53,7402652,KO
28-11-2016,41.51,41.79,41.27,41.75,19424412,KO
29-11-2016,41.52,41.52,41.14,41.15,11421921,KO
30-11-2016,41,41.2,40.35,40.35,22410367,KO
01-12-2016,40.31,40.39,39.88,40.17,20409864,KO
02-12-2016,40.3,40.5,40.19,40.36,11176301,KO
05-12-2016,40.34,40.69,40.31,40.62,15977847,KO
06-12-2016,40.75,40.77,40.42,40.57,11303492,KO
07-12-2016,40.54,41.29,40.51,41.29,13726520,KO
08-12-2016,41.07,41.21,40.84,40.98,13077139,KO
09-12-2016,41.5,42.22,41.29,42,28125775,KO
12-12-2016,42,42.01,41.72,41.9,17561900,KO
13-12-2016,41.72,41.96,41.54,41.76,18985974,KO
14-12-2016,41.89,41.99,41.06,41.21,17937857,KO
15-12-2016,41.1,41.81,41.1,41.55,14265277,KO
16-12-2016,41.61,41.76,41.48,41.74,19675238,KO
19-12-2016,41.69,41.8,41.58,41.67,8687338,KO
20-12-2016,41.7,41.72,41.44,41.66,10603483,KO
21-12-2016,41.6,41.83,41.52,41.57,9693613,KO
22-12-2016,41.57,41.62,41.08,41.55,11894113,KO
23-12-2016,41.62,41.69,41.35,41.6,6436556,KO
27-12-2016,41.56,41.76,41.54,41.61,6999169,KO
28-12-2016,41.49,41.67,41.39,41.39,8987984,KO
29-12-2016,41.38,41.69,41.38,41.6,6875301,KO
30-12-2016,41.69,41.84,41.35,41.46,11470194,KO
03-01-2017,41.5,41.81,41.28,41.8,14711049,KO
04-01-2017,41.88,41.97,41.59,41.65,9959402,KO
05-01-2017,41.66,41.86,41.52,41.75,8968258,KO
06-01-2017,41.7,41.81,41.54,41.74,10247235,KO
09-01-2017,41.23,41.58,41.21,41.32,14822501,KO
10-01-2017,41.44,41.44,40.86,41.04,19706782,KO
11-01-2017,40.85,41.12,40.83,41.05,9266213,KO
12-01-2017,41.01,41.04,40.8,40.95,8541181,KO
13-01-2017,41,41.04,40.69,40.88,8123494,KO
17-01-2017,40.84,41.3,40.8,41.22,12469432,KO
18-01-2017,41.25,41.38,41.14,41.29,10390485,KO
19-01-2017,41.14,41.29,41.03,41.14,10987072,KO
20-01-2017,41.27,41.44,41.13,41.32,14695409,KO
23-01-2017,41.31,41.5,41.21,41.43,11628909,KO
24-01-2017,41.47,41.97,41.47,41.9,17040102,KO
25-01-2017,41.94,42.25,41.9,42.12,12538163,KO
26-01-2017,42.03,42.11,41.79,41.81,8977135,KO
27-01-2017,41.91,41.95,41.42,41.45,12967361,KO
30-01-2017,41.3,41.48,41.2,41.38,11626225,KO
31-01-2017,41.39,41.68,41.36,41.57,12677977,KO
01-02-2017,41.52,41.66,41.25,41.26,11136077,KO
02-02-2017,41.41,41.49,41.25,41.4,9459722,KO
03-02-2017,41.58,41.79,41.46,41.54,11882373,KO
06-02-2017,41.53,41.67,41.4,41.56,15742824,KO
07-02-2017,41.7,41.98,41.67,41.9,13315185,KO
08-02-2017,41.91,42.15,41.84,42.02,14219667,KO
09-02-2017,41.52,41.68,40.72,41.25,27240268,KO
10-02-2017,41.02,41.2,40.55,40.58,28847307,KO
13-02-2017,40.77,40.83,40.5,40.62,23617075,KO
14-02-2017,40.38,40.6,40.22,40.53,32177836,KO
15-02-2017,40.42,40.63,40.4,40.44,26600788,KO
16-02-2017,40.55,41.28,40.5,41.2,22214839,KO
17-02-2017,41.13,41.36,41.05,41.23,15065148,KO
21-02-2017,41.2,41.5,41.2,41.46,17072551,KO
22-02-2017,41.51,41.68,41.4,41.6,11186823,KO
23-02-2017,41.68,42,41.62,41.66,12856844,KO
24-02-2017,41.7,41.91,41.6,41.78,13215306,KO
27-02-2017,41.75,41.75,41.58,41.67,12186364,KO
28-02-2017,41.68,42.07,41.64,41.96,15946816,KO
01-03-2017,42.01,42.35,41.88,42.16,14662016,KO
02-03-2017,42.08,42.56,42.07,42.47,15507623,KO
03-03-2017,42.44,42.49,42.25,42.48,11743030,KO
06-03-2017,42.34,42.43,42.12,42.18,16307783,KO
07-03-2017,42,42.24,41.95,41.99,11273704,KO
08-03-2017,42,42.02,41.74,41.99,14641689,KO
09-03-2017,42.09,42.11,41.92,42.03,14496447,KO
10-03-2017,42.23,42.4,42.15,42.29,16369676,KO
13-03-2017,41.92,42.12,41.84,42.03,12831543,KO
14-03-2017,41.98,42.1,41.83,41.97,9844453,KO
15-03-2017,41.98,42.28,41.97,42.12,22757762,KO
16-03-2017,42.03,42.39,41.9,42.25,16004192,KO
17-03-2017,42.28,42.35,42.01,42.03,37526506,KO
20-03-2017,42.1,42.34,42.07,42.18,11484233,KO
21-03-2017,42.31,42.63,42.21,42.5,17187257,KO
22-03-2017,42.56,42.7,42.25,42.38,11605453,KO
23-03-2017,42.21,42.39,42.06,42.17,11503322,KO
24-03-2017,42.23,42.25,41.91,42.12,13804411,KO
27-03-2017,42.11,42.34,42.05,42.32,12387364,KO
28-03-2017,42.24,42.56,42.24,42.43,14123756,KO
29-03-2017,42.51,42.52,42.29,42.42,9580060,KO
30-03-2017,42.35,42.62,42.26,42.6,11999910,KO
31-03-2017,42.55,42.65,42.43,42.44,11551767,KO
03-04-2017,42.58,42.62,42.27,42.41,11240037,KO
04-04-2017,42.51,42.69,42.37,42.68,10946230,KO
05-04-2017,42.65,42.86,42.53,42.57,10142817,KO
06-04-2017,42.58,42.76,42.47,42.67,14597765,KO
07-04-2017,42.64,42.74,42.51,42.61,11028772,KO
10-04-2017,42.73,42.8,42.56,42.69,9426908,KO
11-04-2017,42.68,42.75,42.52,42.66,8909379,KO
12-04-2017,42.54,42.99,42.51,42.94,13417205,KO
13-04-2017,42.87,43.08,42.78,42.79,9891941,KO
17-04-2017,42.79,43.07,42.78,43.07,11318086,KO
18-04-2017,43.11,43.59,43.09,43.48,13181590,KO
19-04-2017,43.74,43.79,43.19,43.23,13893062,KO
20-04-2017,43.2,43.3,43.05,43.09,10838274,KO
21-04-2017,42.98,43.1,42.89,43.07,13833772,KO
24-04-2017,43.24,43.43,43.15,43.28,16703800,KO
25-04-2017,42.85,43.43,42.82,43.11,18745112,KO
26-04-2017,43.06,43.43,42.98,43.24,13626625,KO
27-04-2017,43.17,43.28,42.92,43.01,10386244,KO
28-04-2017,42.96,43.2,42.85,43.15,10337768,KO
01-05-2017,43.15,43.5,43.1,43.22,13208246,KO
02-05-2017,43.22,43.44,43.16,43.39,11823916,KO
03-05-2017,43.33,43.48,43.15,43.32,10389027,KO
04-05-2017,43.42,43.81,43.4,43.66,10193084,KO
05-05-2017,43.79,43.84,43.56,43.69,8133039,KO
08-05-2017,43.59,43.91,43.54,43.89,14284342,KO
09-05-2017,43.89,43.89,43.38,43.51,8694355,KO
10-05-2017,43.48,43.62,43.36,43.57,7597653,KO
11-05-2017,43.49,43.68,43.43,43.67,6860135,KO
12-05-2017,43.64,43.68,43.46,43.59,7275825,KO
15-05-2017,43.46,43.76,43.46,43.73,8493046,KO
16-05-2017,43.87,44.11,43.77,43.85,10454121,KO
17-05-2017,43.81,44.16,43.71,43.93,14538754,KO
18-05-2017,43.87,43.96,43.64,43.8,13832197,KO
19-05-2017,43.85,44,43.76,43.9,11796762,KO
22-05-2017,43.89,44.22,43.81,44.18,12857913,KO
23-05-2017,44.25,44.6,44.21,44.39,11996138,KO
24-05-2017,44.51,45.09,44.51,45.03,12872039,KO
25-05-2017,45,45.48,44.97,45.41,16704206,KO
26-05-2017,45.35,45.56,45.33,45.39,11341383,KO
30-05-2017,45.16,45.46,45.11,45.43,13093537,KO
31-05-2017,45.43,45.7,45.37,45.47,14148040,KO
01-06-2017,45.45,45.79,45.23,45.79,11049283,KO
02-06-2017,45.83,45.89,45.6,45.89,9923724,KO
05-06-2017,45.78,45.99,45.69,45.99,10015163,KO
06-06-2017,45.9,46.06,45.78,45.98,9836725,KO
07-06-2017,45.5,45.7,45.35,45.51,12776279,KO
08-06-2017,45.39,45.51,45.03,45.13,12878998,KO
09-06-2017,45.06,45.35,44.97,45.32,9358824,KO
12-06-2017,45.35,45.48,45.15,45.33,11228502,KO
13-06-2017,45,45.11,44.8,45.03,10023358,KO
14-06-2017,45.18,45.47,45.16,45.3,11497520,KO
15-06-2017,45.18,45.34,45.04,45.25,9908718,KO
16-06-2017,45.31,45.35,45.01,45.31,27025333,KO
19-06-2017,45.35,45.38,45.1,45.38,7624663,KO
20-06-2017,45.35,45.86,45.32,45.61,14920858,KO
21-06-2017,45.62,45.68,45.16,45.22,9515844,KO
22-06-2017,45.17,45.28,45.03,45.07,7446300,KO
23-06-2017,45.05,45.38,45.03,45.25,9544792,KO
26-06-2017,45.32,45.51,45.3,45.43,7747057,KO
27-06-2017,45.34,45.4,45,45.05,11432191,KO
28-06-2017,45.25,45.5,45.23,45.32,9218750,KO
29-06-2017,45.13,45.24,44.65,44.83,9283457,KO
30-06-2017,44.89,45.12,44.85,44.85,9352785,KO
03-07-2017,45.11,45.27,44.76,44.76,6434460,KO
05-07-2017,44.79,44.99,44.73,44.82,6853558,KO
06-07-2017,44.72,44.85,44.29,44.4,13113019,KO
07-07-2017,44.47,44.52,44.24,44.39,9566044,KO
10-07-2017,44.45,44.58,44.23,44.38,9671953,KO
11-07-2017,44.32,44.48,44.15,44.33,10300706,KO
12-07-2017,44.59,44.77,44.44,44.51,7737362,KO
13-07-2017,44.49,44.52,44.37,44.43,6371855,KO
14-07-2017,44.52,44.72,44.5,44.68,8558718,KO
17-07-2017,44.66,44.78,44.61,44.73,7189214,KO
18-07-2017,44.78,44.85,44.62,44.67,9037162,KO
19-07-2017,44.67,44.84,44.54,44.83,6986937,KO
20-07-2017,44.9,44.98,44.75,44.82,7430262,KO
21-07-2017,44.78,45.07,44.67,45.03,8545560,KO
24-07-2017,45.04,45.04,44.83,44.84,9103586,KO
25-07-2017,45.02,45.29,44.94,45.24,14096307,KO
26-07-2017,44.55,45.79,44.31,45.74,13608926,KO
27-07-2017,45.8,46.42,45.7,46.12,15195172,KO
28-07-2017,46,46.12,45.73,46.01,11945270,KO
31-07-2017,46,46.12,45.79,45.84,13622891,KO
01-08-2017,45.97,46.06,45.64,45.7,10306810,KO
02-08-2017,45.6,46,45.38,45.59,10187921,KO
03-08-2017,45.65,45.95,45.63,45.67,14261400,KO
04-08-2017,45.67,45.76,45.47,45.5,9523593,KO
07-08-2017,45.52,45.76,45.5,45.64,6226315,KO
08-08-2017,45.64,45.82,45.54,45.6,5747919,KO
09-08-2017,45.56,45.66,45.32,45.59,9635260,KO
10-08-2017,45.56,45.84,45.46,45.74,8901554,KO
11-08-2017,45.86,45.9,45.57,45.59,8357607,KO
14-08-2017,45.67,45.94,45.62,45.8,8421179,KO
15-08-2017,45.8,46.25,45.8,46.19,9638061,KO
16-08-2017,46.15,46.34,46.12,46.2,8087313,KO
17-08-2017,46.12,46.33,45.85,45.86,8476994,KO
18-08-2017,45.8,45.9,45.63,45.67,10879794,KO
21-08-2017,45.67,45.8,45.56,45.68,9429736,KO
22-08-2017,45.7,45.75,45.54,45.6,10536716,KO
23-08-2017,45.63,45.66,45.44,45.54,6528402,KO
24-08-2017,45.54,45.61,45.31,45.41,7534364,KO
25-08-2017,45.6,45.76,45.56,45.57,8807143,KO
28-08-2017,45.63,45.69,45.38,45.42,8024028,KO
29-08-2017,45.4,45.57,45.25,45.45,7762162,KO
30-08-2017,45.36,45.54,45.29,45.39,7134910,KO
31-08-2017,45.4,45.65,45.34,45.55,14264572,KO
01-09-2017,45.64,45.8,45.54,45.78,7391249,KO
05-09-2017,45.75,45.93,45.65,45.92,10463902,KO
06-09-2017,45.98,46.04,45.79,45.96,9238867,KO
07-09-2017,46.01,46.32,45.96,46.28,9418365,KO
08-09-2017,46.19,46.37,46.02,46.3,10534915,KO
11-09-2017,46.35,46.59,46.22,46.52,10430254,KO
12-09-2017,46.5,46.75,46.45,46.72,8567619,KO
13-09-2017,46.68,46.98,46.65,46.87,10217985,KO
14-09-2017,46.4,46.46,45.94,46.11,13768837,KO
15-09-2017,46.3,46.36,46,46.18,16141413,KO
18-09-2017,46.15,46.24,45.91,46.11,8535331,KO
19-09-2017,46.14,46.19,45.89,45.98,7297932,KO
20-09-2017,45.76,46.14,45.55,45.78,11026594,KO
21-09-2017,45.71,45.79,45.36,45.4,7555292,KO
22-09-2017,45.45,45.63,45.37,45.49,8024827,KO
25-09-2017,45.5,45.76,45.35,45.69,9215326,KO
26-09-2017,45.69,45.87,45.56,45.57,6480138,KO
27-09-2017,45.47,45.5,44.38,44.64,14642578,KO
28-09-2017,44.67,45,44.65,44.91,8789517,KO
29-09-2017,44.86,45.11,44.79,45.01,10082221,KO
02-10-2017,45.05,45.26,44.74,44.8,10707763,KO
03-10-2017,44.86,45.26,44.76,45.19,12038102,KO
04-10-2017,45.11,45.56,44.94,45.5,14060338,KO
05-10-2017,45.51,45.74,45.5,45.52,10215323,KO
06-10-2017,45.39,45.52,45.28,45.49,5437871,KO
09-10-2017,45.55,45.65,45.34,45.41,5268348,KO
10-10-2017,45.6,45.9,45.52,45.87,6310445,KO
11-10-2017,45.88,46.1,45.87,46.05,599515,KO
12-10-2017,45.98,46.14,45.94,46.11,7710216,KO
13-10-2017,46.25,46.38,46.15,46.18,7126020,KO
16-10-2017,46.12,46.75,46.1,46.62,12708563,KO
17-10-2017,46.53,46.63,46.31,46.52,7699367,KO
18-10-2017,46.41,46.54,46.24,46.4,6272155,KO
19-10-2017,46.37,46.79,46.32,46.59,7515545,KO
20-10-2017,46.58,46.59,46.28,46.38,9646790,KO
23-10-2017,46.38,46.65,46.23,46.32,7153607,KO
24-10-2017,46.26,46.29,45.95,46.18,9539484,KO
25-10-2017,46.37,46.76,45.93,46.05,11994174,KO
26-10-2017,46.32,46.75,46.22,46.23,10569064,KO
27-10-2017,46.13,46.33,45.91,46.07,9987969,KO
30-10-2017,46,46.07,45.82,45.86,7201867,KO
31-10-2017,45.92,46.17,45.84,45.98,6560545,KO
01-11-2017,45.75,46.09,45.63,45.8,7067635,KO
02-11-2017,45.81,45.95,45.74,45.88,8317810,KO
03-11-2017,45.97,46.16,45.92,45.97,4730358,KO
06-11-2017,45.91,45.92,45.42,45.47,7451311,KO
07-11-2017,45.41,45.95,45.31,45.94,9868033,KO
08-11-2017,45.98,46.19,45.87,46.18,7586867,KO
09-11-2017,46.12,46.38,46.02,46.23,6532379,KO
10-11-2017,46.2,46.64,46.14,46.54,8022885,KO
13-11-2017,46.6,46.82,46.54,46.72,7653580,KO
14-11-2017,46.71,47.48,46.62,47.43,17200736,KO
15-11-2017,47.32,47.46,46.78,46.81,12419146,KO
16-11-2017,46.95,46.98,46.51,46.55,12506380,KO
17-11-2017,46.34,46.38,45.25,45.71,19720707,KO
20-11-2017,45.65,45.88,45.42,45.46,19160872,KO
21-11-2017,45.56,45.95,45.54,45.78,10280791,KO
22-11-2017,45.89,45.93,45.54,45.84,8434404,KO
24-11-2017,45.89,46.04,45.86,45.88,2996338,KO
27-11-2017,45.88,45.99,45.81,45.9,5649156,KO
28-11-2017,45.99,46.15,45.78,45.83,8432783,KO
29-11-2017,45.77,45.82,45.21,45.5,16502110,KO
30-11-2017,45.14,45.84,45.03,45.77,17147588,KO
01-12-2017,45.8,46.02,45.21,45.97,12468785,KO
04-12-2017,45.99,46.38,45.77,46.23,17523581,KO
05-12-2017,46.25,46.44,46.06,46.26,13670758,KO
06-12-2017,46.36,46.48,46.26,46.45,8153957,KO
07-12-2017,46.29,46.32,45.72,45.78,9106494,KO
08-12-2017,45.7,45.73,45.05,45.31,13238583,KO
11-12-2017,45.3,45.41,44.92,45.33,9698673,KO
12-12-2017,45.29,45.52,45.06,45.29,13999340,KO
13-12-2017,45.45,46.05,45.4,45.9,12418663,KO
14-12-2017,45.81,46.17,45.8,46.03,9028977,KO
15-12-2017,46.29,46.42,46.04,46.19,21181606,KO
18-12-2017,46.2,46.38,45.91,45.93,10156757,KO
19-12-2017,46.04,46.38,45.91,46.13,8253158,KO
20-12-2017,46.21,46.3,45.96,46.08,7310961,KO
21-12-2017,46.14,46.22,45.56,45.6,9657134,KO
22-12-2017,45.69,45.73,45.55,45.59,5406307,KO
26-12-2017,45.7,45.86,45.61,45.81,6100436,KO
27-12-2017,45.9,45.94,45.72,45.93,5660633,KO
28-12-2017,45.91,45.99,45.64,45.72,6538851,KO
